date,side,gross_bp,exit
2021-10-25,1,-75.48798778024417,time
2021-11-01,1,174.70877224288552,time
2021-11-08,1,209.52537542475073,time
2021-11-15,1,-307.4354610995098,time
2021-12-22,1,64.98042824985323,time
2021-12-30,1,-142.5077395969895,time
2022-01-10,1,97.29807735002872,time
2022-01-17,1,132.42011642416168,time
2022-01-24,1,-251.66820376498603,time
2022-02-04,1,297.9344831782636,time
2022-02-11,1,196.869426956876,time
2022-02-18,1,-41.40568617018422,time
2022-02-25,1,413.9269901556789,time
2022-03-04,1,84.01568563707644,time
2022-03-11,1,-328.07447033578194,time
2022-03-18,1,181.91855590102583,time
2022-03-25,1,-164.14154330901945,time
2022-04-11,1,-24.406467458043295,time
2022-04-19,1,-223.47830101096187,time
2022-06-07,1,-232.86702337308995,time
2022-06-16,1,-180.2350001615493,time
2022-12-01,1,-76.75967676633178,time
2022-12-09,1,-24.378840502271512,time
2022-12-16,1,32.02660328300586,time
2022-12-23,1,230.70077864293668,time
2023-01-03,1,205.38413029769268,time
2023-01-10,1,165.50717535130954,time
2023-01-17,1,152.01773278206593,time
2023-01-24,1,-49.13954184603623,time
2023-01-31,1,-279.6422902553136,time
2023-03-10,1,624.6654247232395,time
2023-03-17,1,-40.055826233291405,time
2023-03-24,1,-40.31809306043175,time
2023-03-31,1,115.04411294132035,time
2023-04-10,1,16.62097154851187,time
2023-04-17,1,-27.171052301769492,time
2023-04-24,1,-38.605574685197865,time
2023-05-01,1,199.0745179570757,time
2023-05-08,1,-25.97569664344522,time
2023-05-15,1,-218.56568131873559,time
2023-06-15,1,-229.58506139293544,time
2023-07-12,1,98.17041403193362,time
2023-07-19,1,-24.784526362642453,time
2023-07-26,1,-188.98252659547603,time
2023-08-02,1,-105.74353832557128,time
2023-08-30,1,-137.74218122670834,time
2023-09-07,1,-48.96930041623834,time
2023-09-15,1,9.566492320809814,time
2023-09-22,1,-395.2795005246161,time
2023-10-13,1,262.49235584945995,time
2023-10-20,1,126.24796109542831,time
2023-10-27,1,-64.43151159717375,time
2023-11-03,1,-277.7680180293223,time
2023-11-10,1,223.286886219198,time
2023-11-20,1,184.3788717793119,time
2023-11-27,1,79.1991697742194,time
2023-12-04,1,-238.29229602041468,time
2023-12-11,1,230.63452250579132,time
2023-12-18,1,195.29496495148527,time
