date,signal_day,side,eur_bp,usdcad_bp,bruto_bp,z40
2021-03-09,2021-03-08,1,7.9076653879806,20.368858630610553,28.276524018591154,-1.9125
2021-03-26,2021-03-25,1,6.959473795884463,18.61205010936562,25.571523905250082,-1.8965
2021-03-29,2021-03-26,1,-11.711688774600493,0.15879317189382292,-11.55289560270667,-1.5306
2021-03-30,2021-03-29,1,-12.276110178089938,4.35353903145641,-7.922571146633528,-1.6558
2021-03-31,2021-03-30,1,7.161674808811025,-17.859836007018124,-10.6981611982071,-2.2116
2021-04-01,2021-03-31,1,17.018090229914407,-24.004451156506292,-6.986360926591885,-1.6404
2021-04-26,2021-04-23,-1,-8.694140149538843,28.92960462873684,20.235464479197997,2.0903
2021-04-27,2021-04-26,-1,-2.3180534973632483,-6.369375398087573,-8.687428895450822,2.3781
2021-04-28,2021-04-27,-1,-21.13393944919162,43.17510531497648,22.04116586578486,2.1678
2021-04-29,2021-04-28,-1,13.930791170023715,-7.895100967758584,6.0356902022651315,2.6093
2021-04-30,2021-04-29,-1,50.00289751889597,-10.263093589639727,39.73980392925624,2.6198
2021-05-03,2021-04-30,-1,-10.291993824802503,8.78984935174798,-1.502144473054523,1.8633
2021-05-04,2021-05-03,-1,2.245695749812926,11.927461560307107,14.173157310120033,1.9907
2021-05-07,2021-05-06,-1,-26.230481799511818,3.782397053018194,-22.448084746493624,2.0476
2021-05-10,2021-05-07,-1,8.875447881397935,24.60024600245969,33.47569388385763,2.4991
2021-05-11,2021-05-10,-1,4.275928986687827,16.6815313976143,20.957460384302127,2.3907
2021-05-12,2021-05-11,-1,12.57216588641974,-2.808199943835632,9.763965942584107,2.2083
2021-05-13,2021-05-12,-1,13.40737736801767,-41.54131465073263,-28.13393728271496,1.7561
2021-05-17,2021-05-14,-1,-13.671328095403723,48.84286951858496,35.17154142318124,1.7525
2021-05-18,2021-05-17,-1,0.6544877406255978,-25.519958769057993,-24.865471028432395,1.8444
2021-05-19,2021-05-18,-1,18.34351507607468,-21.859009389437745,-3.515494313363064,1.9537
2021-05-21,2021-05-20,-1,13.695035344670758,-32.05926811846949,-18.364232773798733,1.7265
2021-05-25,2021-05-24,-1,7.831300730106738,-4.151996279810888,3.6793044502958505,1.5753
2021-05-26,2021-05-25,-1,33.1263956027783,-15.205480584088438,17.920915018689865,1.5626
2021-06-18,2021-06-17,1,-11.439049213143315,50.42750238399174,38.98845317084842,-2.3045
2021-06-21,2021-06-18,1,21.620439307135086,-44.44587587361881,-22.825436566483724,-2.7421
2021-06-22,2021-06-21,1,43.491062039959786,-51.22661525181815,-7.735553211858367,-2.1051
2021-06-23,2021-06-22,1,-10.1268789126574,16.0482261415007,5.921347228843299,-1.7069
2021-06-24,2021-06-23,1,-14.143087879624483,16.51158250910889,2.368494629484408,-1.6701
2021-06-25,2021-06-24,1,-24.499147128665967,8.544504662857388,-15.954642465808579,-1.6799
2021-06-28,2021-06-25,1,5.4557205328120695,3.891429127347301,9.34714966015937,-1.561
2021-06-29,2021-06-28,1,9.169835447724317,12.929501890939221,22.09933733866354,-1.6671
2021-06-30,2021-06-29,1,-21.047845963443336,16.710528440189165,-4.337317523254171,-1.9414
2021-07-01,2021-06-30,1,-23.326512223260654,44.437980738156746,21.111468514896092,-2.0886
2021-07-02,2021-07-01,1,17.047132790413144,-48.12583776101831,-31.078704970605166,-2.0705
2021-07-07,2021-07-06,1,-3.6377787553709684,8.197380053041048,4.5596012976700795,-1.8726
2021-07-08,2021-07-07,1,-2.026855839878383,-44.76567593785341,-46.792531777731796,-1.8437
2021-07-09,2021-07-08,1,7.080481472738764,-7.934472477799659,-0.8539910050608945,-1.7826
2021-07-14,2021-07-13,1,2.2832208635636952,45.280837534924515,47.564058398488214,-1.6625
2021-07-16,2021-07-15,1,8.558814307626506,7.785006712583975,16.34382102021048,-1.6571
2021-07-19,2021-07-16,1,20.726268846888996,-1.2544100352818166,19.471858811607177,-1.5516
2021-07-20,2021-07-19,1,10.024381334261534,-43.547730192047275,-33.52334885778574,-1.8816
2021-07-21,2021-07-20,1,23.538209226638962,-95.06678342918961,-71.52857420255066,-1.6279
2021-08-18,2021-08-17,1,11.176044021667941,4.678418218870828,15.85446224053877,-1.5871
2021-08-19,2021-08-18,1,-20.16956105565404,50.73992455671083,30.570363501056793,-1.6081
2021-08-20,2021-08-19,1,23.22472276022891,-47.51017244720046,-24.28544968697155,-2.7723
2021-08-23,2021-08-20,1,9.545888449475903,-54.003065676216934,-44.45717722674103,-2.5838
2021-09-20,2021-09-17,1,15.887930298112973,-52.90225493922329,-37.01432464111032,-1.6511
2021-09-21,2021-09-20,1,-11.667915786606198,31.961646024771806,20.293730238165608,-2.1494
2021-09-22,2021-09-21,1,12.533144625668236,-59.07034528023214,-46.537200654563904,-1.8649
2021-09-23,2021-09-22,1,14.580366811334233,-18.944775978023685,-4.364409166689452,-1.7788
2021-09-30,2021-09-29,1,-13.551188102575162,-40.372622021144224,-53.923810123719385,-2.0977
2021-10-01,2021-09-30,1,-6.720893361825686,-39.50854835657158,-46.22944171839727,-1.562
2021-10-21,2021-10-20,-1,13.742870885727898,-35.83648186284982,-22.093610977121926,1.6752
2021-10-29,2021-10-28,-1,74.28973856882793,-16.834063079176342,57.45567548965158,1.5669
2021-11-12,2021-11-11,1,-0.8733853288733773,-33.66495430617622,-34.538339635049596,-1.8832
2021-11-15,2021-11-12,1,-50.945061474872986,-13.647028778471793,-64.59209025334478,-1.5679
2021-11-16,2021-11-15,1,-29.39287002895363,18.272928935063604,-11.119941093890027,-1.7707
2021-11-17,2021-11-16,1,0.17673933598860714,28.945171166157024,29.12191050214563,-2.4295
2021-11-18,2021-11-17,1,31.586934655631893,-3.7266982246642044,27.86023643096769,-2.5847
2021-11-19,2021-11-18,1,-0.1771761662616722,9.574905833571457,9.397729667309784,-1.9417
2021-11-22,2021-11-19,1,-35.02331932400682,42.56026074092922,7.536941416922403,-2.5025
2021-11-23,2021-11-22,1,-3.020986974214823,-22.622301819209547,-25.643288793424368,-2.6793
2021-11-24,2021-11-23,1,-8.745236969152081,-31.566600804515677,-40.31183777366776,-2.2782
2021-11-25,2021-11-24,1,-10.694710574395971,-19.960867232617918,-30.65557780701389,-2.2786
2021-11-26,2021-11-25,1,22.861396140143597,-1.4889231950721005,21.372472945071497,-2.0139
2021-11-29,2021-11-26,1,-9.931543290887523,18.285696347570823,8.3541530566833,-1.8802
2021-11-30,2021-11-29,1,-50.22429413316986,18.548229309331976,-31.676064823837887,-1.8877
2021-12-01,2021-11-30,1,-5.030003529826743,45.96330778944946,40.933304259622716,-1.6658
2021-12-02,2021-12-01,1,-24.790690698640596,-5.8507816644293165,-30.641472363069912,-1.694
2021-12-03,2021-12-02,1,15.831741314653591,47.85963263227888,63.69137394693247,-1.6243
2021-12-06,2021-12-03,1,-5.40387307099488,-24.92732785296825,-30.33120092396313,-1.5401
2022-01-10,2022-01-07,-1,-6.451669921960779,-16.59121613614367,-23.04288605810445,1.5662
2022-01-12,2022-01-11,-1,-56.60891502509591,17.803680491795816,-38.805234533300094,2.3096
2022-01-13,2022-01-12,-1,1.5703517587928317,-13.070952014371251,-11.50060025557842,3.3254
2022-01-14,2022-01-13,-1,30.589325199487092,-39.386749115197794,-8.797423915710702,3.1655
2022-01-17,2022-01-14,-1,-10.706168332557109,11.412336496333664,0.7061681637765549,2.113
2022-01-18,2022-01-17,-1,41.22460819042328,-18.221632594346282,23.002975596077,2.1339
2022-01-19,2022-01-18,-1,-2.027289073793792,-23.91269459155909,-25.939983665352884,1.5501
2022-01-20,2022-01-19,-1,25.46906257986703,21.865363822034524,47.33442640190155,1.6926
2022-01-31,2022-01-28,1,57.46869209492189,-40.79455235823981,16.67413973668208,-1.5241
2022-02-25,2022-02-24,1,24.219327379415567,-19.747513929050385,4.4718134503651825,-2.1139
2022-03-02,2022-03-01,1,28.29619082806767,-47.417629591122164,-19.121438763054496,-1.82
2022-03-04,2022-03-03,1,-4.116393307659338,-15.689104701239742,-19.80549800889908,-1.8673
2022-03-07,2022-03-04,1,-22.830631555784684,62.734369472419175,39.90373791663449,-2.7484
2022-03-08,2022-03-07,1,15.976200969589627,45.80794939312405,61.784150362713675,-3.0098
2022-03-09,2022-03-08,1,59.46860166948564,-1.168633867008051,58.299967802477596,-2.6635
2022-03-10,2022-03-09,1,-95.05275202494002,-25.575847639905945,-120.62859966484596,-1.5448
2022-03-11,2022-03-10,1,-88.25266984776037,-7.072580391664918,-95.32525023942529,-1.6522
2022-03-14,2022-03-11,1,8.847700965948224,45.72046990918732,54.56817087513555,-1.7716
2022-03-15,2022-03-14,1,-46.48454911806876,-36.63060760046078,-83.11515671852953,-1.8009
2022-03-16,2022-03-15,1,-31.71458689251616,41.34932699047855,9.634740097962393,-1.6333
2022-04-25,2022-04-22,1,-32.85218378609844,1.567447255399479,-31.284736530698964,-1.7033
2022-04-26,2022-04-25,1,-24.079678437912698,26.400726999247226,2.3210485613345284,-2.1146
2022-04-27,2022-04-26,1,1.7978293576081938,-18.47521047708134,-16.677381119473146,-2.5748
2022-04-28,2022-04-27,1,-12.936118403531482,-38.223799959518075,-51.159918363049556,-2.8108
2022-04-29,2022-04-28,1,55.15929624345883,54.39475047487541,109.55404671833423,-2.6109
2022-05-02,2022-04-29,1,-24.897369621406096,1.4733936132271808,-23.423976008178915,-2.2435
2022-05-03,2022-05-02,1,-38.13579370712028,-4.5121087884991695,-42.64790249561945,-2.5492
2022-05-04,2022-05-03,1,19.731162905411992,-15.217374339605572,4.51378856580642,-2.1035
2022-05-06,2022-05-05,1,-34.08811920454835,56.2686555532177,22.18053634866935,-1.9101
2022-05-09,2022-05-06,1,-8.419817791357476,55.961918030884576,47.5421002395271,-1.814
2022-05-10,2022-05-09,1,-14.117602471054314,15.246954459349205,1.129351988294891,-1.8525
2022-05-11,2022-05-10,1,-2.9438018726379855,-21.441910866207834,-24.385712738845818,-1.8937
2022-05-12,2022-05-11,1,-47.48748057330388,24.421337183404557,-23.06614338989932,-1.7354
2022-05-13,2022-05-12,1,13.679099876697798,-42.2689999154624,-28.589900038764604,-2.1544
2022-05-16,2022-05-13,1,-5.944106226931645,-48.12490812165948,-54.069014348591125,-1.6641
2022-06-15,2022-06-14,1,-59.70521150786779,30.123739051179932,-29.581472456687855,-1.5395
2022-07-06,2022-07-05,1,25.080404827240166,3.6046814842083386,28.685086311448504,-2.0557
2022-07-07,2022-07-06,1,-22.00047143867345,-18.37811236024112,-40.37858379891457,-2.2097
2022-07-08,2022-07-07,1,11.916134051583871,-31.135165054814173,-19.219031003230302,-2.0326
2022-07-11,2022-07-08,1,-14.977187066057551,-29.802367291132946,-44.7795543571905,-1.8032
2022-07-12,2022-07-11,1,15.138688312335002,-38.03447641248847,-22.89578810015347,-2.1686
2022-07-13,2022-07-12,1,60.6678460415977,-62.210781159020016,-1.5429351174223171,-2.1076
2022-07-14,2022-07-13,1,5.89498925912979,-14.837924212449671,-8.942934953319881,-1.8003
2022-07-15,2022-07-14,1,27.76561442617842,-31.807685837933477,-4.042071411755057,-2.0879
2022-07-18,2022-07-15,1,23.49944213509092,-5.70419875278394,17.795243382306978,-1.6539
2022-08-22,2022-08-19,1,-70.98509313044232,52.34795996920782,-18.6371331612345,-1.5351
2022-08-23,2022-08-22,1,48.19860244219765,-48.360724950295975,-0.16212250809832796,-2.2409
2022-08-24,2022-08-23,1,30.09471279176168,-19.231065093309184,10.863647698452496,-1.6525
2022-08-25,2022-08-24,1,-6.820050949791767,10.984845554620204,4.164794604828437,-1.5977
2022-08-29,2022-08-26,1,-5.592729451714407,-15.436365311951583,-21.029094763665988,-1.7314
2022-08-31,2022-08-30,1,57.2641358321313,-3.809320645755676,53.454815186375626,-1.5287
2022-09-02,2022-09-01,1,-61.167877384848964,9.37192840761103,-51.795948977237934,-2.0499
2022-09-05,2022-09-02,1,16.637928426657123,-2.890657091999538,13.747271334657585,-1.6771
2022-09-06,2022-09-05,1,-20.767385124100812,14.846622964299616,-5.920762159801196,-1.8566
2022-09-07,2022-09-06,1,107.06811311407493,-43.52342606704362,63.54468704703131,-1.8853
2022-09-21,2022-09-20,1,-74.78050257341829,44.6248374220759,-30.15566515134239,-1.7002
2022-09-22,2022-09-21,1,-37.56885936487375,33.48114639445399,-4.087712970419766,-1.9503
2022-09-23,2022-09-22,1,-68.85951429449699,53.72802960222023,-15.131484692276757,-2.279
2022-09-26,2022-09-23,1,-48.99422013216914,59.6949412926584,10.700721160489259,-2.8028
2022-09-27,2022-09-26,1,-62.51619926390561,22.706033526078695,-39.81016573782692,-2.9249
2022-09-28,2022-09-27,1,146.70130737367114,-67.60994821675914,79.091359156912,-2.6212
2022-09-29,2022-09-28,1,85.17659190513172,8.967759809854758,94.14435171498647,-1.8667
2022-09-30,2022-09-29,1,33.07765568515863,49.2184030230014,82.29605870816003,-1.7751
2022-10-03,2022-09-30,1,31.132867705794265,-47.08386175128587,-15.950994045491608,-1.8129
2022-10-07,2022-10-06,1,-18.211209101511862,-9.466731720103594,-27.677940821615458,-1.5513
2022-10-10,2022-10-07,1,2.4702794503639325,28.160177423708355,30.630456874072287,-1.6118
2022-10-11,2022-10-10,1,19.731162905414212,-23.324928608279283,-3.5937657028650705,-1.6821
2022-10-12,2022-10-11,1,-5.777067106824685,-11.654252354375005,-17.431319461199692,-1.6815
2022-10-13,2022-10-12,1,164.39862257810356,-164.37413043790093,0.024492140202625023,-1.6507
2022-10-17,2022-10-14,1,97.30239616122071,-52.10147451526703,45.200921645953684,-1.5486
2022-11-09,2022-11-08,-1,19.34332406050343,-47.28694850480997,-27.94362444430654,1.5136
2022-11-11,2022-11-10,-1,-49.39541563961703,18.90387642437874,-30.491539215238287,2.3072
2022-11-14,2022-11-11,-1,-30.03177555607195,-5.422258370610944,-35.4540339266829,3.0686
2022-11-15,2022-11-14,-1,173.3960388468303,-59.677139123275325,113.71889972355497,2.7402
2022-11-16,2022-11-15,-1,17.42042906228147,-49.38029613099637,-31.9598670687149,2.551
2022-11-17,2022-11-16,-1,-30.95975232197956,40.06967338730627,9.109921065326706,2.2699
2022-11-18,2022-11-17,-1,44.60973706269411,-38.21913804602728,6.390599016666826,2.0395
2022-11-21,2022-11-18,-1,4.684160705744622,-2.0836589050365895,2.6005018007080327,1.6975
2022-11-24,2022-11-23,-1,3.3621194801214394,8.164549376797892,11.526668856919331,1.6843
2022-11-25,2022-11-24,-1,-31.251808553733884,-1.1962527382958221,-32.448061292029706,1.6738
2023-01-09,2023-01-06,-1,-16.87724369434651,-11.298420465852832,-28.175664160199343,1.9779
2023-01-10,2023-01-09,-1,-22.204392364675307,-6.338033420076883,-28.54242578475219,3.0698
2023-01-11,2023-01-10,-1,-4.930737098680638,-0.14896802401187514,-5.079705122692513,2.3651
2023-01-12,2023-01-11,-1,-44.236731294249324,5.539295311809411,-38.69743598243991,2.2918
2023-01-13,2023-01-12,-1,-17.388248134000417,11.33321900700257,-6.055029126997846,2.8588
2023-01-16,2023-01-13,-1,-0.647368907795709,-1.79136561772264,-2.438734525518349,2.3774
2023-01-17,2023-01-16,-1,52.520524468114836,2.239173595665056,54.759698063779894,2.0517
2023-01-18,2023-01-17,-1,49.973722304692544,-70.83931133428977,-20.86558902959723,1.9121
2023-01-20,2023-01-19,-1,-24.302571637142556,59.020920874847114,34.71834923770456,1.5815
2023-01-23,2023-01-20,-1,3.956642558753387,-10.25073139342636,-6.294088834672973,1.8848
2023-01-24,2023-01-23,-1,-1.103407690752345,4.112549257124787,3.009141566372442,1.8144
2023-01-25,2023-01-24,-1,-35.13709907374096,-11.514449138285698,-46.65154821202666,1.8675
2023-01-26,2023-01-25,-1,5.692773849967914,20.565206661631308,26.25798051159922,1.8907
2023-01-27,2023-01-26,-1,6.528915740203756,1.5026860513167595,8.031601791520515,1.811
2023-01-30,2023-01-27,-1,38.0036167693254,-19.567124232495736,18.43649253682966,1.7261
2023-02-01,2023-01-31,-1,2.0181449578471344,-45.857076273096986,-43.83893131524985,1.5041
2023-02-02,2023-02-01,-1,55.55403768567335,-22.14005467238156,33.41398301329179,2.0192
2023-02-23,2023-02-22,1,-14.522410720178014,15.213843120167603,0.6914323999895888,-1.6693
2023-02-24,2023-02-23,1,-10.890460903245636,6.758345086976814,-4.132115816268822,-1.5515
2023-02-27,2023-02-24,1,45.63054406376832,-4.1255037166376685,41.50504034713065,-1.9781
2023-02-28,2023-02-27,1,-20.34607160687041,20.465253239105863,0.11918163223545264,-1.5216
2023-03-01,2023-02-28,1,-21.083603515809067,-5.2858002848443775,-26.369403800653444,-1.9128
2023-03-03,2023-03-02,1,7.439565303375417,-2.571525134820174,4.868040168555243,-1.7908
2023-03-08,2023-03-07,1,3.415851448416163,32.98196162759615,36.39781307601231,-2.277
2023-03-09,2023-03-08,1,13.339135699688143,8.483301672006505,21.822437371694647,-2.2539
2023-03-10,2023-03-09,1,17.881679748528168,31.691698515494693,49.573378264022864,-2.0107
2023-03-13,2023-03-10,1,58.42806045057047,-35.002360117643015,23.425700332927455,-1.6317
2023-03-31,2023-03-30,-1,35.07386629695186,2.658690594881108,37.73255689183297,1.7143
2023-04-04,2023-04-03,-1,-41.464466236733614,-12.802477130458012,-54.26694336719163,2.081
2023-04-05,2023-04-04,-1,51.28813528386345,-5.279477703501456,46.00865758036199,2.1178
2023-04-06,2023-04-05,-1,-27.606067832051107,5.416515177373293,-22.18955265467781,1.7257
2023-04-07,2023-04-06,-1,-16.53393590344221,3.402819902058596,-13.131116001383614,1.7008
2023-04-12,2023-04-11,-1,-10.468630521065503,5.950565675650887,-4.5180648454146155,1.5509
2023-04-13,2023-04-12,-1,-14.137477910189933,41.57430006642815,27.436822156238218,2.0133
2023-04-14,2023-04-13,-1,36.809704706383116,-34.51043940792209,2.299265298461023,2.4427
2023-04-17,2023-04-14,-1,45.85107061794047,-24.15097725471327,21.700093363227204,1.9593
2023-04-19,2023-04-18,-1,-13.52771811160336,-11.906356506079518,-25.434074617682878,1.5583
2023-05-24,2023-05-23,1,-32.90479853921169,37.94702182323029,5.042223284018597,-1.7343
2023-05-25,2023-05-24,1,6.716919173073155,16.246655100420337,22.963574273493492,-2.5147
2023-05-26,2023-05-25,1,-12.84820497541972,1.6886063124532669,-11.159598662966452,-2.7227
2023-05-29,2023-05-26,1,-0.8401086540543723,-14.259463432562125,-15.099572086616497,-2.2922
2023-05-30,2023-05-29,1,-20.305135895383188,21.571399122419788,1.2662632270365997,-2.1198
2023-05-31,2023-05-30,1,-10.485615046857966,-42.302362920549896,-52.78797796740786,-1.9514
2023-06-01,2023-05-31,1,57.839115687574605,-77.2659513231888,-19.426835635614196,-1.9823
2023-06-16,2023-06-15,-1,19.887063374051106,16.504898472161635,36.39196184621274,2.2196
2023-06-19,2023-06-16,-1,2.930161433581935,-18.87493272488827,-15.944771291306337,2.1574
2023-06-20,2023-06-19,-1,6.500283815208396,0.45329545797945237,6.953579273187849,1.7568
2023-06-21,2023-06-20,-1,-58.91839390107512,36.54522755646261,-22.373166344612507,1.5412
2023-06-22,2023-06-21,-1,35.101120325913286,-0.22811953463541812,34.87300079127787,2.1497
2023-06-23,2023-06-22,-1,0.6425673318766201,21.26500280001831,21.90757013189493,1.9456
2023-06-27,2023-06-26,-1,-6.390184676339228,-8.887538455695232,-15.27772313203446,1.5629
2023-06-28,2023-06-27,-1,12.259835315644452,11.985888312627813,24.245723628272266,1.5375
2023-07-13,2023-07-12,-1,-46.49037944749024,44.3405108269812,-2.1498686205090394,1.9523
2023-07-14,2023-07-13,-1,-14.97793429322769,-65.60599826269886,-80.58393255592655,2.4085
2023-07-17,2023-07-14,-1,-11.755904670300854,22.321428571429045,10.565523901128191,1.9101
2023-07-18,2023-07-17,-1,12.289169501488173,25.115174255433416,37.40434375692159,1.9178
2023-07-19,2023-07-18,-1,14.533458160581603,14.635515010881228,29.16897317146283,1.7532
2023-07-20,2023-07-19,-1,51.13626204652277,-18.860319560738414,32.275942485784356,1.6183
2023-08-15,2023-08-14,1,4.308013822309498,7.492803940769566,11.800817763079063,-1.7521
2023-08-16,2023-08-15,1,-27.764796437309556,27.937514820963738,0.1727183836541819,-1.7646
2023-08-17,2023-08-16,1,-34.04481802998794,22.50301644052488,-11.541801589463056,-1.962
2023-08-18,2023-08-17,1,23.682052321669644,-21.29807727738409,2.383975044285556,-1.9508
2023-08-21,2023-08-18,1,2.202481462447725,34.57645691270051,36.77893837514823,-1.7652
2023-08-22,2023-08-21,1,-29.763271755205434,27.957132396989604,-1.8061393582158303,-1.5406
2023-08-23,2023-08-22,1,53.77040684115153,-42.17328583625335,11.597121004898177,-1.7053
2023-08-25,2023-08-24,1,-10.913092937009372,21.426993593991472,10.5139006569821,-1.7919
2023-08-28,2023-08-25,1,3.887521057406307,10.594545280646628,14.482066338052935,-1.7408
2023-08-29,2023-08-28,1,69.85879998517407,-41.746454486092375,28.112345499081698,-1.6584
2023-09-04,2023-09-01,1,-2.1300832584714158,-2.7208683246804366,-4.850951583151852,-1.5351
2023-09-06,2023-09-05,1,-8.56858124784643,-0.21966435286846497,-8.788245600714895,-1.6831
2023-09-07,2023-09-06,1,7.482579619322305,13.394817742644616,20.87739736196692,-1.6221
2023-09-08,2023-09-07,1,-0.28016697951938063,3.9644084221657216,3.684241442646341,-1.7252
2023-09-11,2023-09-08,1,24.345198119544165,-5.301055793612841,19.044142325931325,-1.5384
2023-09-27,2023-09-26,1,-45.15572083139796,2.366723862494702,-42.788996968903255,-1.5108
2023-09-28,2023-09-27,1,-5.399772641153655,27.3807933751824,21.981020734028746,-1.7
2023-10-03,2023-10-02,1,-3.8202569122769425,3.573668626106752,-0.24658828617019068,-2.4411
2023-10-04,2023-10-03,1,-15.40480401665989,29.30734068690155,13.90253667024166,-2.5016
2023-10-05,2023-10-04,1,32.63620620753915,-29.735939044959192,2.9002671625799614,-2.3134
2023-10-06,2023-10-05,1,86.84721746086143,-53.24611944320989,33.60109801765154,-1.841
2023-10-13,2023-10-12,1,-29.130727698863936,-4.756642834664593,-33.887370533528525,-1.6479
2023-10-16,2023-10-13,1,20.981676635336566,-10.860711376595722,10.120965258740844,-1.5068
2023-10-19,2023-10-18,1,29.992525522031244,-16.034401078677263,13.95812444335398,-1.5038
2023-10-26,2023-10-25,1,6.448859595047374,5.718877362657082,12.167736957704456,-1.5444
2023-10-27,2023-10-26,1,21.053230532872558,31.246383520424637,52.29961405329719,-1.6153
2023-10-30,2023-10-27,1,23.23231369290024,-8.599819331527314,14.632494361372927,-1.8485
2023-11-01,2023-10-31,1,-14.587062980119248,10.816345661563975,-3.7707173185552723,-1.5112
2023-11-02,2023-11-01,1,-21.22205215366213,-45.24133537944897,-66.4633875331111,-1.7162
2023-11-15,2023-11-14,-1,12.34204030505226,0.21928862769193813,12.561328932744198,2.196
2023-11-16,2023-11-15,-1,6.809857729188629,-30.915281919663418,-24.10542419047479,1.9934
2023-11-17,2023-11-16,-1,-24.552853004735642,-1.531304233692854,-26.084157238428496,1.6055
2023-11-20,2023-11-17,-1,-18.032036613273572,-1.3116378713573518,-19.343674484630924,2.2016
2023-11-21,2023-11-20,-1,40.536099039549796,6.639718651043625,47.17581769059342,2.3957
2023-11-22,2023-11-21,-1,19.98753071478454,22.502184678124813,42.48971539290935,2.141
2023-11-23,2023-11-22,-1,-0.8254608823254905,6.201663505034372,5.376202622708881,1.781
2023-11-24,2023-11-23,-1,-31.522037936406733,37.31288684684087,5.790848910434136,1.8319
2023-11-27,2023-11-24,-1,7.851658434598896,1.6143589894124233,9.46601742401132,2.2941
2023-11-28,2023-11-27,-1,-17.877828755938907,12.211808671855895,-5.666020084083012,2.1424
2023-11-29,2023-11-28,-1,-4.552448762191741,4.4176765966219556,-0.13477216556978533,2.3803
2023-11-30,2023-11-29,-1,36.869310644526145,32.97784828720896,69.8471589317351,2.0929
2023-12-01,2023-11-30,-1,-12.597237802747241,24.089263282347506,11.492025479600265,1.5655
2023-12-04,2023-12-01,-1,48.20562828309005,-13.378074739829326,34.82755354326072,1.6719
2023-12-15,2023-12-14,-1,26.549725805417033,13.363394750200985,39.91312055561802,2.1211
2023-12-18,2023-12-15,-1,4.118314602629125,-33.55579024634903,-29.4374756437199,1.7494
2023-12-19,2023-12-18,-1,-17.431937865635128,10.562905473232576,-6.869032392402552,1.5914
2023-12-20,2023-12-19,-1,-4.839652275550055,14.392372042816293,9.552719767266238,1.9449
2023-12-21,2023-12-20,-1,2.3650984244816264,26.99419624780708,29.359294672288705,1.656
2023-12-22,2023-12-21,-1,1.6345507709636387,12.872338023081076,14.506888794044714,1.9782
2023-12-26,2023-12-22,-1,-15.788757315911006,13.004884392627813,-2.7838729232831927,2.055
2023-12-27,2023-12-26,-1,-29.545700964979105,-15.533244932752766,-45.07894589773187,2.2185
2023-12-28,2023-12-27,-1,46.515394166231076,-12.791692212206218,33.72370195402486,2.2631
2023-12-29,2023-12-28,-1,3.799357727622965,13.73056408476736,17.529921812390327,1.9593
