ftmo_symbol,categorie,best_side,best_side_pct_yr,long_pct_yr,short_pct_yr,rt_bp_est,swap_gate_bp_per_night,mean_cost_bp_H10,gate_3x_H10_bp,credit_trap_D100,overnight_class,d100_prio
HEATOIL.c,commodity,long,16.493,16.493,-75.202,2.0,0.0,2.0,6.0,True,CREDIT_TRAP_no_alpha,0
UK100.cash,index,long,12.213,12.213,-20.13,2.0,0.0,2.0,6.0,True,CREDIT_TRAP_no_alpha,0
USOIL.cash,commodity,long,19.535,19.535,-88.498,-5.4,24.53,338.02,1014.06,True,CREDIT_TRAP_no_alpha,0
UKOIL.cash,commodity,long,21.534,21.534,-97.138,-5.98,27.03,372.44,1117.32,True,CREDIT_TRAP_no_alpha,0
EURGBP,fx,short,0.004,-3.248,0.004,1.05,0.0,1.05,3.15,False,SWAP_EARN_or_FLAT,1
EURUSD,fx,short,0.196,-3.582,0.196,1.13,0.0,1.13,3.39,False,SWAP_EARN_or_FLAT,1
US100.cash,index,short,0.419,-8.302,0.419,1.95,0.0,1.95,5.85,False,SWAP_EARN_or_FLAT,1
XAGAUD,metal,short,2.395,-6.757,2.395,2.0,0.0,2.0,6.0,False,SWAP_EARN_or_FLAT,1
AUDCHF,fx,long,1.957,1.957,-7.33,2.0,0.0,2.0,6.0,False,SWAP_EARN_or_FLAT,1
AUDJPY,fx,long,1.502,1.502,-5.328,2.0,0.0,2.0,6.0,False,SWAP_EARN_or_FLAT,1
EURHUF,fx,short,1.099,-4.613,1.099,2.0,0.0,2.0,6.0,False,SWAP_EARN_or_FLAT,1
AUDCAD,fx,long,0.886,0.886,-3.854,2.0,0.0,2.0,6.0,False,SWAP_EARN_or_FLAT,1
GBPCHF,fx,long,0.83,0.83,-6.595,2.0,0.0,2.0,6.0,False,SWAP_EARN_or_FLAT,1
USDSEK,fx,long,0.812,0.812,-4.166,2.0,0.0,2.0,6.0,False,SWAP_EARN_or_FLAT,1
XAGEUR,metal,short,0.773,-3.784,0.773,2.0,0.0,2.0,6.0,False,SWAP_EARN_or_FLAT,1
NZDCHF,fx,long,0.76,0.76,-4.894,2.0,0.0,2.0,6.0,False,SWAP_EARN_or_FLAT,1
EURAUD,fx,short,0.741,-3.769,0.741,2.0,0.0,2.0,6.0,False,SWAP_EARN_or_FLAT,1
USDCNH,fx,long,0.732,0.732,-5.115,2.0,0.0,2.0,6.0,False,SWAP_EARN_or_FLAT,1
GBPJPY,fx,long,0.713,0.713,-4.423,2.0,0.0,2.0,6.0,False,SWAP_EARN_or_FLAT,1
CADCHF,fx,long,0.678,0.678,-4.013,2.0,0.0,2.0,6.0,False,SWAP_EARN_or_FLAT,1
EURNOK,fx,short,0.66,-3.413,0.66,2.0,0.0,2.0,6.0,False,SWAP_EARN_or_FLAT,1
AUS200.cash,index,short,0.637,-9.336,0.637,2.0,0.0,2.0,6.0,False,SWAP_EARN_or_FLAT,1
USDSGD,fx,long,0.634,0.634,-5.092,2.0,0.0,2.0,6.0,False,SWAP_EARN_or_FLAT,1
AUDNZD,fx,long,0.563,0.563,-2.972,2.0,0.0,2.0,6.0,False,SWAP_EARN_or_FLAT,1
EURCHF,fx,long,0.463,0.463,-4.463,2.0,0.0,2.0,6.0,False,SWAP_EARN_or_FLAT,1
NZDJPY,fx,long,0.444,0.444,-3.099,2.0,0.0,2.0,6.0,False,SWAP_EARN_or_FLAT,1
CHFJPY,fx,short,0.279,-2.185,0.279,2.0,0.0,2.0,6.0,False,SWAP_EARN_or_FLAT,1
USDILS,fx,long,0.279,0.279,-3.349,2.0,0.0,2.0,6.0,False,SWAP_EARN_or_FLAT,1
CADJPY,fx,long,0.241,0.241,-2.119,2.0,0.0,2.0,6.0,False,SWAP_EARN_or_FLAT,1
USDHKD,fx,long,0.238,0.238,-2.748,2.0,0.0,2.0,6.0,False,SWAP_EARN_or_FLAT,1
GBPCAD,fx,long,0.193,0.193,-2.853,2.0,0.0,2.0,6.0,False,SWAP_EARN_or_FLAT,1
USDZAR,fx,short,0.163,-4.24,0.163,2.0,0.0,2.0,6.0,False,SWAP_EARN_or_FLAT,1
HK50.cash,index,short,0.15,-7.135,0.15,2.0,0.0,2.0,6.0,False,SWAP_EARN_or_FLAT,1
USDHUF,fx,short,0.146,-2.278,0.146,2.0,0.0,2.0,6.0,False,SWAP_EARN_or_FLAT,1
EURPLN,fx,short,0.111,-2.245,0.111,2.0,0.0,2.0,6.0,False,SWAP_EARN_or_FLAT,1
USDMXN,fx,short,0.05,-4.742,0.05,2.0,0.0,2.0,6.0,False,SWAP_EARN_or_FLAT,1
US30.cash,index,short,0.424,-8.393,0.424,2.28,0.0,2.28,6.84,False,SWAP_EARN_or_FLAT,1
XAGUSD,metal,short,0.405,-11.469,0.405,3.15,0.0,3.15,9.45,False,SWAP_EARN_or_FLAT,1
EURJPY,fx,long,0.25,0.25,-2.44,-0.11,0.69,9.55,28.65,False,SWAP_EARN_or_FLAT,1
USDCAD,fx,long,0.162,0.162,-4.962,-0.09,0.98,13.63,40.89,False,SWAP_EARN_or_FLAT,1
USDJPY,fx,long,0.983,0.983,-5.133,-0.37,1.58,21.75,65.25,False,SWAP_EARN_or_FLAT,1
USDCHF,fx,long,1.503,1.503,-7.733,-0.39,2.17,29.99,89.97,False,SWAP_EARN_or_FLAT,1
NZDUSD,fx,short,-0.227,-3.335,-0.227,0.92,0.09,2.18,6.54,False,SWAP_CHEAP_pay_lt_2pct,2
GER40.cash,index,short,-0.067,-6.616,-0.067,1.79,0.03,2.21,6.63,False,SWAP_CHEAP_pay_lt_2pct,2
EU50.cash,index,short,-0.067,-6.619,-0.067,2.0,0.03,2.42,7.26,False,SWAP_CHEAP_pay_lt_2pct,2
FRA40.cash,index,short,-0.067,-6.62,-0.067,2.0,0.03,2.42,7.26,False,SWAP_CHEAP_pay_lt_2pct,2
NZDCAD,fx,long,-0.164,-0.164,-1.665,2.0,0.07,2.98,8.94,False,SWAP_CHEAP_pay_lt_2pct,2
GBPAUD,fx,short,-0.174,-2.445,-0.174,2.0,0.07,2.98,8.94,False,SWAP_CHEAP_pay_lt_2pct,2
GBPNZD,fx,long,-0.183,-0.183,-2.229,2.0,0.07,2.98,8.94,False,SWAP_CHEAP_pay_lt_2pct,2
EURCZK,fx,short,-0.184,-3.028,-0.184,2.0,0.07,2.98,8.94,False,SWAP_CHEAP_pay_lt_2pct,2
USDNOK,fx,short,-0.209,-1.267,-0.209,2.0,0.08,3.12,9.36,False,SWAP_CHEAP_pay_lt_2pct,2
USDPLN,fx,long,-0.279,-0.279,-1.762,2.0,0.11,3.54,10.62,False,SWAP_CHEAP_pay_lt_2pct,2
US500.cash,index,short,-0.413,-7.505,-0.413,1.36,0.16,3.6,10.8,False,SWAP_CHEAP_pay_lt_2pct,2
EURNZD,fx,short,-0.312,-1.367,-0.312,2.0,0.12,3.68,11.04,False,SWAP_CHEAP_pay_lt_2pct,2
XAUEUR,metal,short,-0.32,-4.661,-0.32,2.0,0.13,3.82,11.46,False,SWAP_CHEAP_pay_lt_2pct,2
XAUUSD,metal,short,-0.369,-7.683,-0.369,2.15,0.15,4.25,12.75,False,SWAP_CHEAP_pay_lt_2pct,2
EURCAD,fx,long,-0.498,-0.498,-1.075,2.0,0.2,4.8,14.4,False,SWAP_CHEAP_pay_lt_2pct,2
XAUAUD,metal,short,-0.628,-7.492,-0.628,2.0,0.25,5.5,16.5,False,SWAP_CHEAP_pay_lt_2pct,2
GBPUSD,fx,short,-1.007,-1.906,-1.007,0.46,0.4,6.06,18.18,False,SWAP_CHEAP_pay_lt_2pct,2
USDCZK,fx,long,-0.967,-0.967,-2.294,2.0,0.38,7.32,21.96,False,SWAP_CHEAP_pay_lt_2pct,2
JP225.cash,index,short,-1.628,-4.885,-1.628,2.0,0.65,11.1,33.3,False,SWAP_CHEAP_pay_lt_2pct,2
AUDUSD,fx,long,-1.728,-1.728,-3.215,0.45,0.87,12.63,37.89,False,SWAP_CHEAP_pay_lt_2pct,2
NATGAS.cash,commodity,short,15.976,-73.34,15.976,2.0,0.0,2.0,6.0,False,SWAP_EARN_or_FLAT,3
COFFEE.c,commodity,long,5.619,5.619,-28.268,2.0,0.0,2.0,6.0,False,SWAP_EARN_or_FLAT,3
CORN.c,commodity,short,5.578,-28.248,5.578,2.0,0.0,2.0,6.0,False,SWAP_EARN_or_FLAT,3
COTTON.c,commodity,short,3.535,-19.184,3.535,2.0,0.0,2.0,6.0,False,SWAP_EARN_or_FLAT,3
SUGAR.c,commodity,short,3.274,-17.805,3.274,2.0,0.0,2.0,6.0,False,SWAP_EARN_or_FLAT,3
WHEAT.c,commodity,short,1.984,-12.592,1.984,2.0,0.0,2.0,6.0,False,SWAP_EARN_or_FLAT,3
COCOA.c,commodity,short,1.957,-12.403,1.957,2.0,0.0,2.0,6.0,False,SWAP_EARN_or_FLAT,3
XCUUSD,commodity,short,1.413,-10.047,1.413,2.0,0.0,2.0,6.0,False,SWAP_EARN_or_FLAT,3
SOYBEAN.c,commodity,short,0.832,-7.511,0.832,2.0,0.0,2.0,6.0,False,SWAP_EARN_or_FLAT,3
DXY.cash,other,short,0.421,-8.313,0.421,2.0,0.0,2.0,6.0,False,SWAP_EARN_or_FLAT,4
N25.cash,other,short,0.371,-3.509,0.371,2.0,0.0,2.0,6.0,False,SWAP_EARN_or_FLAT,4
SPN35.cash,other,short,-0.066,-6.547,-0.066,2.0,0.03,2.42,7.26,False,SWAP_CHEAP_pay_lt_2pct,4
US2000.cash,other,short,-1.157,-6.781,-1.157,2.0,0.46,8.44,25.32,False,SWAP_CHEAP_pay_lt_2pct,4
