date;close
2020.10.22;169.09000
2020.10.23;167.36000
2020.10.26;160.83000
2020.10.27;155.24000
2020.10.28;148.14000
2020.10.29;148.29000
2020.10.30;144.39000
2020.11.02;148.56000
2020.11.03;153.70000
2020.11.04;151.68000
2020.11.05;157.18000
2020.11.06;157.76000
2020.11.09;179.17000
2020.11.10;188.62000
2020.11.11;182.32000
2020.11.12;176.70000
2020.11.13;187.04000
2020.11.16;202.38000
2020.11.17;210.00000
2020.11.18;203.30000
2020.11.19;205.67000
2020.11.20;199.60000
2020.11.23;211.53000
2020.11.24;218.49000
2020.11.25;217.61000
2020.11.27;216.50000
2020.11.30;210.71000
2020.12.01;213.01000
2020.12.02;223.85000
2020.12.03;237.20000
2020.12.04;232.70000
2020.12.07;237.94000
2020.12.08;236.52000
2020.12.09;232.17000
2020.12.10;234.39000
2020.12.11;230.26000
2020.12.14;228.92000
2020.12.15;229.34000
2020.12.16;225.88000
2020.12.17;221.20000
2020.12.18;220.30000
2020.12.21;219.35000
2020.12.22;218.86000
2020.12.23;219.57000
2020.12.24;217.11000
2020.12.28;215.93000
2020.12.29;216.25000
2020.12.30;216.58000
2020.12.31;214.07000
2021.01.04;202.70000
2021.01.05;211.72000
2021.01.06;211.05000
2021.01.07;212.78000
2021.01.08;209.98000
2021.01.11;206.72000
2021.01.12;208.27000
2021.01.13;207.24000
2021.01.14;209.91000
2021.01.15;204.33000
2021.01.19;210.73000
2021.01.20;211.72000
2021.01.21;207.39000
2021.01.22;205.98000
2021.01.25;203.43000
2021.01.26;201.99000
2021.01.27;194.13000
2021.01.28;197.33000
2021.01.29;194.33000
2021.02.01;195.88000
2021.02.02;201.03000
2021.02.03;207.41000
2021.02.04;210.77000
2021.02.05;207.92000
2021.02.08;211.75000
2021.02.09;215.15000
2021.02.10;211.90000
2021.02.11;210.53000
2021.02.12;210.97000
2021.02.16;217.17000
2021.02.17;215.48000
2021.02.18;208.46000
2021.02.19;217.47000
2021.02.22;212.86000
2021.02.23;211.99000
2021.02.24;229.55000
2021.02.25;216.58000
2021.02.26;212.34000
2021.03.01;224.37000
2021.03.02;223.13000
2021.03.03;228.48000
2021.03.04;224.36000
2021.03.05;223.17000
2021.03.08;223.89000
2021.03.09;230.60000
2021.03.10;245.36000
2021.03.11;252.06000
2021.03.12;269.10000
2021.03.15;265.67000
2021.03.16;255.29000
2021.03.17;263.48000
2021.03.18;256.10000
2021.03.19;255.67000
2021.03.22;251.19000
2021.03.23;241.38000
2021.03.24;239.32000
2021.03.25;247.25000
2021.03.26;244.95000
2021.03.29;250.48000
2021.03.30;251.62000
2021.03.31;254.83000
2021.04.01;253.02000
2021.04.05;259.42000
2021.04.06;255.19000
2021.04.07;252.55000
2021.04.08;254.86000
2021.04.09;252.45000
2021.04.12;249.57000
2021.04.13;253.60000
2021.04.14;252.32000
2021.04.15;251.21000
2021.04.16;248.19000
2021.04.19;244.11000
2021.04.20;234.09000
2021.04.21;235.92000
2021.04.22;234.33000
2021.04.23;238.42000
2021.04.26;242.23000
2021.04.27;242.11000
2021.04.28;235.43000
2021.04.29;235.86000
2021.04.30;234.19000
2021.05.03;235.20000
2021.05.04;233.70000
2021.05.05;228.08000
2021.05.06;229.88000
2021.05.07;235.48000
2021.05.10;232.96000
2021.05.11;228.85000
2021.05.12;220.78000
2021.05.13;222.65000
2021.05.14;228.43000
2021.05.17;227.97000
2021.05.18;227.51000
2021.05.19;224.40000
2021.05.20;227.69000
2021.05.21;234.81000
2021.05.24;237.39000
2021.05.25;240.68000
2021.05.26;241.35000
2021.05.27;250.64000
2021.05.28;247.05000
2021.06.01;254.72000
2021.06.02;255.63000
2021.06.03;250.26000
2021.06.04;249.87000
2021.06.07;252.57000
2021.06.08;252.74000
2021.06.09;248.03000
2021.06.10;248.30000
2021.06.11;247.22000
2021.06.14;245.04000
2021.06.15;246.55000
2021.06.16;242.16000
2021.06.17;239.19000
2021.06.18;237.44000
2021.06.21;245.28000
2021.06.22;243.77000
2021.06.23;243.49000
2021.06.24;250.63000
2021.06.25;248.30000
2021.06.28;239.91000
2021.06.29;235.77000
2021.06.30;239.56000
2021.07.01;239.74000
2021.07.02;236.64000
2021.07.06;236.17000
2021.07.07;231.75000
2021.07.08;236.78000
2021.07.09;239.54000
2021.07.12;238.18000
2021.07.13;228.16000
2021.07.14;224.39000
2021.07.15;222.78000
2021.07.16;217.73000
2021.07.19;206.97000
2021.07.20;217.24000
2021.07.21;222.56000
2021.07.22;220.83000
2021.07.23;221.52000
2021.07.26;225.89000
2021.07.27;222.30000
2021.07.28;231.51000
2021.07.29;231.60000
2021.07.30;226.47000
2021.08.02;225.30000
2021.08.03;228.94000
2021.08.04;226.65000
2021.08.05;229.94000
2021.08.06;231.34000
2021.08.09;232.30000
2021.08.10;235.74000
2021.08.11;239.55000
2021.08.12;238.25000
2021.08.13;234.43000
2021.08.16;229.05000
2021.08.17;222.19000
2021.08.18;219.07000
2021.08.19;212.07000
2021.08.20;212.67000
2021.08.23;219.37000
2021.08.24;221.39000
2021.08.25;221.03000
2021.08.26;216.50000
2021.08.27;221.73000
2021.08.30;217.63000
2021.08.31;219.56000
2021.09.01;218.09000
2021.09.02;220.71000
2021.09.03;218.12000
2021.09.07;214.12000
2021.09.08;211.33000
2021.09.09;213.91000
2021.09.10;210.31000
2021.09.13;214.47000
2021.09.14;211.54000
2021.09.15;214.29000
2021.09.16;213.33000
2021.09.17;213.37000
2021.09.20;209.51000
2021.09.21;208.53000
2021.09.22;217.02000
2021.09.23;221.11000
2021.09.24;221.41000
2021.09.27;224.13000
2021.09.28;218.43000
2021.09.29;225.38000
2021.09.30;219.96000
2021.10.01;226.15000
2021.10.04;223.76000
2021.10.05;224.39000
2021.10.06;224.84000
2021.10.07;226.46000
2021.10.08;226.43000
2021.10.11;226.41000
2021.10.12;223.51000
2021.10.13;221.94000
2021.10.14;217.13000
2021.10.15;217.56000
2021.10.18;217.26000
2021.10.19;215.89000
2021.10.20;215.95000
2021.10.21;214.06000
2021.10.22;213.00000
2021.10.25;212.91000
2021.10.26;209.79000
2021.10.27;206.67000
2021.10.28;207.47000
2021.10.29;206.93000
2021.11.01;214.43000
2021.11.02;212.81000
2021.11.03;213.37000
2021.11.04;213.03000
2021.11.05;224.56000
2021.11.08;222.67000
2021.11.09;220.74000
2021.11.10;218.58000
2021.11.11;219.39000
2021.11.12;221.02000
2021.11.15;233.14000
2021.11.16;225.84000
2021.11.17;226.59000
2021.11.18;227.21000
2021.11.19;214.13000
2021.11.22;209.84000
2021.11.23;209.12000
2021.11.24;210.65000
2021.11.26;199.19000
2021.11.29;198.25000
2021.11.30;198.07000
2021.12.01;188.08000
2021.12.02;202.43000
2021.12.03;198.50000
2021.12.06;205.78000
2021.12.07;208.97000
2021.12.08;211.11000
2021.12.09;207.55000
2021.12.10;205.08000
2021.12.13;197.36000
2021.12.14;195.51000
2021.12.15;195.49000
2021.12.16;191.42000
2021.12.17;193.46000
2021.12.20;187.04000
2021.12.21;199.52000
2021.12.22;201.68000
2021.12.23;204.23000
2021.12.27;203.17000
2021.12.28;206.08000
2021.12.29;203.65000
2021.12.30;202.75000
2021.12.31;201.35000
2022.01.03;207.89000
2022.01.04;213.65000
2022.01.05;213.14000
2022.01.06;211.40000
2022.01.07;215.47000
2022.01.10;209.35000
2022.01.11;216.04000
2022.01.12;217.51000
2022.01.13;223.74000
2022.01.14;226.10000
2022.01.18;224.91000
2022.01.19;217.03000
2022.01.20;214.09000
2022.01.21;205.60000
2022.01.24;204.15000
2022.01.25;204.13000
2022.01.26;194.08000
2022.01.27;189.72000
2022.01.28;190.51000
2022.01.31;200.25000
2022.02.01;208.38000
2022.02.02;207.55000
2022.02.03;206.37000
2022.02.04;206.59000
2022.02.07;212.02000
2022.02.08;213.19000
2022.02.09;215.83000
2022.02.10;219.00000
2022.02.11;212.33000
2022.02.14;210.18000
2022.02.15;217.75000
2022.02.16;218.96000
2022.02.17;213.52000
2022.02.18;208.97000
2022.02.22;198.74000
2022.02.23;196.31000
2022.02.24;198.52000
2022.02.25;201.52000
2022.02.28;205.44000
2022.03.01;194.95000
2022.03.02;197.72000
2022.03.03;188.80000
2022.03.04;180.83000
2022.03.07;169.22000
2022.03.08;173.74000
2022.03.09;178.62000
2022.03.10;178.48000
2022.03.11;176.49000
2022.03.14;175.53000
2022.03.15;179.90000
2022.03.16;188.96000
2022.03.17;190.00000
2022.03.18;192.91000
2022.03.21;185.90000
2022.03.22;191.11000
2022.03.23;186.04000
2022.03.24;189.04000
2022.03.25;188.90000
2022.03.28;188.21000
2022.03.29;193.72000
2022.03.30;194.86000
2022.03.31;192.35000
2022.04.01;190.80000
2022.04.04;191.14000
2022.04.05;182.61000
2022.04.06;178.72000
2022.04.07;177.94000
2022.04.08;175.06000
2022.04.11;174.90000
2022.04.12;176.25000
2022.04.13;182.94000
2022.04.14;181.94000
2022.04.18;179.82000
2022.04.19;186.03000
2022.04.20;183.51000
2022.04.21;181.05000
2022.04.22;176.80000
2022.04.25;175.88000
2022.04.26;167.06000
2022.04.27;154.68000
2022.04.28;154.18000
2022.04.29;148.71000
2022.05.02;148.50000
2022.05.03;153.67000
2022.05.04;157.00000
2022.05.05;150.20000
2022.05.06;148.98000
2022.05.09;133.35000
2022.05.10;132.96000
2022.05.11;129.47000
2022.05.12;123.07000
2022.05.13;127.26000
2022.05.16;123.91000
2022.05.17;131.97000
2022.05.18;125.31000
2022.05.19;127.02000
2022.05.20;120.78000
2022.05.23;124.06000
2022.05.24;119.31000
2022.05.25;122.06000
2022.05.26;127.75000
2022.05.27;132.19000
2022.05.31;131.31000
2022.06.01;130.60000
2022.06.02;140.44000
2022.06.03;139.28000
2022.06.06;139.33000
2022.06.07;140.80000
2022.06.08;139.58000
2022.06.09;133.76000
2022.06.10;127.00000
2022.06.13;115.80000
2022.06.14;122.15000
2022.06.15;133.72000
2022.06.16;133.36000
2022.06.17;136.97000
2022.06.21;136.75000
2022.06.22;137.26000
2022.06.23;134.03000
2022.06.24;141.50000
2022.06.27;138.70000
2022.06.28;138.66000
2022.06.29;138.49000
2022.06.30;136.59000
2022.07.01;139.88000
2022.07.05;137.80000
2022.07.06;136.33000
2022.07.07;139.93000
2022.07.08;139.06000
2022.07.11;136.94000
2022.07.12;147.17000
2022.07.13;144.04000
2022.07.14;147.18000
2022.07.15;147.70000
2022.07.18;147.71000
2022.07.19;156.14000
2022.07.20;158.42000
2022.07.21;161.42000
2022.07.22;158.21000
2022.07.25;156.69000
2022.07.26;155.91000
2022.07.27;156.08000
2022.07.28;159.17000
2022.07.29;159.43000
2022.08.01;169.11000
2022.08.02;163.32000
2022.08.03;166.74000
2022.08.04;166.56000
2022.08.05;165.02000
2022.08.08;165.93000
2022.08.09;164.98000
2022.08.10;169.00000
2022.08.11;167.92000
2022.08.12;169.93000
2022.08.15;170.47000
2022.08.16;172.18000
2022.08.17;167.26000
2022.08.18;168.70000
2022.08.19;162.93000
2022.08.22;158.86000
2022.08.23;160.07000
2022.08.24;163.54000
2022.08.25;169.57000
2022.08.26;164.58000
2022.08.29;165.39000
2022.08.30;162.30000
2022.08.31;160.31000
2022.09.01;153.85000
2022.09.02;151.81000
2022.09.06;152.45000
2022.09.07;155.97000
2022.09.08;157.81000
2022.09.09;157.56000
2022.09.12;158.72000
2022.09.13;147.47000
2022.09.14;149.32000
2022.09.15;149.90000
2022.09.16;144.43000
2022.09.19;144.87000
2022.09.20;145.87000
2022.09.21;143.30000
2022.09.22;138.72000
2022.09.23;131.24000
2022.09.26;127.43000
2022.09.27;127.53000
2022.09.28;133.44000
2022.09.29;125.40000
2022.09.30;121.14000
2022.10.03;126.01000
2022.10.04;133.50000
2022.10.05;131.93000
2022.10.06;132.14000
2022.10.07;129.79000
2022.10.10;131.94000
2022.10.11;131.63000
2022.10.12;130.46000
2022.10.13;132.83000
2022.10.14;133.15000
2022.10.17;136.14000
2022.10.18;137.43000
2022.10.19;138.40000
2022.10.20;139.04000
2022.10.21;141.33000
2022.10.24;142.14000
2022.10.25;146.70000
2022.10.26;133.90000
2022.10.27;139.76000
2022.10.28;143.69000
2022.10.31;142.50000
2022.11.01;143.39000
2022.11.02;147.32000
2022.11.03;156.69000
2022.11.04;160.15000
2022.11.07;165.03000
2022.11.08;170.00000
2022.11.09;168.93000
2022.11.10;177.57000
2022.11.11;177.53000
2022.11.14;173.60000
2022.11.15;175.34000
2022.11.16;172.66000
2022.11.17;172.81000
2022.11.18;173.93000
2022.11.21;172.96000
2022.11.22;172.54000
2022.11.23;174.90000
2022.11.25;178.38000
2022.11.28;171.83000
2022.11.29;175.27000
2022.11.30;178.83000
2022.12.01;175.86000
2022.12.02;182.92000
2022.12.05;185.17000
2022.12.06;178.46000
2022.12.07;176.52000
2022.12.08;179.07000
2022.12.09;179.46000
2022.12.12;186.18000
2022.12.13;187.07000
2022.12.14;188.25000
2022.12.15;183.70000
2022.12.16;184.69000
2022.12.19;185.67000
2022.12.20;188.28000
2022.12.21;196.00000
2022.12.22;188.23000
2022.12.23;189.12000
2022.12.27;189.39000
2022.12.28;188.42000
2022.12.29;188.93000
2022.12.30;190.64000
2023.01.03;195.42000
2023.01.04;203.64000
2023.01.05;204.99000
2023.01.06;213.00000
2023.01.09;208.56000
2023.01.10;206.71000
2023.01.11;208.00000
2023.01.12;214.30000
2023.01.13;214.13000
2023.01.17;211.43000
2023.01.18;209.38000
2023.01.19;206.96000
2023.01.20;206.83000
2023.01.23;209.99000
2023.01.24;211.95000
2023.01.25;212.63000
2023.01.26;212.67000
2023.01.27;211.08000
2023.01.30;209.70000
2023.01.31;212.99000
2023.02.01;214.72000
2023.02.02;209.30000
2023.02.03;206.03000
2023.02.06;206.84000
2023.02.07;214.75000
2023.02.08;213.49000
2023.02.09;211.97000
2023.02.10;212.91000
2023.02.13;215.64000
2023.02.14;218.37000
2023.02.15;217.42000
2023.02.16;212.21000
2023.02.17;211.64000
2023.02.21;205.59000
2023.02.22;205.77000
2023.02.23;208.14000
2023.02.24;198.12000
2023.02.27;200.35000
2023.02.28;201.54000
2023.03.01;204.56000
2023.03.02;210.15000
2023.03.03;215.20000
2023.03.06;211.91000
2023.03.07;207.94000
2023.03.08;207.18000
2023.03.09;201.29000
2023.03.10;203.04000
2023.03.13;203.28000
2023.03.14;207.21000
2023.03.15;198.31000
2023.03.16;203.21000
2023.03.17;201.07000
2023.03.20;204.75000
2023.03.21;204.70000
2023.03.22;196.07000
2023.03.23;198.01000
2023.03.24;197.44000
2023.03.27;200.54000
2023.03.28;204.94000
2023.03.29;207.96000
2023.03.30;211.07000
2023.03.31;212.40000
2023.04.03;215.36000
2023.04.04;213.87000
2023.04.05;209.98000
2023.04.06;211.40000
2023.04.10;210.73000
2023.04.11;212.34000
2023.04.12;212.40000
2023.04.13;213.59000
2023.04.14;201.71000
2023.04.17;205.00000
2023.04.18;208.35000
2023.04.19;208.73000
2023.04.20;207.19000
2023.04.21;205.15000
2023.04.24;205.76000
2023.04.25;202.14000
2023.04.26;203.04000
2023.04.27;206.07000
2023.04.28;206.81000
2023.05.01;203.85000
2023.05.02;203.20000
2023.05.03;200.90000
2023.05.04;196.97000
2023.05.05;198.40000
2023.05.08;197.24000
2023.05.09;201.91000
2023.05.10;200.84000
2023.05.11;201.82000
2023.05.12;200.68000
2023.05.15;202.84000
2023.05.16;200.91000
2023.05.17;206.86000
2023.05.18;207.25000
2023.05.19;205.39000
2023.05.22;205.89000
2023.05.23;202.61000
2023.05.24;199.30000
2023.05.25;200.94000
2023.05.26;203.66000
2023.05.30;204.74000
2023.05.31;205.69000
2023.06.01;207.91000
2023.06.02;213.32000
2023.06.05;208.79000
2023.06.06;207.29000
2023.06.07;212.02000
2023.06.08;218.11000
2023.06.09;217.30000
2023.06.12;221.56000
2023.06.13;220.40000
2023.06.14;216.80000
2023.06.15;219.62000
2023.06.16;220.00000
2023.06.20;212.37000
2023.06.21;212.09000
2023.06.22;205.60000
2023.06.23;205.41000
2023.06.26;205.55000
2023.06.27;209.48000
2023.06.28;210.73000
2023.06.29;211.88000
2023.06.30;211.16000
2023.07.03;210.96000
2023.07.05;213.31000
2023.07.06;212.58000
2023.07.07;212.12000
2023.07.10;213.31000
2023.07.11;218.80000
2023.07.12;217.11000
2023.07.13;216.84000
2023.07.14;213.15000
2023.07.17;211.88000
2023.07.18;211.57000
2023.07.19;208.62000
2023.07.20;213.65000
2023.07.21;211.81000
2023.07.24;215.92000
2023.07.25;214.13000
2023.07.26;232.85000
2023.07.27;233.75000
2023.07.28;238.69000
2023.07.31;238.95000
2023.08.01;237.98000
2023.08.02;231.36000
2023.08.03;231.27000
2023.08.04;231.34000
2023.08.07;238.22000
2023.08.08;238.05000
2023.08.09;237.92000
2023.08.10;238.23000
2023.08.11;235.40000
2023.08.14;236.67000
2023.08.15;232.20000
2023.08.16;229.92000
2023.08.17;224.50000
2023.08.18;226.72000
2023.08.21;227.25000
2023.08.22;230.07000
2023.08.23;228.62000
2023.08.24;217.33000
2023.08.25;223.40000
2023.08.28;227.02000
2023.08.29;227.25000
2023.08.30;228.91000
2023.08.31;224.04000
2023.09.01;223.32000
2023.09.05;222.61000
2023.09.06;217.96000
2023.09.07;215.99000
2023.09.08;211.31000
2023.09.11;211.00000
2023.09.12;210.73000
2023.09.13;208.47000
2023.09.14;209.19000
2023.09.15;208.03000
2023.09.18;205.10000
2023.09.19;204.52000
2023.09.20;202.36000
2023.09.21;199.94000
2023.09.22;197.84000
2023.09.25;198.79000
2023.09.26;195.66000
2023.09.27;195.54000
2023.09.28;190.37000
2023.09.29;191.73000
2023.10.02;187.76000
2023.10.03;188.91000
2023.10.04;186.67000
2023.10.05;186.29000
2023.10.06;187.35000
2023.10.09;188.49000
2023.10.10;193.46000
2023.10.11;196.18000
2023.10.12;191.29000
2023.10.13;185.04000
2023.10.16;184.92000
2023.10.17;185.60000
2023.10.18;185.61000
2023.10.19;182.69000
2023.10.20;180.04000
2023.10.23;181.02000
2023.10.24;182.24000
2023.10.25;177.72000
2023.10.26;179.11000
2023.10.27;179.65000
2023.10.30;182.31000
2023.10.31;186.85000
2023.11.01;189.39000
2023.11.02;192.01000
2023.11.03;195.11000
2023.11.06;192.94000
2023.11.07;191.41000
2023.11.08;191.84000
2023.11.09;193.34000
2023.11.10;196.65000
2023.11.13;204.49000
2023.11.14;207.34000
2023.11.15;208.71000
2023.11.16;206.64000
2023.11.17;208.06000
2023.11.20;217.80000
2023.11.21;218.27000
2023.11.22;219.92000
2023.11.24;219.82000
2023.11.27;219.28000
2023.11.28;222.38000
2023.11.29;224.45000
2023.11.30;231.69000
2023.12.01;233.87000
2023.12.04;234.87000
2023.12.05;234.22000
2023.12.06;236.96000
2023.12.07;237.32000
2023.12.08;244.45000
2023.12.11;248.08000
2023.12.12;248.63000
2023.12.13;250.97000
2023.12.14;256.35000
2023.12.15;263.53000
2023.12.18;260.41000
2023.12.19;263.47000
2023.12.20;260.34000
2023.12.21;261.96000
2023.12.22;260.62000
2023.12.26;262.82000
2023.12.27;262.18000
2023.12.28;260.40000
2023.12.29;260.76000
2024.01.02;251.90000
2024.01.03;243.82000
2024.01.04;245.00000
2024.01.05;248.97000
2024.01.08;229.01000
2024.01.09;225.76000
2024.01.10;227.82000
2024.01.11;222.65000
2024.01.12;217.71000
2024.01.16;200.41000
2024.01.17;203.09000
2024.01.18;211.56000
2024.01.19;214.99000
2024.01.22;214.93000
2024.01.23;211.47000
2024.01.24;214.15000
2024.01.25;201.90000
2024.01.26;205.50000
2024.01.29;205.15000
2024.01.30;200.47000
2024.01.31;211.05000
2024.02.01;209.82000
2024.02.02;209.39000
2024.02.05;206.57000
2024.02.06;208.52000
2024.02.07;211.91000
2024.02.08;209.28000
2024.02.09;209.19000
2024.02.12;209.33000
2024.02.13;204.48000
2024.02.14;203.36000
2024.02.15;205.24000
2024.02.16;203.86000
2024.02.20;203.45000
2024.02.21;201.55000
2024.02.22;201.47000
2024.02.23;200.86000
2024.02.26;200.51000
2024.02.27;201.41000
2024.02.28;207.05000
2024.02.29;203.44000
2024.03.01;200.00000
2024.03.04;200.58000
2024.03.05;201.14000
2024.03.06;201.14000
2024.03.07;203.08000
2024.03.08;198.50000
2024.03.11;192.38000
2024.03.12;184.20000
2024.03.13;182.40000
2024.03.14;181.17000
2024.03.15;182.61000
2024.03.18;179.86000
2024.03.19;181.13000
2024.03.20;187.90000
2024.03.21;187.71000
2024.03.22;188.88000
2024.03.25;191.37000
2024.03.26;187.56000
2024.03.27;191.93000
2024.03.28;193.03000
2024.04.01;189.51000
2024.04.02;188.17000
2024.04.03;184.96000
2024.04.04;183.26000
2024.04.05;183.16000
2024.04.08;181.67000
2024.04.09;178.14000
2024.04.10;174.61000
2024.04.11;173.36000
2024.04.12;169.56000
2024.04.15;167.84000
2024.04.16;170.55000
2024.04.17;170.23000
2024.04.18;170.24000
2024.04.19;169.84000
2024.04.22;170.53000
2024.04.23;169.08000
2024.04.24;164.32000
2024.04.25;166.82000
2024.04.26;167.23000
2024.04.29;173.50000
2024.04.30;167.78000
2024.05.01;171.52000
2024.05.02;178.85000
2024.05.03;179.82000
2024.05.06;178.40000
2024.05.07;176.72000
2024.05.08;180.35000
2024.05.09;181.25000
2024.05.10;178.50000
2024.05.13;178.44000
2024.05.14;180.79000
2024.05.15;177.01000
2024.05.16;182.98000
2024.05.17;185.02000
2024.05.20;186.70000
2024.05.21;184.79000
2024.05.22;186.30000
2024.05.23;172.17000
2024.05.24;174.52000
2024.05.28;175.10000
2024.05.29;171.65000
2024.05.30;172.78000
2024.05.31;177.68000
2024.06.03;184.90000
2024.06.04;188.35000
2024.06.05;189.87000
2024.06.06;191.31000
2024.06.07;190.29000
2024.06.10;190.15000
2024.06.11;185.53000
2024.06.12;182.59000
2024.06.13;180.75000
2024.06.14;177.20000
2024.06.17;178.52000
2024.06.18;174.99000
2024.06.20;176.42000
2024.06.21;176.69000
2024.06.24;179.11000
2024.06.25;175.12000
2024.06.26;178.51000
2024.06.27;182.66000
2024.06.28;182.06000
2024.07.01;187.00000
2024.07.02;185.44000
2024.07.03;184.77000
2024.07.05;184.82000
2024.07.08;185.85000
2024.07.09;183.26000
2024.07.10;183.75000
2024.07.11;183.97000
2024.07.12;182.40000
2024.07.15;179.18000
2024.07.16;186.09000
2024.07.17;184.76000
2024.07.18;180.26000
2024.07.19;179.51000
2024.07.22;178.87000
2024.07.23;186.37000
2024.07.24;180.03000
2024.07.25;184.45000
2024.07.26;186.89000
2024.07.29;185.44000
2024.07.30;186.89000
2024.07.31;190.71000
2024.08.01;178.34000
2024.08.02;169.98000
2024.08.05;166.94000
2024.08.06;165.03000
2024.08.07;163.28000
2024.08.08;168.87000
2024.08.09;167.95000
2024.08.12;164.15000
2024.08.13;168.74000
2024.08.14;168.39000
2024.08.15;176.45000
2024.08.16;180.00000
2024.08.19;179.69000
2024.08.20;172.05000
2024.08.21;173.43000
2024.08.22;172.88000
2024.08.23;174.96000
2024.08.26;173.55000
2024.08.27;173.12000
2024.08.28;170.79000
2024.08.29;172.26000
2024.08.30;173.85000
2024.09.03;160.99000
2024.09.04;163.22000
2024.09.05;162.17000
2024.09.06;157.69000
2024.09.09;163.03000
2024.09.10;160.06000
2024.09.11;161.21000
2024.09.12;162.84000
2024.09.13;156.80000
2024.09.16;155.40000
2024.09.17;156.35000
2024.09.18;155.14000
2024.09.19;154.57000
2024.09.20;153.24000
2024.09.23;156.31000
2024.09.24;155.87000
2024.09.25;152.22000
2024.09.26;154.53000
2024.09.27;156.29000
2024.09.30;152.05000
2024.10.01;154.27000
2024.10.02;152.90000
2024.10.03;150.52000
2024.10.04;154.94000
2024.10.07;155.79000
2024.10.08;154.59000
2024.10.09;149.34000
2024.10.10;146.64000
2024.10.11;151.04000
2024.10.14;149.04000
2024.10.15;152.45000
2024.10.16;154.90000
2024.10.17;155.35000
2024.10.18;155.00000
2024.10.21;159.86000
2024.10.22;159.88000
2024.10.23;157.01000
2024.10.24;155.18000
2024.10.25;155.03000
2024.10.28;150.68000
2024.10.29;152.96000
2024.10.30;154.36000
2024.10.31;149.29000
2024.11.01;154.65000
2024.11.04;155.17000
2024.11.05;151.02000
2024.11.06;147.18000
2024.11.07;150.97000
2024.11.08;151.67000
2024.11.11;148.90000
2024.11.12;145.20000
2024.11.13;140.00000
2024.11.14;138.13000
2024.11.15;140.19000
2024.11.18;143.93000
2024.11.19;145.58000
2024.11.20;146.11000
2024.11.21;143.41000
2024.11.22;149.27000
2024.11.25;153.13000
2024.11.26;150.74000
2024.11.27;152.42000
2024.11.29;155.67000
2024.12.02;156.61000
2024.12.03;155.13000
2024.12.04;158.24000
2024.12.05;156.71000
2024.12.06;153.94000
2024.12.09;157.20000
2024.12.10;164.17000
2024.12.11;165.98000
2024.12.12;167.75000
2024.12.13;169.63000
2024.12.16;173.24000
2024.12.17;173.04000
2024.12.18;172.46000
2024.12.19;176.99000
2024.12.20;177.55000
2024.12.23;177.69000
2024.12.24;179.19000
2024.12.26;180.41000
2024.12.27;180.78000
2024.12.30;176.53000
2024.12.31;177.01000
2025.01.02;171.89000
2025.01.03;169.92000
2025.01.06;170.82000
2025.01.07;172.54000
2025.01.08;171.82000
2025.01.10;172.01000
2025.01.13;170.59000
2025.01.14;167.06000
2025.01.15;166.24000
2025.01.16;168.91000
2025.01.17;171.05000
2025.01.21;175.51000
2025.01.22;174.79000
2025.01.23;178.43000
2025.01.24;176.01000
2025.01.27;175.24000
2025.01.28;177.82000
2025.01.29;173.66000
2025.01.30;179.47000
2025.01.31;176.52000
2025.02.03;175.88000
2025.02.04;176.19000
2025.02.05;181.82000
2025.02.06;184.82000
2025.02.07;181.46000
2025.02.10;180.55000
2025.02.11;180.60000
2025.02.12;186.00000
2025.02.13;185.48000
2025.02.14;184.34000
2025.02.18;184.95000
2025.02.19;186.10000
2025.02.20;180.87000
2025.02.21;177.32000
2025.02.24;179.93000
2025.02.25;178.26000
2025.02.26;173.06000
2025.02.27;173.85000
2025.02.28;174.61000
2025.03.03;170.20000
2025.03.04;158.90000
2025.03.05;163.11000
2025.03.06;158.42000
2025.03.07;154.22000
2025.03.10;148.09000
2025.03.11;154.02000
2025.03.12;158.84000
2025.03.13;159.31000
2025.03.14;161.71000
2025.03.17;161.88000
2025.03.18;161.49000
2025.03.19;172.65000
2025.03.20;172.81000
2025.03.21;178.10000
2025.03.24;180.78000
2025.03.25;182.53000
2025.03.26;178.53000
2025.03.27;179.10000
2025.03.28;173.30000
2025.03.31;170.45000
2025.04.01;168.14000
2025.04.02;168.57000
2025.04.03;150.91000
2025.04.04;136.59000
2025.04.07;138.93000
2025.04.08;139.53000
2025.04.09;160.92000
2025.04.10;155.52000
2025.04.11;156.82000
2025.04.14;159.38000
2025.04.15;155.50000
2025.04.16;156.40000
2025.04.17;161.88000
2025.04.21;159.24000
2025.04.22;162.57000
2025.04.23;172.34000
2025.04.24;176.31000
2025.04.25;177.92000
2025.04.28;182.29000
2025.04.29;182.00000
2025.04.30;183.20000
2025.05.01;182.85000
2025.05.02;185.40000
2025.05.05;186.47000
2025.05.06;185.84000
2025.05.07;185.54000
2025.05.08;191.83000
2025.05.09;194.76000
2025.05.12;198.55000
2025.05.13;203.36000
2025.05.14;204.67000
2025.05.15;206.21000
2025.05.16;205.72000
2025.05.19;205.25000
2025.05.20;207.69000
2025.05.21;203.13000
2025.05.22;203.27000
2025.05.23;202.38000
2025.05.27;201.03000
2025.05.28;201.45000
2025.05.29;208.24000
2025.05.30;207.13000
2025.06.02;211.42000
2025.06.03;213.42000
2025.06.04;211.97000
2025.06.05;209.20000
2025.06.06;210.81000
2025.06.09;217.51000
2025.06.10;215.85000
2025.06.11;214.01000
2025.06.12;203.73000
2025.06.13;200.47000
2025.06.16;201.72000
2025.06.17;200.27000
2025.06.18;197.64000
2025.06.20;198.71000
2025.06.23;201.19000
2025.06.24;200.90000
2025.06.25;199.04000
2025.06.26;202.56000
2025.06.27;214.51000
2025.06.30;209.48000
2025.07.01;209.84000
2025.07.02;211.91000
2025.07.03;215.76000
2025.07.07;218.51000
2025.07.08;218.55000
2025.07.09;226.52000
2025.07.10;226.05000
2025.07.11;226.82000
2025.07.14;230.42000
2025.07.15;229.93000
2025.07.16;229.81000
2025.07.17;231.00000
2025.07.18;229.36000
2025.07.21;229.45000
2025.07.22;228.35000
2025.07.23;233.81000
2025.07.24;231.18000
2025.07.25;233.09000
2025.07.28;236.42000
2025.07.29;226.15000
2025.07.30;225.94000
2025.07.31;221.79000
2025.08.01;221.90000
2025.08.04;222.39000
2025.08.05;224.69000
2025.08.06;225.08000
2025.08.07;227.40000
2025.08.08;229.16000
2025.08.11;226.00000
2025.08.12;232.51000
2025.08.13;233.37000
2025.08.14;233.14000
2025.08.15;235.30000
2025.08.18;232.47000
2025.08.19;224.95000
2025.08.20;225.44000
2025.08.21;224.47000
2025.08.22;230.10000
2025.08.25;226.87000
2025.08.26;234.74000
2025.08.27;235.60000
2025.08.28;236.19000
2025.08.29;234.78000
2025.09.02;237.37000
2025.09.03;232.35000
2025.09.04;230.75000
2025.09.05;229.64000
2025.09.08;231.00000
2025.09.09;229.54000
2025.09.10;227.47000
2025.09.11;220.04000
2025.09.12;215.94000
2025.09.15;215.73000
2025.09.16;214.98000
2025.09.17;214.60000
2025.09.18;215.60000
2025.09.19;215.63000
2025.09.22;212.08000
2025.09.23;216.35000
2025.09.24;215.18000
2025.09.25;213.47000
2025.09.26;221.24000
2025.09.29;217.07000
2025.09.30;215.83000
2025.10.01;215.16000
2025.10.02;217.29000
2025.10.03;216.36000
2025.10.06;219.63000
2025.10.07;221.81000
2025.10.08;225.33000
2025.10.09;216.04000
2025.10.10;210.85000
2025.10.13;215.53000
2025.10.14;214.37000
2025.10.15;214.04000
2025.10.16;211.89000
2025.10.17;212.92000
2025.10.20;216.80000
2025.10.21;217.26000
2025.10.22;216.61000
2025.10.23;217.72000
2025.10.24;221.37000
2025.10.27;223.04000
2025.10.28;223.34000
2025.10.29;213.64000
2025.10.30;200.09000
2025.10.31;201.06000
2025.11.03;204.55000
2025.11.04;198.03000
2025.11.05;197.58000
2025.11.06;196.54000
2025.11.07;194.57000
2025.11.10;194.71000
2025.11.11;195.27000
2025.11.12;195.51000
2025.11.13;194.59000
2025.11.14;194.53000
2025.11.17;191.85000
2025.11.18;189.59000
2025.11.19;185.61000
2025.11.20;179.41000
2025.11.21;179.72000
2025.11.24;179.04000
2025.11.25;182.40000
2025.11.26;186.93000
2025.11.28;189.09000
2025.12.01;186.51000
2025.12.02;205.47000
2025.12.03;202.49000
2025.12.04;201.92000
2025.12.05;201.88000
2025.12.08;206.27000
2025.12.09;200.27000
2025.12.10;198.69000
2025.12.11;200.75000
2025.12.12;204.39000
2025.12.15;205.51000
2025.12.16;206.72000
2025.12.17;206.36000
2025.12.18;208.26000
2025.12.19;214.14000
2025.12.22;216.79000
2025.12.23;216.84000
2025.12.24;218.57000
2025.12.26;216.42000
2025.12.29;217.38000
2025.12.30;218.52000
2025.12.31;217.14000
2026.01.02;227.75000
2026.01.05;228.13000
2026.01.06;229.80000
2026.01.07;228.11000
2026.01.08;227.26000
2026.01.09;234.41000
2026.01.12;239.76000
2026.01.13;244.47000
2026.01.14;242.55000
2026.01.15;247.65000
2026.01.16;247.65000
2026.01.20;248.91000
2026.01.21;250.05000
2026.01.22;251.38000
2026.01.23;252.00000
2026.01.26;248.27000
2026.01.27;244.53000
2026.01.28;241.63000
2026.01.29;233.82000
2026.01.30;233.70000
2026.02.02;233.02000
2026.02.03;233.03000
2026.02.04;235.85000
2026.02.05;236.89000
2026.02.06;242.99000
2026.02.09;244.66000
2026.02.10;242.50000
2026.02.11;238.02000
2026.02.12;239.25000
2026.02.13;242.92000
2026.02.17;243.85000
2026.02.18;238.75000
2026.02.19;233.66000
2026.02.20;231.88000
2026.02.23;230.29000
2026.02.24;233.37000
2026.02.25;230.26000
2026.02.26;229.30000
2026.02.27;227.39000
2026.03.02;229.41000
2026.03.03;223.81000
2026.03.04;227.13000
2026.03.05;221.99000
2026.03.06;230.91000
2026.03.09;224.66000
2026.03.10;217.58000
2026.03.11;214.02000
2026.03.12;204.72000
2026.03.13;209.78000
2026.03.16;213.44000
2026.03.17;210.81000
2026.03.18;205.80000
2026.03.19;201.13000
2026.03.20;195.09000
2026.03.23;198.39000
2026.03.24;196.29000
2026.03.25;199.34000
2026.03.26;194.37000
2026.03.27;190.38000
2026.03.30;188.93000
2026.03.31;198.99000
2026.04.01;207.20000
2026.04.02;208.11000
2026.04.06;212.16000
2026.04.07;209.88000
2026.04.08;217.73000
2026.04.09;219.89000
2026.04.10;217.40000
2026.04.13;221.47000
2026.04.14;223.60000
2026.04.15;223.95000
2026.04.16;218.79000
2026.04.17;223.32000
2026.04.20;224.83000
2026.04.21;219.05000
2026.04.22;231.33000
2026.04.23;233.96000
2026.04.24;232.48000
2026.04.27;231.29000
2026.04.28;230.53000
2026.04.29;224.09000
2026.04.30;228.91000
2026.05.01;227.14000
2026.05.04;221.30000
2026.05.05;224.19000
2026.05.06;229.76000
2026.05.07;230.81000
2026.05.08;237.21000
2026.05.11;237.96000
2026.05.12;236.83000
2026.05.13;240.48000
2026.05.14;229.23000
2026.05.15;220.48000
2026.05.18;220.51000
2026.05.19;215.02000
2026.05.20;221.62000
2026.05.21;219.40000
2026.05.22;218.97000
2026.05.26;218.94000
2026.05.27;224.37000
2026.05.28;228.69000
2026.05.29;230.96000
2026.06.01;224.25000
2026.06.02;217.63000
2026.06.03;210.54000
2026.06.04;217.24000
2026.06.05;215.33000
2026.06.08;215.81000
2026.06.09;214.47000
2026.06.10;208.95000
2026.06.11;221.39000
2026.06.12;218.90000
2026.06.15;228.85000
2026.06.16;227.17000
2026.06.17;225.37000
2026.06.18;222.33000
2026.06.22;220.62000
2026.06.23;216.69000
2026.06.24;220.06000
2026.06.25;217.96000
2026.06.26;217.07000
2026.06.29;213.80000
2026.06.30;216.15000
2026.07.01;218.63000
2026.07.02;226.01000
2026.07.06;233.92000
2026.07.07;231.55000
2026.07.08;224.87000
2026.07.09;222.96000
2026.07.10;222.08000
2026.07.13;215.47000
2026.07.14;217.19000
2026.07.15;217.79000
2026.07.16;214.28000
2026.07.17;214.03000
2026.07.20;209.39000
2026.07.21;204.75000
2026.07.22;208.67000
2026.07.23;209.05000
2026.07.24;209.29000
2026.07.27;211.24000
2026.07.28;221.51000
2026.07.29;213.50000
2026.07.30;220.90000
2026.07.31;215.83000
2026.08.03;233.22000
2026.08.04;237.05000
2026.08.05;240.08000
2026.08.06;232.03000
2026.08.07;234.35000
2026.08.10;232.61000
2026.08.11;233.05000
2026.08.12;231.18000
2026.08.13;230.21000
2026.08.14;231.60000
2026.08.17;225.98000
2026.08.18;222.29000
2026.08.19;222.04000
2026.08.20;215.02000
2026.08.21;214.15000
2026.08.24;210.36000
2026.08.25;211.08000
2026.08.26;212.04000
2026.08.27;209.76000
2026.08.28;209.64000
2026.08.31;207.73000
2026.09.01;205.47000
2026.09.02;208.60000
2026.09.03;210.33000
2026.09.04;212.04000
2026.09.08;210.62000
2026.09.09;206.50000
2026.09.10;204.97000
2026.09.11;210.42000
2026.09.14;210.13000
2026.09.15;209.49000
2026.09.16;201.79000
2026.09.17;196.91000
2026.09.18;198.18000
2026.09.21;201.04000
2026.09.22;197.75000
2026.09.23;199.76000
2026.09.24;196.68000
2026.09.25;198.04000
2026.09.28;188.07000
2026.09.29;189.48000
