close_time;symbol;profit
2021.02.01 17:00;GOOG;-501.13
2021.03.01 17:00;AAPL;-1244.95
2021.04.01 17:00;TSLA;-4242.22
2021.05.03 02:00;USOIL.cash;1458.69
2021.06.01 17:00;GOOG;1621.94
2021.07.01 17:00;META;550.73
2021.08.02 02:00;USOIL.cash;409.42
2021.09.01 17:00;GOOG;1127.61
2021.10.01 16:35;NVDA;-1754.09
2021.11.01 16:35;GOOG;1361.19
2022.02.01 16:35;NVDA;-3841.48
2022.02.01 16:35;TSLA;3367.49
2022.03.01 16:35;AAPL;-905.71
2022.06.01 01:05;XAUUSD;-1178.58
2022.07.01 01:05;GER40.cash;-2030.51
2022.08.01 01:05;UK100.cash;384.37
2022.08.01 01:05;USOIL.cash;3494.44
2022.09.01 01:05;US30.cash;-792.12
2022.09.01 09:05;EU50.cash;-1063.61
2022.10.03 16:35;AAPL;-2014.30
2022.11.01 16:35;AMZN;-1615.72
2022.11.01 16:35;TSLA;-2409.64
2022.12.01 01:05;US30.cash;668.55
2023.01.03 09:05;EU50.cash;491.73
2023.02.01 01:05;GER40.cash;315.64
2023.04.03 16:35;META;5465.08
2023.05.01 16:35;TSLA;-3671.87
2023.07.03 16:35;META;2488.56
2023.10.02 16:35;TSLA;-3111.08
2023.10.02 16:35;NVDA;15817.47
2023.11.01 01:05;USOIL.cash;-1508.95
2023.11.01 16:35;GOOG;-1317.98
2023.12.01 01:05;XAUUSD;205.25
2024.01.02 16:35;META;1130.90
2024.02.01 16:35;AMZN;478.67
2024.02.01 16:35;MSFT;2706.01
2024.05.01 16:35;META;651.31
2024.07.01 16:35;GOOG;1688.18
2024.08.01 16:35;NVDA;13946.38
2024.10.01 16:35;TSLA;2423.79
2024.10.01 16:35;AAPL;711.30
2024.11.01 01:05;XAUUSD;664.65
2024.11.01 16:35;META;-830.64
2025.01.02 16:35;NVDA;-333.38
2025.02.03 16:35;AMZN;1352.69
2025.03.03 16:35;META;-364.54
2025.03.03 16:35;TSLA;3150.14
2025.04.01 09:05;EU50.cash;-1014.45
2025.05.01 01:05;GER40.cash;-188.56
2025.06.02 01:05;EURUSD;-11.39
2025.06.02 01:05;XAUUSD;694.54
2025.07.01 16:35;TSLA;-3364.98
2025.08.01 16:35;MSFT;1337.70
2025.09.01 16:35;AMZN;841.52
2025.10.01 16:35;NVDA;6731.44
2026.01.02 16:35;TSLA;176.09
2026.03.02 16:35;GOOG;8114.20
2026.04.01 01:05;UK100.cash;-1289.67
2026.05.01 01:05;XAUUSD;1019.84
2026.06.01 01:05;USOIL.cash;-2077.54
2026.07.01 16:35;AMZN;-2823.18
2026.08.03 01:05;US100.cash;-1495.80
2026.08.03 16:35;GOOG;-582.67
2026.09.01 16:35;AAPL;343.37
2026.09.23 23:54;EU50.cash;-520.36
2026.09.23 23:54;MSFT;495.42
