symbol;group;first_d1;bars
GER40.cash;Cash CFD;2019-01-02;1954
UK100.cash;Cash CFD;2019-01-02;1957
US100.cash;Cash CFD;2019-01-02;2001
US30.cash;Cash CFD;2019-02-08;1953
US500.cash;Cash CFD;2019-01-02;2001
AUS200.cash;Cash II CFD;2019-02-08;1931
EU50.cash;Cash II CFD;2019-01-02;1973
FRA40.cash;Cash II CFD;2019-01-02;1981
HK50.cash;Cash II CFD;2019-01-02;1909
JP225.cash;Cash II CFD;2019-01-02;2001
N25.cash;Cash II CFD;2020-11-12;951
SPN35.cash;Cash II CFD;2020-11-09;1505
US2000.cash;Cash II CFD;-;0
UKOIL.cash;Cash II CFD;2019-01-02;1997
USOIL.cash;Cash II CFD;2020-12-31;1482
XAUUSD;Metals CFD;2019-01-02;1998
XAGUSD;Metals CFD;2019-01-02;1998
XPDUSD;Metals CFD;2019-01-02;1997
XPTUSD;Metals CFD;-;0
XCUUSD;Metals CFD;2024-12-02;469
AAPL;Equities I CFD;2019-01-01;1949
AMZN;Equities I CFD;2019-03-04;1864
BABA;Equities I CFD;2019-03-04;1864
BAC;Equities I CFD;2019-03-04;1864
GOOG;Equities I CFD;2019-03-04;1864
MSFT;Equities I CFD;2019-01-01;1943
NFLX;Equities I CFD;2019-03-04;1864
NVDA;Equities I CFD;2020-11-12;1474
PFE;Equities I CFD;2019-03-04;1864
RACE;Equities I CFD;2019-03-04;1864
T;Equities I CFD;2019-03-04;1864
TSLA;Equities I CFD;2019-03-04;1865
V;Equities I CFD;2019-03-04;1864
WMT;Equities I CFD;2020-11-12;1474
ZM;Equities I CFD;2020-11-12;1474
META;Equities I CFD;2019-03-04;1864
GE;Equities I CFD;2020-10-22;1488
BA;Equities I CFD;2020-10-22;1488
RTX;Equities I CFD;2020-12-07;1456
LMT;Equities I CFD;2020-10-22;1488
PLTR;Equities I CFD;2020-12-07;1457
AMD;Equities I CFD;2020-10-22;1488
INTC;Equities I CFD;2020-12-07;1456
QCOM;Equities I CFD;2020-10-22;1488
AVGO;Equities I CFD;2020-12-07;1457
CSCO;Equities I CFD;2020-10-22;1488
JNJ;Equities I CFD;2020-10-22;1488
MCD;Equities I CFD;2024-03-12;638
SBUX;Equities I CFD;2020-10-22;1488
KO;Equities I CFD;2020-10-22;1488
MSTR;Equities I CFD;2020-12-07;1448
GME;Equities I CFD;2020-12-07;1457
NKE;Equities I CFD;2020-10-22;1488
CVX;Equities I CFD;2020-10-22;1488
FDX;Equities I CFD;2020-11-18;1468
JPM;Equities I CFD;2020-10-22;1488
DIS;Equities I CFD;2020-10-22;1486
GM;Equities I CFD;2024-03-11;639
IBM;Equities I CFD;2020-10-22;1487
ARM;Equities I CFD;2026-01-05;183
SNOW;Equities I CFD;2021-04-12;1371
ASML;Equities I CFD;2020-11-18;1467
AZN;Equities I CFD;2020-01-02;1692
BRK.B;Equities I CFD;2019-12-31;1693
XOM;Equities I CFD;2020-10-22;1488
SPCX;Equities I CFD;2026-06-12;73
AIRF;Equities II CFD;2019-03-04;1893
ALVG;Equities II CFD;2019-03-04;1883
BAYGn;Equities II CFD;2019-03-04;1884
DBKGn;Equities II CFD;2019-03-04;1883
IBE;Equities II CFD;2019-03-04;1891
LVMH;Equities II CFD;2019-03-04;1892
VOWG_p;Equities II CFD;2019-03-04;1883
TTE;Equities II CFD;2022-06-24;1067
SAN;Equities II CFD;2022-10-24;995
ADSGn;Equities II CFD;2020-10-26;1115
BMW;Equities II CFD;2022-06-24;1078
MBG;Equities II CFD;2022-06-24;1077
SIEGn;Equities II CFD;2022-06-24;1077
COCOA.c;Agriculture;2023-01-19;926
COFFEE.c;Agriculture;2023-01-19;926
CORN.c;Agriculture;2023-03-30;877
SOYBEAN.c;Agriculture;2023-08-04;790
WHEAT.c;Agriculture;2023-03-27;880
COTTON.c;Agriculture;2024-11-25;460
SUGAR.c;Agriculture;2024-11-25;460
NATGAS.cash;Commodities;2024-10-23;497
HEATOIL.c;Commodities;2024-12-11;462
DXY.cash;Cash III CFD;2024-11-26;474
