close_time;symbol;profit;balance_after
2021.02.01 02:00;US500.cash;-256.57;
2021.03.01 02:00;US500.cash;29.06;
2021.03.04 02:00;US500.cash;-123.28;
2021.06.21 02:00;US500.cash;144.47;
2021.09.20 01:05;US500.cash;90.55;
2021.09.28 01:05;US500.cash;-21.85;
2021.12.02 01:05;US500.cash;-1.26;
2021.12.06 01:05;US500.cash;-57.48;
2021.12.21 01:05;US500.cash;-45.60;
2022.01.10 01:05;US500.cash;-10.20;
2022.01.14 01:05;US500.cash;-59.02;
2022.04.12 01:05;US500.cash;-48.57;
2022.04.18 01:05;US500.cash;-66.34;
2022.04.22 01:05;US500.cash;-61.20;
2022.08.31 01:05;US500.cash;-22.53;
2022.09.14 01:05;US500.cash;-146.50;
2022.11.03 01:05;US500.cash;-100.57;
2022.11.10 01:05;US500.cash;-52.38;
2022.12.19 01:05;US500.cash;-119.40;
2022.12.23 01:05;US500.cash;-57.85;
2023.01.20 01:05;US500.cash;-22.84;
2023.02.27 01:05;US500.cash;-61.65;
2023.03.01 01:05;US500.cash;-27.83;
2023.03.08 01:25;US500.cash;-62.66;
2023.08.16 01:05;US500.cash;161.46;
2023.08.25 01:05;US500.cash;-114.02;
2023.09.07 01:05;US500.cash;-60.30;
2023.09.13 01:05;US500.cash;-36.25;
2023.09.18 01:05;US500.cash;-86.48;
2024.04.16 01:05;US500.cash;475.17;
2024.07.26 01:05;US500.cash;124.83;
2024.07.31 01:05;US500.cash;-41.71;
2024.08.02 01:05;US500.cash;-106.59;
2024.09.06 01:05;US500.cash;5.61;
2024.12.19 01:05;US500.cash;151.17;
2024.12.31 01:05;US500.cash;-103.76;
2025.01.08 01:05;US500.cash;-65.76;
2025.02.25 01:05;US500.cash;-50.36;
2025.11.18 01:05;US500.cash;234.07;
2025.12.18 01:05;US500.cash;-42.11;
2026.01.21 01:05;US500.cash;-91.10;
2026.02.06 01:05;US500.cash;-164.16;
2026.02.13 01:05;US500.cash;-83.89;
2026.02.24 01:05;US500.cash;-44.62;
2026.02.27 01:05;US500.cash;-50.97;
2026.06.29 01:05;US500.cash;240.52;
2026.07.20 01:05;US500.cash;-9.61;
2026.07.24 01:05;US500.cash;-83.60;
2026.09.11 01:05;US500.cash;5.62;
2026.09.16 01:05;US500.cash;-27.69;
2026.09.23 23:49;US500.cash;66.51;
