observation_date,IR3TIB01CHM156N
1999-07-01,0.9550000000000000
1999-08-01,0.9245312500000000
1999-09-01,0.9005160000000000
1999-10-01,1.8848000000000000
1999-11-01,1.6871356000000000
1999-12-01,1.7432041818181800
2000-01-01,1.7292473500000001
2000-02-01,2.2379791904761901
2000-03-01,2.4307233043478300
2000-04-01,2.8121195000000001
2000-05-01,3.0103773181818201
2000-06-01,3.2029063500000001
2000-07-01,3.2905062857142902
2000-08-01,3.3084652727272701
2000-09-01,3.3217070952381000
2000-10-01,3.3438723636363599
2000-11-01,3.3474689545454499
2000-12-01,3.2555066842105300
2001-01-01,3.2539672857142898
2001-02-01,3.3440457499999998
2001-03-01,3.2632031363636398
2001-04-01,3.1250853684210500
2001-05-01,3.0529099047619002
2001-06-01,3.1038064500000000
2001-07-01,3.1278069090909102
2001-08-01,3.0750145909090900
2001-09-01,2.6683255500000000
2001-10-01,2.0691543478260899
2001-11-01,1.9380350909090900
2001-12-01,1.7442828888888899
2002-01-01,1.6037251428571400
2002-02-01,1.5666705999999999
2002-03-01,1.6041637500000001
2002-04-01,1.4606466190476199
2002-05-01,1.1634939000000000
2002-06-01,1.1495940499999999
2002-07-01,1.0030615217391301
2002-08-01,0.6683420476190480
2002-09-01,0.6129990952380950
2002-10-01,0.6278537391304350
2002-11-01,0.5924978571428570
2002-12-01,0.5433899500000000
2003-01-01,0.5087354761904760
2003-02-01,0.4892373500000000
2003-03-01,0.2331937142857140
2003-04-01,0.1737809000000000
2003-05-01,0.1585085000000000
2003-06-01,0.1583946500000000
2003-07-01,0.1635995217391300
2003-08-01,0.1508667000000000
2003-09-01,0.1387225909090910
2003-10-01,0.1291310434782610
2003-11-01,0.1428322500000000
2003-12-01,0.1368285714285710
2004-01-01,0.1284939000000000
2004-02-01,0.1480344500000000
2004-03-01,0.1582940434782610
2004-04-01,0.1867494500000000
2004-05-01,0.1823533684210530
2004-06-01,0.3284640454545450
2004-07-01,0.4224013636363640
2004-08-01,0.4719121818181820
2004-09-01,0.5843776818181819
2004-10-01,0.6207910476190480
2004-11-01,0.6485109999999999
2004-12-01,0.6493468636363640
2005-01-01,0.6510692380952380
2005-02-01,0.6771861000000000
2005-03-01,0.6663162380952380
2005-04-01,0.6729521904761900
2005-05-01,0.6706621500000000
2005-06-01,0.6722012272727270
2005-07-01,0.6662763809523810
2005-08-01,0.6758810909090910
2005-09-01,0.6749196363636361
2005-10-01,0.7221543809523810
2005-11-01,0.8655520909090910
2005-12-01,0.9330752000000000
2006-01-01,0.9244894761904759
2006-02-01,0.9967605000000000
2006-03-01,1.1131994347826100
2006-04-01,1.1755021666666701
2006-05-01,1.3019925714285701
2006-06-01,1.3727075714285699
2006-07-01,1.4276952857142899
2006-08-01,1.5230886363636400
2006-09-01,1.6433690000000001
2006-10-01,1.7473800909090900
2006-11-01,1.8059617272727300
2006-12-01,1.9084078235294100
2007-01-01,2.0504692380952401
2007-02-01,2.1113215500000000
2007-03-01,2.1598747727272700
2007-04-01,2.2238667368421101
2007-05-01,2.3168382500000000
2007-06-01,2.4437182857142901
2007-07-01,2.6117274090909102
2007-08-01,2.6067207272727302
2007-09-01,2.4934542500000001
2007-10-01,2.4567012608695702
2007-11-01,2.2950433181818202
2007-12-01,2.3443158823529400
2008-01-01,2.2875027142857101
2008-02-01,2.4174568095238098
2008-03-01,2.2881289473684201
2008-04-01,2.1812262272727301
2008-05-01,2.0428156000000000
2008-06-01,2.1437270952380998
2008-07-01,2.2068958260869600
2008-08-01,2.1833859000000002
2008-09-01,2.1246529999999999
2008-10-01,1.4107911818181800
2008-11-01,0.7003178461538460
2008-12-01,0.1075305000000000
2009-01-01,0.0938757000000000
2009-02-01,0.1100029444444440
2009-03-01,0.1130130476190480
2009-04-01,0.0902461818181818
2009-05-01,0.0912780588235294
2009-06-01,0.0871305263157895
2009-07-01,0.0717845652173913
2009-08-01,0.0738368095238095
2009-09-01,0.0734003809523810
2009-10-01,0.0850033333333333
2009-11-01,0.1185357857142860
2009-12-01,0.1156199090909090
2010-01-01,0.0903594000000000
2010-02-01,0.0987432500000000
2010-03-01,0.0957777272727273
2010-04-01,0.0879435000000000
2010-05-01,0.0819097500000000
2010-06-01,0.1177407500000000
2010-07-01,0.1828511904761900
2010-08-01,0.2065693500000000
2010-09-01,0.2138120952380950
2010-10-01,0.2479177500000000
2010-11-01,0.1860010500000000
2010-12-01,0.1913681111111110
2011-01-01,0.1508101904761900
2011-02-01,0.1395427500000000
2011-03-01,0.1551241739130430
2011-04-01,0.1394541111111110
2011-05-01,0.1194498636363640
2011-06-01,0.1020596500000000
2011-07-01,0.0909554761904762
2011-08-01,-0.0675968000000000
2011-09-01,-0.0610702727272727
2011-10-01,-0.0933598947368421
2011-11-01,-0.0653187000000000
2011-12-01,0.0800000000000000
2012-01-01,0.0402932857142857
2012-02-01,0.0178765000000000
2012-03-01,0.0512992500000000
2012-04-01,0.0136988333333333
2012-05-01,-0.0154980555555556
2012-06-01,-0.0573110588235294
2012-07-01,-0.1733950666666670
2012-08-01,-0.2072306666666670
2012-09-01,-0.1506580588235290
2012-10-01,-0.0633977500000000
2012-11-01,-0.1449873684210530
2012-12-01,-0.0513430000000000
2013-01-01,-0.1080856000000000
2013-02-01,-0.0634238666666667
2013-03-01,-0.0596407368421053
2013-04-01,-0.0647253333333333
2013-05-01,-0.0588117500000000
2013-06-01,-0.0602111052631579
2013-07-01,-0.0558058260869565
2013-08-01,-0.0606504500000000
2013-09-01,-0.0511073157894737
2013-10-01,0.0159292000000000
2013-11-01,-0.0169540555555556
2013-12-01,0.0174349166666667
2014-01-01,-0.0433244000000000
2014-02-01,-0.0479667500000000
2014-03-01,-0.0400058571428571
2014-04-01,-0.0292094000000000
2014-05-01,-0.0316025500000000
2014-06-01,-0.0124410000000000
2014-07-01,0.0333333333333333
2014-08-01,0.0380000000000000
2014-09-01,0.0250000000000000
2014-10-01,0.0400000000000000
2014-11-01,0.0414285714285714
2014-12-01,0.0402343750000000
2015-01-01,-0.4166666666666670
2015-02-01,-0.6750000000000000
2015-03-01,-0.7888426250000000
2015-04-01,-0.6854166666666670
2015-05-01,-0.8154167500000000
2015-06-01,-0.7675758333333330
2015-07-01,-0.7443055000000000
2015-08-01,-0.7812500000000000
2015-09-01,-0.7561761666666670
2015-10-01,-0.8450000000000000
2015-11-01,-0.6808330000000000
2015-12-01,-0.7402138333333330
2016-01-01,-0.7458730000000000
2016-02-01,-0.8886364000000000
2016-03-01,-0.7741670000000000
2016-04-01,-0.7468750000000000
2016-05-01,-0.7653750000000000
2016-06-01,-0.7186450000000000
2016-07-01,-0.7700000000000000
2016-08-01,-0.7500000000000000
2016-09-01,-0.7500000000000000
2016-10-01,-0.7500000000000000
2016-11-01,-0.7600000000000000
2016-12-01,-0.8000000000000000
2017-01-01,-0.9300000000000000
2017-02-01,-0.8037781666666670
2017-03-01,-0.8149999999999999
2017-04-01,-0.7901191000000000
2017-05-01,-0.8977082500000000
2017-06-01,-0.7750000000000000
2017-07-01,-0.8058333333333330
2017-08-01,-0.8149999999999999
2017-09-01,-0.8452499999999999
2017-10-01,-0.9251852222222220
2017-11-01,-0.9066421666666670
2017-12-01,-0.8643055555555560
2018-01-01,-0.8715474500000000
2018-02-01,-0.8715625000000000
2018-03-01,-0.7952407500000001
2018-04-01,-0.8002351500000000
2018-05-01,-0.7861775000000000
2018-06-01,-0.7904771428571430
2018-07-01,-0.7804359090909090
2018-08-01,-0.7772809090909090
2018-09-01,-0.7802838888888890
2018-10-01,-0.8310764285714290
2018-11-01,-0.8149999999999999
2018-12-01,-0.7760000000000000
2019-01-01,-0.8135035555555560
2019-02-01,-0.7686175714285710
2019-03-01,-0.7565752222222220
2019-04-01,-0.7475000000000001
2019-05-01,-0.7752625000000000
2019-06-01,-0.7805550000000000
2019-07-01,-0.8400000000000000
2019-08-01,-0.8075000000000000
2019-09-01,-0.7912500000000000
2019-10-01,-0.7565909090909090
2019-11-01,-0.7056433333333330
2019-12-01,-0.7366666666666670
2020-01-01,-0.7487500000000000
2020-02-01,-0.7164475000000000
2020-03-01,-0.6750000000000000
2020-04-01,-0.6245833333333330
2020-05-01,-0.6633488888888890
2020-06-01,-0.6658145000000000
2020-07-01,-0.6907134782608700
2020-08-01,-0.7068071428571430
2020-09-01,-0.7087140909090910
2020-10-01,-0.6981818181818180
2020-11-01,-0.7300000000000000
2020-12-01,-0.7427272727272730
2021-01-01,-0.7298380000000000
2021-02-01,-0.7324240000000000
2021-03-01,-0.7300000000000000
2021-04-01,-0.7285415000000000
2021-05-01,-0.7352210526315790
2021-06-01,-0.7377272727272730
2021-07-01,-0.7361363636363640
2021-08-01,-0.7381818181818181
2021-09-01,-0.8200000000000000
2021-10-01,-0.7266923809523810
2021-11-01,-0.6939609090909090
2021-12-01,-0.7174565217391300
2022-01-01,-0.7141909523809520
2022-02-01,-0.6847920000000000
2022-03-01,-0.6821743478260870
2022-04-01,-0.6725000000000000
2022-05-01,-0.6850000000000001
2022-06-01,-0.5085714285714290
2022-07-01,-0.1100000000000000
2022-08-01,-0.0245454545454545
2022-09-01,0.1475000000000000
2022-10-01,0.5287500000000001
2022-11-01,0.5400000000000000
2022-12-01,0.7363490476190480
2023-01-01,0.9869047619047620
2023-02-01,1.0000000000000000
2023-03-01,1.3638226086956500
2023-04-01,1.4500000000000000
2023-05-01,1.4500000000000000
2023-06-01,1.5904545454545500
2023-07-01,1.7200000000000000
2023-08-01,1.7672727272727300
2023-09-01,1.7700000000000000
2023-10-01,1.7700000000000000
2023-11-01,1.7318181818181799
2023-12-01,1.6525000000000001
2024-01-01,1.6852380952381001
2024-02-01,1.7000000000000000
2024-03-01,1.5000000000000000
2024-04-01,1.5000000000000000
2024-05-01,1.5000000000000000
2024-06-01,1.4270000000000000
2024-07-01,1.1934782608695700
2024-08-01,1.0664723809523800
2024-09-01,1.0221428571428599
2024-10-01,0.8944926086956519
2024-11-01,0.8065080952380950
2024-12-01,0.6007500000000000
2025-01-01,0.4080952380952380
2025-02-01,0.3712500000000000
2025-03-01,0.3129119047619050
2025-04-01,0.1558500000000000
2025-05-01,0.0920000000000000
2025-06-01,0.0396030000000000
2025-07-01,-0.0406521739130435
2025-08-01,-0.0615000000000000
2025-09-01,-0.0596968181818182
2025-10-01,-0.0643113043478261
2025-11-01,-0.0475000000000000
2025-12-01,-0.0482128571428571
2026-01-01,-0.0388865000000000
2026-02-01,-0.0435000000000000
2026-03-01,-0.0411959090909091
2026-04-01,-0.0398335000000000
2026-05-01,-0.0394444444444444
2026-06-01,-0.0451195454545455
2026-07-01,-0.0448913043478261
2026-08-01,-0.0450000000000000
