date,side,entry,exit,hit,width_pct,bruto_bp
2021-01-04,1,1927.56,1932.46,time,0.0034698649769932064,25.420739172840747
2021-01-05,1,1942.6,1942.93,time,0.002902787552558182,1.6987542468864132
2021-01-06,1,1948.79,1954.46,time,0.0036812528599118014,29.094976883091935
2021-01-08,-1,1904.84,1891.24,time,0.0029913847072660454,71.397072720018
2021-01-11,1,1849.51,1849.42,time,0.01195239714382852,-0.48661537380126707
2021-01-12,1,1860.84,1856.26,time,0.006405452182868047,-24.612540573074135
2021-01-13,-1,1856.41,1855.51,time,0.002570486725425756,4.848066967965541
2021-01-14,-1,1836.33,1843.39,time,0.004416831710030046,-38.44624876792392
2021-01-19,1,1842.88,1843.94,time,0.0029256620805915936,5.7518666435142025
2021-01-20,1,1854.8,1855.83,time,0.003413872638783194,5.553159370282363
2021-01-21,-1,1869.95,1870.54,time,0.002632724282208852,-3.155164576592519
2021-01-26,-1,1853.82,1854.12,time,0.004252387257910027,-1.618280091918064
2021-01-27,1,1852.11,1845.47,stop,0.0031595063812290256,-35.851002370268894
2021-01-28,-1,1835.03,1839.31,stop,0.002280625838565467,-23.3238693645334
2021-02-01,1,1869.89,1861.96,time,0.005542248907124334,-42.4089117541677
2021-02-02,-1,1851.29,1848.73,time,0.0025819944964167217,13.828195474506671
2021-02-03,-1,1835.56,1833.47,time,0.0034408064424072205,11.386170977793798
2021-02-04,1,1825.62,1815.89,stop,0.004691895218002793,-53.296962127933476
2021-02-05,1,1799.23,1807.61,time,0.002849890902613824,46.57547951067891
2021-02-08,1,1816.53,1810.26,stop,0.0031713027435905216,-34.516358111344054
2021-02-09,1,1843.52,1843.49,time,0.002814070351758705,-0.16273216455461678
2021-02-10,1,1845.98,1840.87,stop,0.002474025445568821,-27.681773366992747
2021-02-11,1,1844.71,1841.75,time,0.00476740551486076,-16.045882550645015
2021-02-12,-1,1816.84,1815.94,time,0.0030853014482250685,4.953655797978158
2021-02-15,-1,1817.62,1817.83,time,0.004944504657767285,-1.1553570053148425
2021-02-16,-1,1819.94,1822.48,time,0.0035047978433701455,-13.956504060573225
2021-02-17,-1,1788.57,1789.07,time,0.002975467742970905,-2.7955293894004707
2021-02-18,-1,1781.6,1784.53,stop,0.0015029245341214698,-16.44589133363305
2021-02-23,-1,1809.65,1808.65,time,0.0026817788029114007,5.525930428535904
2021-02-24,-1,1805.32,1810.11,stop,0.0022676238620399263,-26.532692265082996
2021-02-25,-1,1792.65,1788.46,time,0.004412235189383964,23.37321841965835
2021-02-26,-1,1757.85,1768.05,time,0.00868752654679323,-58.02542879085272
2021-03-01,1,1757.28,1747.68,stop,0.0049315068493149955,-54.62988254575201
2021-03-02,1,1723.01,1721.9,time,0.006810112055179999,-6.442214496723176
2021-03-03,-1,1728.78,1726.38,time,0.003069643990537151,13.882622427375743
2021-03-04,1,1720.94,1706.66,stop,0.007884838174055902,-82.97790742268745
2021-03-05,1,1699.53,1691.65,stop,0.0046179297166430815,-46.36575994539598
2021-03-08,-1,1702.88,1695.57,time,0.0032752978675408126,42.92727614394539
2021-03-09,1,1694.8,1703.28,time,0.0043824760102317405,50.035402407363804
2021-03-10,1,1715.97,1713.27,time,0.003281694335281654,-15.734540813650852
2021-03-11,1,1736.49,1738.38,time,0.002953749588955814,10.884024670456496
2021-03-12,-1,1708.99,1705.49,time,0.005878442212813562,20.479932591764726
2021-03-15,1,1728.43,1728.43,time,0.0036930854656504735,0.0
2021-03-16,-1,1730.13,1731.01,time,0.0036909094054752858,-5.086322993069201
2021-03-18,-1,1745.91,1736.67,time,0.0045960211588253344,52.92369022458207
2021-03-19,1,1744.16,1743.93,time,0.007738547640433943,-1.3186863590497326
2021-03-22,-1,1729.31,1730.32,time,0.007769059103016215,-5.840479728909166
2021-03-23,1,1739.62,1739.91,time,0.0033109246116861243,1.667030730850364
2021-03-24,-1,1728.63,1731.33,time,0.0025177716565897477,-15.619305461549423
2021-03-25,-1,1731.36,1732.51,time,0.003381015053292683,-6.642177247944339
2021-03-29,-1,1725.33,1726.89,time,0.0034177753231995705,-9.04174853506386
2021-03-30,-1,1704.33,1697.53,time,0.002144853815905956,39.898376488121166
2021-03-31,1,1684.74,1683.93,time,0.0034862898380004998,-4.807863527903091
2021-04-01,1,1717.19,1718.54,time,0.002867061203873792,7.861681002101742
2021-04-05,-1,1721.49,1725.97,stop,0.002180860627925451,-26.023967609454704
2021-04-06,1,1737.68,1732.6,stop,0.002921962844389724,-29.23438147415033
2021-04-07,1,1739.6,1739.69,time,0.0017321198903182502,0.5173603127164034
2021-04-08,1,1745.91,1745.1,time,0.004996984578271758,-4.639414402805258
2021-04-09,-1,1748.6,1746.51,time,0.0024436058029929605,11.95241907811917
2021-04-12,1,1740.68,1739.51,time,0.002923320385555993,-6.721511133580398
2021-04-13,-1,1724.98,1727.53,time,0.006391142546748923,-14.78278009020368
2021-04-14,1,1746.11,1745.06,time,0.0025530620967811595,-6.013366855467035
2021-04-15,1,1743.41,1744.83,time,0.0030337679052636866,8.14495729633216
2021-04-19,-1,1776.11,1779.69,stop,0.0017602811950791475,-20.156409231411086
2021-04-20,-1,1768.0,1770.17,time,0.004192966763825399,-12.273755656109008
2021-04-21,1,1785.78,1780.33,stop,0.003028552520148338,-30.51887690533014
2021-04-22,-1,1789.27,1791.44,time,0.0028223849710788903,-12.127851023043323
2021-04-23,-1,1782.61,1782.78,time,0.002683360643110213,-0.9536578387873554
2021-04-26,-1,1778.08,1778.87,time,0.002104820037886761,-4.442994690902342
2021-04-27,-1,1777.69,1777.69,time,0.0030721793658505235,-0.0
2021-04-28,-1,1768.09,1769.18,time,0.002033323919796616,-6.164844549769217
2021-04-29,-1,1782.87,1781.15,time,0.0021677089780681165,9.64736632508147
2021-04-30,1,1769.81,1769.51,time,0.002280153330410044,-1.695097213824956
2021-05-03,1,1776.03,1775.53,time,0.0022157010325843723,-2.8152677601166647
2021-05-05,-1,1777.53,1775.58,time,0.0032687630933058674,10.970278982633461
2021-05-06,1,1793.35,1792.1,time,0.002558459114929645,-6.970195444280258
2021-05-11,-1,1834.1,1835.0,time,0.0019168667940947335,-4.9070388746529146
2021-05-12,1,1831.48,1832.37,time,0.0028874864649071808,4.859457924737767
2021-05-13,1,1820.45,1815.99,stop,0.0024035090131587396,-24.49943695240208
2021-05-14,1,1827.19,1833.58,time,0.0038939955685233034,34.971732551075
2021-05-19,1,1873.38,1866.4,stop,0.0032309486364754648,-37.258858320255456
2021-05-20,-1,1873.13,1874.04,time,0.003155398022546089,-4.858178556746485
2021-05-24,-1,1882.85,1881.99,time,0.0017828338568638574,4.567543882942879
2021-05-25,1,1882.52,1882.12,time,0.003602221014376907,-2.124811422986693
2021-05-26,-1,1901.88,1907.75,stop,0.0025770287540774956,-30.86419753086362
2021-05-27,1,1902.46,1895.32,stop,0.0036497023096348793,-37.530355434543175
2021-05-28,-1,1889.4,1894.34,stop,0.002489448912121295,-26.145866412616844
2021-05-31,-1,1904.82,1904.47,time,0.0029352412401394954,1.8374439579588049
2021-06-01,1,1913.75,1909.87,stop,0.0017786426863782604,-20.274330502939826
2021-06-03,-1,1899.4,1892.05,time,0.002931827137790583,38.696430451722314
2021-06-04,1,1871.63,1871.04,time,0.002970479852921203,-3.1523324588735244
2021-06-07,-1,1883.01,1884.75,time,0.0028206351731084973,-9.24052447942395
2021-06-08,-1,1894.08,1891.02,time,0.001887508699411565,16.15560060821056
2021-06-09,-1,1891.86,1892.78,time,0.0021538753919736085,-4.862939118116947
2021-06-10,-1,1881.78,1878.87,time,0.002800644997029604,15.464081879922636
2021-06-11,1,1901.27,1898.49,stop,0.0012686247002808774,-14.621805424794863
2021-06-14,-1,1859.83,1858.35,time,0.0033004805821726236,7.957716565492643
2021-06-15,1,1867.65,1865.62,time,0.003509261445343624,-10.86927422161647
2021-06-16,1,1861.35,1860.4,time,0.0028789521690348024,-5.103822494425112
2021-06-17,-1,1816.21,1811.39,time,0.004047593549113396,26.53878130832853
2021-06-18,1,1787.23,1792.11,time,0.00287455347762141,27.30482366567192
2021-06-21,1,1777.79,1778.44,time,0.005915422997900261,3.6562248634545753
2021-06-22,-1,1777.98,1777.65,time,0.006017750683580623,1.8560388755774937
2021-06-24,1,1777.52,1777.31,time,0.0025406947758019895,-1.1814213060895877
2021-06-25,1,1780.83,1782.63,time,0.002794890467848934,10.107646434528743
2021-06-29,-1,1773.29,1768.88,time,0.002870958843960649,24.869028754461226
2021-06-30,-1,1755.59,1754.67,time,0.0041982553664100366,5.240403511069472
2021-07-01,1,1777.77,1777.74,time,0.002360330671623955,-0.16875073828432652
2021-07-02,-1,1776.83,1779.77,stop,0.00140566313564087,-16.546321257520724
2021-07-05,-1,1785.21,1788.42,stop,0.0017684851469634,-17.981077856386847
2021-07-06,1,1805.52,1806.99,time,0.004226451141724903,8.141698790376331
2021-07-07,1,1803.29,1806.16,time,0.002838991408023012,15.91535471277564
2021-07-08,1,1802.13,1806.31,time,0.0018187734125361776,23.194775071719775
2021-07-09,-1,1798.18,1805.03,time,0.003898830073678445,-38.0940728959276
2021-07-12,-1,1800.01,1805.6,stop,0.0028896364105279325,-31.055383025649405
2021-07-14,1,1813.92,1811.22,stop,0.0014840847086863393,-14.884890182588236
2021-07-15,1,1831.94,1829.9,time,0.0034268509648283665,-11.135735886546303
2021-07-16,-1,1824.32,1823.0,time,0.00253993277936529,7.235572706542363
2021-07-19,-1,1809.45,1804.41,time,0.0026531563459252236,27.853767719472565
2021-07-20,-1,1813.92,1812.98,time,0.0019984859954580467,5.182146952456859
2021-07-21,1,1810.57,1806.31,stop,0.0019302510155941104,-23.528502073932472
2021-07-22,1,1800.95,1797.26,stop,0.0019621739553369036,-20.489186262806044
2021-07-23,1,1805.42,1808.23,time,0.001735307407212271,15.564245438734174
2021-07-26,-1,1804.81,1809.28,stop,0.0024404078414012047,-24.76715000470979
2021-07-27,-1,1794.42,1799.75,stop,0.002887897816270747,-29.703191003220688
2021-07-28,-1,1803.47,1801.9,time,0.0021601262843059022,8.705440068312399
2021-07-29,1,1818.59,1816.58,time,0.0020480408727296903,-11.052518709549657
2021-07-30,1,1830.25,1828.92,time,0.0021665034494455374,-7.266766835131415
2021-08-02,-1,1809.02,1809.04,time,0.0022138245337028515,-0.11055709721275503
2021-08-03,-1,1808.51,1809.08,time,0.0015957549605065005,-3.151765818269937
2021-08-05,1,1811.83,1808.59,stop,0.0017401728571705291,-17.882472417390204
2021-08-06,1,1801.41,1798.87,stop,0.0013332814834979146,-14.100066059365668
2021-08-09,1,1747.31,1748.32,time,0.006006523337008474,5.7803137394050905
2021-08-11,-1,1731.82,1732.93,time,0.0019094152632080905,-6.409442089825313
2021-08-12,1,1753.19,1756.84,time,0.0022328375596398077,20.819192443487946
2021-08-13,1,1757.44,1757.47,time,0.0014466999293736836,0.17070284049511059
2021-08-16,-1,1772.24,1774.59,time,0.003580859293624775,-13.260055071547358
2021-08-17,1,1792.77,1791.47,time,0.003940870177674525,-7.251348471917505
2021-08-18,1,1792.77,1787.88,stop,0.0024524112118206624,-27.276226175136088
2021-08-19,1,1782.03,1780.02,time,0.0037014119367721927,-11.279271392737446
2021-08-20,1,1787.05,1783.16,stop,0.0021231838794882867,-21.76771774712444
2021-08-23,-1,1786.12,1788.64,stop,0.0013874902092424852,-14.108794481894886
2021-08-24,1,1804.18,1800.73,stop,0.0018031963736333853,-19.12226052832891
2021-08-25,1,1796.94,1793.02,time,0.002781052062520731,-21.814863044954603
2021-08-26,-1,1785.44,1786.12,time,0.001683779497607182,-3.8085849986548763
2021-08-27,1,1802.75,1797.19,stop,0.003061204647919792,-30.841769518790432
2021-08-30,-1,1813.32,1814.28,time,0.0026655211534437795,-5.294156574680897
2021-08-31,1,1817.83,1815.46,time,0.0026611936803538094,-13.037522760653587
2021-09-01,1,1816.64,1812.59,stop,0.0018519845447480955,-22.293905231637428
2021-09-02,1,1815.26,1814.94,time,0.0021295376806796315,-1.762832872425638
2021-09-07,-1,1816.28,1816.35,time,0.005023180743924883,-0.3854031316753823
2021-09-08,-1,1795.98,1800.8,stop,0.0026133615057410803,-26.837715342041314
2021-09-09,1,1791.21,1792.72,time,0.00221404689753885,8.430055660698583
2021-09-13,-1,1789.28,1790.2,time,0.0018921581486990005,-5.141732987570826
2021-09-14,1,1794.09,1790.05,stop,0.001869706567693221,-22.518379791426092
2021-09-15,-1,1801.28,1802.19,time,0.0012535637819908318,-5.0519630484992994
2021-09-16,-1,1785.7,1786.38,time,0.004670182338219466,-3.8080304642440703
2021-09-17,1,1763.16,1761.68,time,0.002971211066767043,-8.394019828036129
2021-09-20,1,1752.28,1754.19,time,0.0039061047899824866,10.900084461387916
2021-09-21,1,1763.47,1760.81,stop,0.0014755037994223607,-15.083897089261976
2021-09-22,1,1779.63,1776.82,time,0.001991437941955879,-15.78979900316455
2021-09-23,-1,1760.54,1766.76,stop,0.0023573679080626984,-35.33006918331891
2021-09-24,1,1756.51,1754.98,time,0.0028696696456842123,-8.710454253035694
2021-09-27,-1,1757.28,1760.59,stop,0.0014835572405834758,-18.835928252753945
2021-09-28,-1,1745.46,1743.1,time,0.0033193266508793617,13.520791080861935
2021-09-29,1,1741.07,1737.12,stop,0.002196626855200982,-22.687198102316653
2021-09-30,-1,1729.84,1733.27,time,0.0025162604675859064,-19.828423438006197
2021-10-01,1,1756.44,1751.73,time,0.002805976959050898,-26.815604290496893
2021-10-04,-1,1757.23,1754.67,time,0.002426198397118098,14.56838319400389
2021-10-05,-1,1756.07,1759.33,time,0.003189067354125822,-18.564180243384325
2021-10-06,-1,1750.83,1747.72,time,0.00292551902300204,17.763003832467458
2021-10-07,1,1761.26,1764.94,time,0.0025018906332625584,20.894132609609393
2021-10-08,-1,1755.31,1756.02,time,0.0025991235778044723,-4.0448695671991635
2021-10-11,-1,1754.25,1756.13,time,0.003004438374871954,-10.716830554368586
2021-10-12,1,1762.37,1757.41,time,0.0031602760125956017,-28.14391983522081
2021-10-13,1,1763.31,1767.03,time,0.001748261671633278,21.096687479796678
2021-10-14,1,1791.87,1795.48,time,0.002329940857496373,20.146550810048314
2021-10-15,-1,1791.28,1788.81,time,0.0023751644773523,13.789022375061561
2021-10-18,-1,1765.83,1765.14,time,0.002442375209891712,3.907510915545818
2021-10-19,1,1778.21,1781.92,time,0.0024893835114951353,20.86367751840354
2021-10-20,1,1777.81,1777.44,time,0.0024507525500503595,-2.0812122780268467
2021-10-21,-1,1781.62,1783.03,time,0.0030133472238557863,-7.914145552924204
2021-10-22,1,1788.29,1793.97,time,0.00129830157530985,31.76218622259289
2021-10-26,1,1805.99,1801.82,stop,0.0020956805694928634,-23.089828847336214
2021-10-27,1,1790.29,1785.48,stop,0.002466877553931527,-26.867155600489003
2021-10-28,1,1802.33,1801.95,time,0.0021107944919374214,-2.1083819278371982
2021-10-29,1,1798.04,1795.35,time,0.0023560275036969684,-14.960735022580447
2021-11-01,1,1787.08,1783.5,stop,0.0018429875444291436,-20.032679007094966
2021-11-02,1,1795.11,1792.52,time,0.0027168986072408515,-14.42808518697973
2021-11-04,-1,1773.14,1773.52,time,0.0018639433946857596,-2.143090788092772
2021-11-05,1,1797.2,1796.89,time,0.002468344732479942,-1.7249054084127833
2021-11-08,-1,1815.6,1813.31,time,0.0030737000695569778,12.612910332672195
2021-11-09,-1,1821.12,1823.8,time,0.002603032121416378,-14.716218590757686
2021-11-10,-1,1823.33,1826.57,time,0.0017581767542741544,-17.769685136535948
2021-11-11,1,1855.87,1861.26,time,0.004645208683299469,29.04298253649286
2021-11-12,-1,1853.17,1849.47,time,0.0026484790086506605,19.965788351851394
2021-11-15,1,1859.44,1860.52,time,0.0014854842355676546,5.808200318375033
2021-11-16,-1,1863.48,1867.79,stop,0.00205265626046757,-23.128769828492633
2021-11-17,1,1856.17,1860.26,time,0.0022275138410591255,22.03461967384409
2021-11-18,1,1868.27,1865.64,time,0.002541595843364778,-14.07719440980095
2021-11-19,-1,1857.34,1853.03,time,0.0026541302887844484,23.205228983384547
2021-11-23,1,1808.93,1803.41,stop,0.00297326552589974,-30.515276986947985
2021-11-24,1,1795.93,1792.35,stop,0.001956407233690331,-19.93396179138471
2021-11-25,1,1794.27,1793.79,time,0.001427973783293792,-2.6751826648164334
2021-11-26,1,1803.53,1802.76,time,0.004540440205959299,-4.269405000193963
2021-11-29,1,1796.79,1797.94,time,0.0030324145043061704,6.400302762148559
2021-12-01,-1,1777.17,1778.41,time,0.009625210324003984,-6.977385393631499
2021-12-02,-1,1775.0,1770.6,time,0.0023462753582007643,24.78873239436671
2021-12-03,-1,1771.04,1768.3,time,0.0026943086956276513,15.471135603938981
2021-12-06,-1,1780.78,1779.43,time,0.0027920432374246022,7.580947674613984
2021-12-07,1,1783.63,1780.36,time,0.003640183582097819,-18.333398743014016
2021-12-08,-1,1787.27,1788.95,time,0.0022631071623150497,-9.399810884757557
2021-12-09,-1,1783.86,1787.11,stop,0.001797810703414333,-18.218918524996358
2021-12-10,-1,1770.72,1771.66,time,0.004528505930990956,-5.308575042920702
2021-12-13,-1,1783.49,1786.96,stop,0.0016410015149860761,-19.456234685924944
2021-12-14,-1,1785.06,1785.09,time,0.0017292566155258959,-0.1680615777619392
2021-12-15,-1,1767.42,1769.08,time,0.002096785588131423,-9.392221430106337
2021-12-16,1,1785.27,1786.91,time,0.0022826888616561195,9.186285547844864
2021-12-17,1,1808.12,1807.64,time,0.0029535058335895775,-2.6546910603266975
2021-12-20,-1,1800.93,1802.06,time,0.0016697593272145756,-6.274535934211111
2021-12-21,1,1793.72,1796.62,time,0.0025402603348118695,16.167517784268803
2021-12-22,-1,1786.62,1789.29,stop,0.0012694648953809832,-14.94442019008
2021-12-27,-1,1808.15,1805.99,time,0.0013040114929827205,11.945911567071768
2021-12-28,1,1815.85,1815.13,time,0.0032276129181759497,-3.965085221795853
2021-12-29,-1,1805.03,1803.96,time,0.0011569813305284846,5.9278793150248825
2021-12-30,-1,1796.46,1801.85,stop,0.0025784510399937052,-30.003451231866407
2021-12-31,1,1819.67,1817.04,stop,0.0012155246143734611,-14.453170080289883
2022-01-03,-1,1823.29,1823.3,time,0.0012549148548490752,-0.05484591041464005
2022-01-04,1,1806.15,1803.19,stop,0.0016014318684941125,-16.388450571658147
2022-01-05,1,1817.43,1816.83,time,0.0023857998077033934,-3.301365114475586
2022-01-06,-1,1797.73,1795.32,time,0.004441253198561717,13.40579508602561
2022-01-07,-1,1788.48,1789.61,time,0.0022781714324003745,-6.318214349614655
2022-01-10,1,1794.4,1796.94,time,0.0015059820955462227,14.155149353544157
2022-01-11,1,1809.84,1808.74,time,0.002345534909193506,-6.0778853379299225
2022-01-12,-1,1817.52,1816.59,time,0.002077333978149509,5.1168625379641695
2022-01-13,-1,1824.24,1819.8,time,0.002113643955033116,24.33890277595083
2022-01-14,1,1828.8,1825.55,stop,0.0014013345522024192,-17.77121609798775
2022-01-17,1,1821.19,1822.78,time,0.001264139121258398,8.730555296261885
2022-01-18,-1,1814.29,1812.28,time,0.0016237563815002106,11.078713987289744
2022-01-19,1,1815.06,1814.61,time,0.0020408726109379994,-2.4792568840701987
2022-01-20,1,1840.88,1840.57,time,0.0012231019496245076,-1.6839772282830645
2022-01-21,1,1842.13,1839.75,stop,0.0012765321781169298,-12.919826505187523
2022-01-24,1,1840.2,1841.1,time,0.0018444914182179561,4.890772742092509
2022-01-25,-1,1839.68,1838.39,time,0.001265015269765824,7.012089058966579
2022-01-26,-1,1846.3,1845.04,time,0.001282818086111258,6.824459730271305
2022-01-28,-1,1796.62,1792.15,time,0.0014292586485442772,24.880052543107613
2022-01-31,1,1789.86,1792.42,time,0.002137074892726764,14.302794631983357
2022-02-01,1,1803.71,1805.96,time,0.003983521444068233,12.474289104124276
2022-02-02,1,1799.01,1796.6,stop,0.0013182888943895506,-13.396256830145925
2022-02-03,-1,1804.88,1805.27,time,0.0012845570769681885,-2.1608084748009433
2022-02-04,1,1808.93,1809.62,time,0.0011677426317377657,3.8144096233675553
2022-02-07,1,1811.32,1812.46,time,0.001397786193960775,6.293752622397479
2022-02-08,-1,1818.71,1819.29,time,0.0018729523166112496,-3.189073574126316
2022-02-09,-1,1826.3,1826.5,time,0.001460744542040213,-1.095110332366235
2022-02-11,1,1825.62,1826.88,time,0.0018588532684837187,6.901764879877621
2022-02-14,1,1855.0,1856.59,time,0.0018185104942084979,8.57142857142813
2022-02-15,-1,1875.46,1858.66,time,0.0014802430154360446,89.57802352489497
2022-02-16,1,1856.42,1857.05,time,0.002022484635858383,3.39362859697634
2022-02-17,1,1884.39,1886.9,time,0.003479281731102741,13.31996030545689
2022-02-18,1,1894.62,1893.42,time,0.0020459898334924402,-6.3337239129736735
2022-02-21,1,1897.67,1896.53,time,0.004887830886335475,-6.007366928918621
2022-02-22,1,1911.26,1907.28,stop,0.0020741020081078724,-20.82395906365444
2022-02-23,-1,1893.12,1894.99,time,0.0033955499314561994,-9.877873563219016
2022-02-25,1,1919.85,1910.9,stop,0.004662296742396273,-46.618225382190374
2022-02-28,-1,1905.77,1901.25,time,0.00303300951547814,23.71744754088889
2022-03-01,1,1909.25,1912.51,time,0.002213236412459172,17.07476757889219
2022-03-02,1,1941.04,1938.45,time,0.004307806737533778,-13.343362321229435
2022-03-03,1,1931.07,1928.61,time,0.003941127141592468,-12.739051406733244
2022-03-07,1,1991.75,1995.61,time,0.007747815413464725,19.379942261829544
2022-03-09,-1,2041.61,2034.87,time,0.006983481848064266,33.01316118161651
2022-03-10,-1,1975.38,1979.56,time,0.006734957963267948,-21.160485577457685
2022-03-11,1,1993.27,1994.04,time,0.005356504578703918,3.8629989916066654
2022-03-15,-1,1925.79,1929.23,time,0.009256890336085634,-17.862799162941208
2022-03-16,-1,1914.83,1914.98,time,0.0029769895909637343,-0.7833593582724887
2022-03-17,-1,1932.23,1936.71,time,0.0025988452447073575,-23.18564560119664
2022-03-21,-1,1923.91,1924.0,time,0.0021589304990451306,-0.46779735018747315
2022-03-22,1,1938.34,1933.67,stop,0.002391547455171337,-24.092780420358896
2022-03-23,-1,1919.2,1921.47,time,0.002174478489309714,-11.82784493538965
2022-03-24,1,1942.49,1943.69,time,0.0022835345816312395,6.1776379801185355
2022-03-25,-1,1956.27,1955.58,time,0.0033877896713231117,3.5271204895032615
2022-03-28,-1,1932.44,1934.17,time,0.007806723057143714,-8.952412494049069
2022-03-29,-1,1920.14,1919.28,time,0.003553819056575302,4.478840084577829
2022-03-30,-1,1921.65,1923.31,time,0.002774501602872138,-8.63840969999664
2022-03-31,1,1929.4,1931.33,time,0.004206585464141286,10.003109775058755
2022-04-01,-1,1933.1,1929.73,time,0.002876018805135494,17.43313848223005
2022-04-04,1,1921.78,1931.21,time,0.0030756238564153297,49.069092195777166
2022-04-05,1,1930.87,1926.51,stop,0.0022139896144702533,-22.58049480286037
2022-04-06,-1,1919.53,1922.88,time,0.002137791313077145,-17.45218881705489
2022-04-07,1,1925.81,1925.68,time,0.0026883467707339774,-0.6750406322528275
2022-04-08,1,1932.81,1930.46,time,0.0024870466321244467,-12.158463584107642
2022-04-11,1,1946.45,1946.99,time,0.0032011198773075735,2.77428138405797
2022-04-12,-1,1954.51,1954.47,time,0.00234416295762883,0.20465487513475816
2022-04-13,-1,1967.54,1970.3,time,0.0029991398406041324,-14.027669068989656
2022-04-14,-1,1971.29,1977.65,stop,0.0027545280085876736,-32.263137336465604
2022-04-18,1,1988.83,1992.64,time,0.002760232504256207,19.156991799199396
2022-04-19,1,1979.79,1978.11,time,0.003026760000202468,-8.485748488476371
2022-04-20,-1,1940.16,1942.54,time,0.0037648123765634954,-12.267029523337671
2022-04-21,-1,1949.76,1949.14,time,0.0021159250255525404,3.179878549154208
2022-04-22,1,1954.81,1949.68,time,0.003688096783045951,-26.242959673829592
2022-04-26,-1,1900.41,1898.9,time,0.003140014177321546,7.945653832593971
2022-04-27,1,1901.25,1895.88,stop,0.002581216121538333,-28.244575936883056
2022-04-28,1,1883.53,1886.08,time,0.005821462715741685,13.538409263457202
2022-04-29,1,1910.03,1915.57,time,0.004232526387648977,29.00478002963285
2022-05-03,-1,1857.26,1855.07,time,0.004211974040486482,11.791563916737854
2022-05-04,-1,1861.58,1866.22,stop,0.002022168762588259,-24.92506365560492
2022-05-05,-1,1898.61,1892.25,time,0.002099165857777572,33.49819078167659
2022-05-06,-1,1873.91,1874.04,time,0.0020042537086689253,-0.6937366255576936
2022-05-09,-1,1870.02,1868.79,time,0.0033408226108582024,6.577469759681812
2022-05-11,1,1839.49,1849.49,time,0.001920884586397619,54.36289406302834
2022-05-12,-1,1847.01,1850.68,time,0.004067576874772096,-19.86995197643799
2022-05-13,-1,1823.04,1828.43,stop,0.002420299854343985,-29.56599964893859
2022-05-16,-1,1806.12,1793.86,time,0.00359147769968616,67.88031802980971
2022-05-17,1,1829.69,1824.49,time,0.0038623258871707533,-28.42011488284925
2022-05-18,1,1812.86,1815.96,time,0.002828354251369924,17.100051851770885
2022-05-19,-1,1812.77,1813.06,time,0.002495338454377556,-1.5997616906720853
2022-05-20,1,1847.01,1844.23,time,0.004336158077111982,-15.051353268255033
2022-05-24,-1,1850.66,1857.11,stop,0.0034089376736157594,-34.85243102460645
2022-05-25,-1,1858.44,1857.02,time,0.002407217353457967,7.640817029336824
2022-05-27,1,1856.07,1857.98,time,0.0019958680137876967,10.290560162063295
2022-05-30,1,1863.69,1859.82,time,0.002934537246049681,-20.765256024339443
2022-05-31,1,1854.87,1855.2,time,0.0019539367507435852,1.7791004221328428
2022-06-02,1,1850.45,1851.72,time,0.0026589911538451565,6.8631954389471845
2022-06-03,-1,1866.06,1864.99,time,0.0020709750439479586,5.734006409225515
2022-06-06,-1,1853.71,1852.31,time,0.0015308157523097774,7.552421899866165
2022-06-07,-1,1838.66,1844.53,stop,0.0030786856672793666,-31.925423950049986
2022-06-08,1,1850.05,1850.12,time,0.002072864151627538,0.37836815221175824
2022-06-09,-1,1850.11,1849.82,time,0.0024446117357552655,1.5674743663888289
2022-06-10,1,1846.96,1846.07,time,0.0016045969534341823,-4.81872915493622
2022-06-13,-1,1860.1,1856.46,time,0.0026452400434613817,19.568840384924858
2022-06-14,1,1828.96,1827.65,time,0.002305428160722862,-7.162540460151919
2022-06-15,1,1819.76,1819.9,time,0.0031496756715086657,0.769332219633908
2022-06-16,-1,1829.09,1829.17,time,0.002167355907682664,-0.43737596291136366
2022-06-17,1,1847.47,1848.38,time,0.0030469787741602594,4.925655085062718
2022-06-20,-1,1840.93,1840.42,time,0.002348391785509895,2.770338904792637
2022-06-21,-1,1833.05,1837.52,time,0.004141688186936608,-24.3855868634245
2022-06-23,1,1835.12,1836.83,time,0.002154849092372132,9.318191725881885
2022-06-24,-1,1822.3,1827.0,stop,0.0025538864561811623,-25.791582066619355
2022-06-27,1,1836.89,1835.23,time,0.0013782996793954947,-9.037013648068648
2022-06-28,1,1827.45,1826.94,time,0.0015008928669244892,-2.790774029385159
2022-06-29,-1,1819.83,1816.72,time,0.0012463932837522528,17.089508360670504
2022-06-30,-1,1814.06,1814.89,time,0.0029157887208489646,-4.57537236916174
2022-07-01,-1,1794.08,1793.88,time,0.005261330333208343,1.1147774904118997
2022-07-04,-1,1808.93,1807.84,time,0.0023187125624534437,6.025661578945263
2022-07-05,-1,1808.96,1805.18,time,0.001424871181704172,20.895984433044248
2022-07-07,-1,1743.1,1741.94,time,0.0024864220730115186,6.654810395271955
2022-07-08,1,1743.56,1739.55,stop,0.0022566558427576356,-22.998921746312092
2022-07-11,-1,1739.62,1737.01,time,0.00187211071869526,15.003276577642819
2022-07-12,1,1735.64,1733.81,time,0.005842022692010933,-10.543661127884553
2022-07-13,-1,1723.6,1727.03,time,0.0026239193709544128,-19.900208865166306
2022-07-14,-1,1725.86,1717.33,time,0.004411156815757532,49.42463467488657
2022-07-15,-1,1707.42,1703.23,time,0.0035778593644037434,24.53994916306506
2022-07-18,-1,1712.26,1718.33,stop,0.002803152818450658,-35.45022368098265
2022-07-19,1,1711.65,1711.45,time,0.002615664141702304,-1.1684631788043436
2022-07-20,-1,1707.96,1708.21,time,0.003033606396876411,-1.463734513688845
2022-07-21,-1,1690.43,1689.03,time,0.0017253808246374012,8.281916435463703
2022-07-22,1,1717.06,1717.58,time,0.0023558499720098144,3.0284323203614423
2022-07-26,1,1727.0,1725.29,time,0.0029472853645235927,-9.901563404748329
2022-07-27,1,1719.95,1720.55,time,0.0036232306168812417,3.488473502136161
2022-07-28,1,1740.55,1744.52,time,0.0023023570380176707,22.808882249863707
2022-07-29,1,1765.62,1765.72,time,0.005527922256846708,0.5663732853056515
2022-08-01,1,1765.45,1763.11,time,0.0037805681069912594,-13.254411056671927
2022-08-02,1,1775.61,1771.37,stop,0.0023457103386055893,-23.879117599022358
2022-08-05,-1,1789.22,1789.88,time,0.0018532266797658702,-3.6887582298436294
2022-08-08,1,1777.41,1775.96,time,0.002903215804768654,-8.15793767335643
2022-08-09,-1,1784.7,1788.76,stop,0.001980984784469954,-22.748921387347707
2022-08-10,-1,1788.19,1790.15,time,0.0032716228589293535,-10.960803941415824
2022-08-11,1,1788.05,1786.72,time,0.002480854578800769,-7.4382707418692275
2022-08-12,1,1792.55,1788.7,stop,0.002122193678096702,-21.4777830464975
2022-08-15,-1,1791.92,1787.12,time,0.002624708481820583,26.78691012991753
2022-08-16,-1,1779.94,1775.07,time,0.0015434220754256336,27.360472824927346
2022-08-17,-1,1774.4,1772.33,time,0.0038690810932404166,11.665915238954934
2022-08-18,-1,1761.54,1763.57,time,0.002188742153699541,-11.524007402613467
2022-08-22,-1,1742.31,1737.18,time,0.00351673024273463,29.443669611032952
2022-08-23,-1,1735.69,1739.05,time,0.0020891545254942356,-19.358295548167586
2022-08-24,1,1748.48,1748.48,time,0.0022506464165757897,0.0
2022-08-25,1,1758.84,1761.88,time,0.0018894877325577723,17.284119078484633
2022-08-26,1,1757.46,1754.17,stop,0.0018567034969814275,-18.720198468243737
2022-08-29,-1,1720.62,1721.63,time,0.003468436071735025,-5.869977101278716
2022-08-30,-1,1733.31,1734.19,time,0.001924717055067606,-5.07699142103899
2022-08-31,-1,1722.07,1721.11,time,0.002435601535588804,5.574686278722911
2022-09-02,1,1702.18,1702.77,time,0.0018764429934852883,3.466143416089474
2022-09-05,-1,1710.42,1711.57,time,0.0018921033882666283,-6.723494814138419
2022-09-06,-1,1714.84,1715.16,time,0.0030158360503027854,-1.8660633061986176
2022-09-07,1,1696.79,1704.32,time,0.002886957035112761,44.37791358977818
2022-09-08,1,1718.69,1717.23,time,0.0021276037644013205,-8.494842001757364
2022-09-09,1,1722.46,1728.57,time,0.0019067106915315304,35.47252185827189
2022-09-12,1,1716.57,1725.26,time,0.002193967755676011,50.62420990696596
2022-09-13,1,1723.17,1724.0,time,0.0017485107161632626,4.816704097680016
2022-09-15,-1,1686.01,1688.93,time,0.0045034249108636265,-17.31899573549429
2022-09-16,-1,1660.57,1656.15,time,0.0019232965302528808,26.617366326019656
2022-09-19,-1,1666.29,1661.6,time,0.0029116092931858162,28.146361077603867
2022-09-21,1,1668.74,1670.39,time,0.002764373238463194,9.88769970157179
2022-09-22,-1,1658.99,1663.7,stop,0.00267231624816432,-28.390767876840947
2022-09-23,1,1672.64,1668.2,stop,0.0025563734220979514,-26.54486321025477
2022-09-26,1,1643.38,1644.69,time,0.004267229932878127,7.971376066399404
2022-09-27,1,1636.45,1636.4,time,0.004495675821348898,-0.305539429863146
2022-09-28,-1,1622.49,1621.59,time,0.0022530980097634754,5.547029565668145
2022-09-29,-1,1642.74,1646.84,time,0.007477190929130515,-24.95830137453224
2022-09-30,1,1668.12,1673.05,time,0.004151060142313393,29.55422871256303
2022-10-03,1,1667.86,1661.94,stop,0.0033758822646042293,-35.49458587651149
2022-10-04,1,1704.46,1708.0,time,0.005212745928645334,20.769041221266345
2022-10-05,1,1723.04,1717.53,stop,0.0028198412167760997,-31.978363822081853
2022-10-06,-1,1720.99,1725.08,stop,0.0022517032858617885,-23.76539085061458
2022-10-07,-1,1709.11,1710.5,time,0.002588259351766685,-8.13288787731685
2022-10-10,-1,1684.79,1682.27,time,0.003885197161910821,14.957353735480279
2022-10-11,1,1667.28,1666.01,time,0.0031661635050090763,-7.61719687155116
2022-10-12,1,1672.75,1671.97,time,0.00513842879198953,-4.662980122552519
2022-10-13,-1,1667.93,1671.15,stop,0.0013053423230303485,-19.30536653216878
2022-10-14,1,1670.99,1666.47,stop,0.002481211118702502,-27.049832733888184
2022-10-17,1,1654.6,1656.3,time,0.003470171964280859,10.274386558685153
2022-10-19,-1,1644.63,1643.74,time,0.0034893846849389054,5.411551534388281
2022-10-21,-1,1619.5,1626.86,stop,0.0043367378368055765,-45.4461253473288
2022-10-24,-1,1651.23,1649.38,time,0.003164212992596713,11.203769311361283
2022-10-25,-1,1646.37,1646.37,time,0.0030488266866284842,-0.0
2022-10-26,1,1662.59,1672.23,time,0.0031066672699029477,57.981823540380375
2022-10-27,-1,1662.85,1663.8,time,0.004050903351447373,-5.713082959978625
2022-10-28,-1,1659.13,1651.36,time,0.0040474507976124355,46.83177327876784
2022-10-31,-1,1641.0,1640.3,time,0.002732165621567684,4.265691651432331
2022-11-01,1,1642.19,1646.88,time,0.003941764397202817,28.55942369640574
2022-11-03,-1,1635.59,1627.38,time,0.0017954966013814663,50.19595375369016
2022-11-04,1,1648.68,1647.59,time,0.007433722066465031,-6.6113496858101355
2022-11-07,-1,1669.6,1674.8,stop,0.002696489481598397,-31.145184475323703
2022-11-08,-1,1667.88,1665.51,time,0.003106287089157654,14.2096553708907
2022-11-09,1,1711.18,1712.54,time,0.001743801604531554,7.947731974426419
2022-11-10,-1,1708.31,1706.56,time,0.0023560155859492452,10.244042357651715
2022-11-11,1,1765.34,1763.84,time,0.008269519167015247,-8.49694676379621
2022-11-14,1,1764.26,1760.07,time,0.00320886897307666,-23.74933399839057
2022-11-15,1,1776.14,1778.72,time,0.0028737660167287723,14.525881968763313
2022-11-16,1,1776.88,1779.69,time,0.003130119931532126,15.814236189275276
2022-11-17,1,1769.99,1767.5,time,0.003983194658099667,-14.067876089695474
2022-11-18,1,1765.3,1761.14,stop,0.002336660617059829,-23.565399648784087
2022-11-21,-1,1742.96,1741.72,time,0.0017756292027998443,7.114334236012353
2022-11-22,1,1745.84,1745.42,time,0.0028855558710735776,-2.4057187371113358
2022-11-23,1,1740.85,1738.71,time,0.004123141419143731,-12.29284544906151
2022-11-24,1,1757.2,1752.65,stop,0.002393503348055175,-25.893466879125626
2022-11-25,-1,1754.31,1753.1,time,0.0037659855276931447,6.897298653031884
2022-11-28,1,1753.51,1761.97,time,0.002673109546085343,48.2460892723739
2022-11-29,1,1755.24,1756.95,time,0.0028472715549583377,9.742257469064267
2022-11-30,1,1755.74,1760.39,time,0.0015846595832003127,26.484559217196686
2022-12-01,-1,1775.34,1777.51,time,0.004219326312359362,-12.223010803564797
2022-12-02,1,1800.46,1801.43,time,0.0025582132548815357,5.387512080246311
2022-12-05,-1,1801.23,1796.93,time,0.00410243350154607,23.872575961981283
2022-12-07,1,1774.65,1774.51,time,0.002742586270139176,-0.7888879497371315
2022-12-09,-1,1792.3,1791.52,time,0.002221894290177172,4.351950008368982
2022-12-12,1,1790.14,1790.29,time,0.0022321865638033375,0.8379232909150321
2022-12-13,1,1787.02,1784.83,time,0.003116784106643444,-12.255039115399127
2022-12-14,-1,1807.94,1808.31,time,0.0027945456654166387,-2.046528092745837
2022-12-15,-1,1788.29,1775.33,time,0.0038037234101887156,72.47146715577472
2022-12-16,1,1784.51,1777.88,stop,0.003486834532575967,-37.15305602097989
2022-12-19,1,1795.45,1796.98,time,0.0024212129495841794,8.521540560862027
2022-12-20,1,1794.7,1803.91,time,0.003926288540319841,51.31776898646034
2022-12-21,-1,1812.32,1815.33,stop,0.0015656785617808593,-16.60854595214968
2022-12-22,-1,1813.89,1817.91,time,0.0034777058147020764,-22.162314142533347
2022-12-23,1,1797.24,1797.36,time,0.0020508133592657555,0.6676904587027379
2022-12-28,-1,1807.78,1800.23,time,0.0015186448165891238,41.7639314518357
2022-12-29,-1,1806.62,1810.06,stop,0.001680913886339237,-19.041082241977033
2022-12-30,1,1822.23,1815.59,stop,0.002535900038231101,-36.43886885848713
2023-01-03,1,1845.91,1837.95,stop,0.00338933337678633,-43.12236241203545
2023-01-04,1,1849.28,1859.84,time,0.002339130623118373,57.10330507008103
2023-01-05,-1,1850.15,1845.15,time,0.0029358590355919234,27.024835824122366
2023-01-09,1,1880.63,1874.66,stop,0.0028285077357821918,-31.74468130360585
2023-01-10,1,1875.27,1875.45,time,0.0024079596146196736,0.9598617799040333
2023-01-11,1,1885.11,1884.83,time,0.0041047890978503174,-1.4853244638242475
2023-01-12,-1,1881.66,1882.25,time,0.0015396622299618753,-3.135529266710873
2023-01-13,1,1899.14,1906.87,time,0.0032764656380006893,40.702633823729634
2023-01-16,-1,1912.43,1913.06,time,0.007155690961643626,-3.2942382204832685
2023-01-18,1,1904.77,1910.63,time,0.004041211942623243,30.764869249306358
2023-01-19,1,1911.62,1911.92,time,0.0016600813282745747,1.56934955692126
2023-01-20,1,1929.53,1927.28,time,0.0032084395458345126,-11.660870782003908
2023-01-23,-1,1920.63,1922.56,time,0.005295482745552077,-10.04878607540149
2023-01-24,1,1940.33,1937.27,time,0.004158304857984943,-15.770513263207524
2023-01-26,-1,1943.96,1942.94,time,0.0021521890433545666,5.247021543653068
2023-01-27,1,1925.83,1926.31,time,0.0030893091181426985,2.4924318345857017
2023-01-30,-1,1925.32,1922.69,time,0.0043620614625857765,13.660066897969594
2023-01-31,-1,1911.5,1905.52,time,0.005164561716512441,31.284331676693792
2023-02-01,-1,1924.86,1925.24,time,0.0016763502274490766,-1.9741695499938134
2023-02-02,1,1954.77,1956.89,time,0.0016386558925041966,10.845265683431393
2023-02-03,1,1917.43,1913.8,stop,0.0015663342557301729,-18.931590722999584
2023-02-06,-1,1874.9,1878.78,stop,0.001928640308582391,-20.694437036641325
2023-02-07,1,1876.97,1871.64,stop,0.0028010980304279277,-28.396831062829598
2023-02-08,-1,1874.36,1878.48,stop,0.0018596125718335348,-21.9808361253981
2023-02-09,1,1881.66,1884.46,time,0.0020057298968139655,14.88047787591783
2023-02-10,1,1861.83,1869.08,time,0.004808378316529171,38.94018250860712
2023-02-15,-1,1839.09,1834.85,time,0.00366845212453229,23.05488040280796
2023-02-16,1,1842.85,1838.48,time,0.003993536347165702,-23.713270206473076
2023-02-17,-1,1822.66,1820.03,time,0.0029466051056231315,14.429460239430881
2023-02-20,1,1845.66,1841.18,stop,0.0023706645184214145,-24.273159736896385
2023-02-21,-1,1836.34,1833.03,time,0.001441443401588901,18.02498447999796
2023-02-22,1,1838.31,1834.58,stop,0.0014488727660942433,-20.29037539914388
2023-02-23,-1,1827.36,1826.57,time,0.003414153167105044,4.323176604500283
2023-02-24,-1,1823.23,1823.29,time,0.0017097201977138619,-0.32908629191021116
2023-02-27,1,1811.9,1810.44,time,0.0025589087884424146,-8.057839836635777
2023-02-28,-1,1810.96,1810.93,time,0.002628729199560215,0.16565799355023145
2023-03-01,1,1837.22,1837.22,time,0.003752693157334869,0.0
2023-03-02,-1,1830.7,1834.31,time,0.0015981716479985142,-19.71923308024198
2023-03-03,1,1844.67,1845.27,time,0.0035739309438328802,3.2526142887340774
2023-03-06,1,1856.92,1852.95,stop,0.0018655509306187785,-21.379488615557094
2023-03-07,-1,1845.9,1849.49,stop,0.0014446840227145845,-19.44850750311457
2023-03-08,1,1814.06,1813.15,time,0.002295919775264821,-5.016372115585232
2023-03-09,1,1817.84,1816.41,time,0.0018629055815516582,-7.86647889803193
2023-03-10,1,1832.98,1835.12,time,0.002770090669930276,11.674977359272184
2023-03-13,-1,1876.38,1876.07,time,0.0053133551180893175,1.6521173749462943
2023-03-14,1,1910.93,1911.58,time,0.00288830655960677,3.401485140742275
2023-03-15,-1,1899.02,1892.89,time,0.0031071329994874454,32.27980747964678
2023-03-17,1,1932.88,1929.6,time,0.003005259203606288,-16.96949629568416
2023-03-20,1,1991.43,2000.0,time,0.008149251470551046,43.034402414345145
2023-03-21,-1,1979.05,1969.57,time,0.002622871438947646,47.901771051767355
2023-03-22,1,1942.85,1937.88,stop,0.0020568335588632162,-25.580976400647504
2023-03-23,1,1982.34,1978.37,time,0.0038895843607349516,-20.026836970449207
2023-03-24,-1,1988.12,1990.5,time,0.002053826318604275,-11.97110838380032
2023-03-27,-1,1969.15,1970.76,time,0.003897331417609985,-8.176116598531854
2023-03-28,-1,1955.13,1954.66,time,0.0022512692104476525,2.4039322193410526
2023-03-29,-1,1962.92,1961.19,time,0.0031179030194831347,8.81340044423623
2023-03-30,1,1966.04,1967.95,time,0.003986683864126556,9.714960021159701
2023-03-31,1,1982.36,1978.09,stop,0.002004974559044495,-21.539982646945973
2023-04-03,1,1954.7,1963.67,time,0.0022183570325247657,45.88939479203984
2023-04-04,-1,1977.59,1980.95,stop,0.0015711871556713679,-16.990377176260637
2023-04-05,1,2024.99,2025.84,time,0.0014234242249010814,4.197551592846923
2023-04-06,1,2016.84,2015.98,time,0.002940811206875176,-4.264096309077071
2023-04-10,1,1996.22,1996.57,time,0.002785620176924616,1.7533137630116373
2023-04-11,1,2001.88,2001.35,time,0.0025513011635933873,-2.6475113393420187
2023-04-12,-1,2014.13,2013.2,time,0.003444661146948163,4.617378222855842
2023-04-13,1,2020.6,2025.74,time,0.002081928857516777,25.4379887162234
2023-04-14,-1,2039.43,2038.17,time,0.003338228095937427,6.178196849119562
2023-04-17,1,2013.07,2010.97,time,0.00444170019519583,-10.431828003993449
2023-04-18,1,2001.94,2002.64,time,0.002656175357595709,3.496608289958967
2023-04-19,-1,1996.89,1989.7,time,0.0026722409112590793,36.005989313382585
2023-04-20,1,1995.66,1995.59,time,0.0024437547513968243,-0.35076115170000755
2023-04-21,-1,1989.51,1988.18,time,0.0046782396809790325,6.68506315625419
2023-04-24,1,1982.47,1981.75,time,0.0025316391731999926,-3.631833016388784
2023-04-25,1,1996.79,1990.83,stop,0.0028089464945853224,-29.84790588895195
2023-04-26,1,1998.63,1997.17,time,0.002715702976250162,-7.30500392769065
2023-04-27,1,2002.92,1998.8,time,0.0024897634724701245,-20.56996784694405
2023-04-28,-1,1983.17,1981.82,time,0.0038546698872786245,6.807283288876579
2023-05-01,-1,1979.6,1980.05,time,0.0032726786799355595,-2.2731865023239317
2023-05-02,1,1984.51,1981.25,stop,0.0014979308883940755,-16.427228887735467
2023-05-03,-1,2013.96,2015.15,time,0.0024789413928675897,-5.908756876998821
2023-05-04,-1,2039.18,2035.18,time,0.0027857403386461763,19.6157278906227
2023-05-05,-1,2045.41,2040.57,time,0.002689989674540648,23.662737544062782
2023-05-11,-1,2029.23,2024.08,time,0.0018308528230569468,25.379084677439675
2023-05-12,-1,2007.24,2012.31,stop,0.0020494963313020228,-25.25856399832574
2023-05-15,1,2019.78,2017.96,time,0.002980862466180102,-9.010882373327473
2023-05-16,-1,2010.89,2009.87,time,0.0028631186159773837,5.07238088607636
2023-05-17,-1,1987.64,1988.74,time,0.002582577150723962,-5.534201364431733
2023-05-18,-1,1977.34,1974.03,time,0.003488146108395065,16.739660351785457
2023-05-19,1,1964.79,1965.57,time,0.001773392990001742,3.969889911898843
2023-05-22,-1,1971.56,1975.95,time,0.0034569588378950285,-22.2666314999295
2023-05-23,-1,1958.33,1955.16,time,0.002451623754756046,16.187261595338096
2023-05-24,-1,1971.98,1974.54,time,0.00394613026277178,-12.981876083935665
2023-05-25,-1,1954.92,1958.84,stop,0.0019878429859547255,-20.05197143617051
2023-05-26,1,1952.11,1956.0,time,0.0035106989062427406,19.92715574429771
2023-05-29,1,1947.83,1944.59,stop,0.001243704388940319,-16.633895155121387
2023-06-01,-1,1962.24,1955.15,time,0.0018428769243301081,36.13217547292848
2023-06-02,-1,1977.77,1975.15,time,0.002574665293511912,13.247243107135263
2023-06-05,-1,1942.46,1939.83,time,0.002349354698580844,13.539532345582968
2023-06-06,-1,1957.32,1958.08,time,0.002479237659926198,-3.8828602374675114
2023-06-07,-1,1961.71,1956.94,time,0.0011558957045998955,24.315520642704485
2023-06-08,-1,1945.56,1947.83,stop,0.0011044019406652936,-11.6675918501613
2023-06-09,1,1965.65,1962.41,stop,0.0015072127257635657,-16.48309719431236
2023-06-12,1,1963.01,1963.01,time,0.003130178134199422,0.0
2023-06-13,1,1963.15,1961.98,time,0.002015095359924113,-5.959809489850866
2023-06-14,-1,1945.87,1949.46,stop,0.0017353178249999276,-18.449331147508033
2023-06-15,-1,1930.01,1933.06,time,0.004821468713422301,-15.803026927321385
2023-06-16,1,1958.77,1960.72,time,0.0018911321236901703,9.955227004702163
2023-06-19,-1,1953.89,1956.19,time,0.001820338705718699,-11.771389382206545
2023-06-20,1,1951.65,1954.52,time,0.0023498627536491764,14.70550559782692
2023-06-21,-1,1932.3,1934.88,time,0.0018698636859041673,-13.351963980749131
2023-06-22,-1,1927.93,1929.76,time,0.003262355524255331,-9.492045873034431
2023-06-23,1,1918.56,1918.13,time,0.004038314356390394,-2.2412642815436383
2023-06-26,1,1927.27,1923.99,stop,0.00163069444732966,-17.018892007865905
2023-06-27,-1,1924.76,1929.63,stop,0.0023971110142582018,-25.301855815790635
2023-06-28,-1,1914.79,1911.22,time,0.0010439503079653408,18.644342199405344
2023-06-30,-1,1905.14,1903.88,time,0.00160345423867373,6.6136871830941075
2023-07-03,-1,1914.61,1912.21,time,0.003102699348433161,12.535189934241771
2023-07-04,1,1924.94,1927.54,time,0.0017212375229779724,13.506914501230735
2023-07-05,-1,1923.87,1926.48,stop,0.0012621639099033451,-13.566405214490207
2023-07-07,1,1914.6,1913.66,time,0.0022536713666085097,-4.909641700615414
2023-07-10,-1,1919.52,1925.68,stop,0.0031414810730966284,-32.091356172376855
2023-07-11,1,1930.39,1932.6,time,0.0022407917464170343,11.448463781929087
2023-07-12,-1,1936.9,1934.06,time,0.001382234164908821,14.662605193867238
2023-07-13,1,1962.38,1962.68,time,0.0035788404250702574,1.5287558984496097
2023-07-14,-1,1957.57,1957.8,time,0.002667748048284719,-1.1749260562841595
2023-07-18,-1,1958.02,1961.71,stop,0.001601926393012795,-18.845568482446833
2023-07-19,1,1978.55,1974.03,stop,0.002201188641866677,-22.845012761870976
2023-07-20,-1,1979.85,1979.17,time,0.0036898880935577858,3.434603631587425
2023-07-21,1,1971.37,1968.08,stop,0.0015282407207609678,-16.688901626787278
2023-07-24,-1,1958.55,1962.09,stop,0.001565883130032025,-18.074596002144258
2023-07-25,1,1963.6,1960.44,stop,0.0015851212668737179,-16.092890609084613
2023-07-26,1,1966.15,1970.15,time,0.00136474278672321,20.344327747120005
2023-07-27,-1,1974.24,1979.52,stop,0.002285991725923744,-26.74446875759772
2023-07-28,-1,1950.02,1948.19,time,0.0033581955841775466,9.384519133136722
2023-08-01,-1,1957.93,1955.19,time,0.002336186405231388,13.99437160674799
2023-08-02,1,1950.08,1949.24,time,0.002454315333309358,-4.307515589103617
2023-08-03,-1,1932.51,1937.95,stop,0.002681678555097155,-28.149919017236932
2023-08-04,-1,1932.57,1932.4,time,0.0022373618764903527,0.879657657936558
2023-08-07,-1,1936.19,1936.5,time,0.0028674870292627803,-1.6010825383869631
2023-08-08,-1,1931.79,1930.89,time,0.001478869233831926,4.658891494416389
2023-08-10,1,1920.02,1919.18,time,0.0017627578294089072,-4.37495442755762
2023-08-11,1,1915.91,1917.69,time,0.0017082274397745253,9.290624298636015
2023-08-14,-1,1910.78,1914.58,stop,0.0015838458180981684,-19.887166497451066
2023-08-15,-1,1903.8,1904.43,time,0.001831160688285561,-3.309171131421941
2023-08-16,1,1905.57,1904.07,time,0.0014180150939829131,-7.871660448054913
2023-08-21,-1,1887.67,1888.39,time,0.0032999286073137893,-3.8142260034859232
2023-08-22,1,1898.01,1902.06,time,0.0017778997042989396,21.338138365972544
2023-08-23,1,1904.0,1904.31,time,0.002024126536824597,1.628151260503915
2023-08-28,-1,1914.6,1913.83,time,0.0014873923923792846,4.021727776036675
2023-08-29,-1,1923.09,1923.4,time,0.001345779629884579,-1.611989038475437
2023-09-01,1,1941.01,1943.38,time,0.0012993575398830483,12.21013802092786
2023-09-04,1,1946.06,1944.05,stop,0.0010025578077402838,-10.328561298212753
2023-09-05,-1,1936.01,1934.98,time,0.0014864209255035297,5.320220453406608
2023-09-06,-1,1925.49,1923.53,time,0.0014477675061815333,10.179227105827797
2023-09-07,-1,1917.33,1918.02,time,0.0017404716990964896,-3.5987545180018805
2023-09-08,1,1926.9,1924.28,stop,0.0010284271816420648,-13.596969225180954
2023-09-11,1,1928.24,1926.0,time,0.002945232696757944,-11.616811185329674
2023-09-12,-1,1919.45,1919.25,time,0.0023827360885671093,1.0419651462660944
2023-09-14,-1,1907.27,1906.02,time,0.0017388298513090646,6.553870191425441
2023-09-15,1,1917.02,1917.53,time,0.001153604230230073,2.6603791301081414
2023-09-18,-1,1927.09,1926.47,time,0.0015343704156795077,3.2172861672256663
2023-09-19,-1,1930.26,1933.06,stop,0.001433988636804836,-14.50581786909512
2023-09-20,1,1932.13,1929.61,stop,0.0010877109382284487,-13.042600653166241
2023-09-21,1,1929.11,1926.7,stop,0.0011671183847081555,-12.492807564109121
2023-09-22,1,1925.34,1926.75,time,0.0013670966350189247,7.323381844246117
2023-09-25,-1,1921.55,1924.26,stop,0.001331267095861603,-14.103197939163886
2023-09-26,-1,1912.61,1915.15,stop,0.0011337128049465784,-13.280281918426606
2023-09-28,1,1877.93,1875.61,time,0.0019248764959782342,-12.35402810541481
2023-09-29,1,1868.84,1872.62,time,0.0028355564846603704,20.226450632477754
2023-10-02,1,1845.0,1841.29,time,0.003132456209402368,-20.10840108401104
2023-10-03,1,1821.91,1826.18,time,0.002649370637058174,23.436942549302554
2023-10-04,-1,1819.59,1822.52,time,0.002206693637366669,-16.102528591606152
2023-10-05,-1,1825.07,1821.77,time,0.0018331605055144802,18.081498243902725
2023-10-06,-1,1820.69,1820.89,time,0.0021342609229991977,-1.0984846404387647
2023-10-09,1,1853.95,1850.41,time,0.002826118086345212,-19.094366083227506
2023-10-10,-1,1859.65,1857.54,time,0.0021270195943623436,11.346221063103956
2023-10-11,1,1863.07,1867.2,time,0.0015537174976009314,22.16771243163225
2023-10-12,1,1880.1,1879.26,time,0.0018100607435089964,-4.467847454922175
2023-10-13,1,1878.54,1882.87,time,0.00290085372551741,23.049815282080377
2023-10-16,-1,1913.27,1912.73,time,0.003249301765210575,2.8223930757287974
2023-10-17,1,1917.32,1919.31,time,0.001477370906233893,10.379070786305933
2023-10-19,1,1950.78,1950.33,time,0.0028183691960974103,-2.3067695998526
2023-10-20,-1,1974.46,1980.37,stop,0.002310315279677029,-29.932234636304884
2023-10-23,1,1977.06,1980.32,time,0.0025428150279354985,16.489130324825705
2023-10-24,1,1978.47,1975.48,time,0.0018822862694300654,-15.112688087259393
2023-10-25,1,1974.66,1970.65,stop,0.0019517635577860964,-20.307293407472635
2023-10-26,1,1989.96,1990.46,time,0.003090910006191824,2.5126133188606805
2023-10-27,-1,1986.1,1986.36,time,0.001800687077806861,-1.3090982327173402
2023-10-30,-1,1999.21,1992.3,time,0.001983527231030973,34.56365264279431
2023-10-31,1,1996.15,1995.34,time,0.0022932729822835564,-4.057811286727815
2023-11-01,1,1980.56,1977.63,time,0.0021291498825427592,-14.793795694146283
2023-11-03,1,1987.69,1985.39,stop,0.0010672304865462965,-11.57122086442028
2023-11-06,1,1985.69,1986.77,time,0.0015525680382697574,5.43891543997264
2023-11-07,-1,1970.47,1964.77,time,0.0016628138054102146,28.92710876085424
2023-11-09,-1,1946.59,1948.37,time,0.0012312996367665372,-9.144195747435118
2023-11-10,-1,1955.47,1954.31,time,0.002043339224961432,5.932077710218422
2023-11-13,1,1940.6,1936.93,time,0.003056035929070978,-18.91167680098859
2023-11-14,1,1946.15,1945.71,time,0.0011260421674512393,-2.2608740333481725
2023-11-15,1,1970.65,1971.28,time,0.0023828818644399618,3.1969147235677657
2023-11-16,1,1967.42,1967.43,time,0.003334937158073453,0.05082798792322384
2023-11-17,1,1987.6,1989.04,time,0.0022671281531974063,7.24491849466721
2023-11-20,-1,1978.7,1977.78,time,0.0023169121971041854,4.649517359883119
2023-11-21,-1,1987.69,1987.22,time,0.002239158156861582,2.364553828816502
2023-11-22,1,2001.49,2000.28,time,0.0025666619135889896,-6.045496105401658
2023-11-27,1,2013.86,2014.46,time,0.002665300865725587,2.97935308313456
2023-11-28,-1,2013.79,2015.12,time,0.0013892403336162333,-6.6044622329037646
2023-11-29,-1,2041.82,2042.23,time,0.0028933657859496168,-2.0080124594728326
2023-11-30,1,2046.85,2041.39,stop,0.002544043757552541,-26.67513496347954
2023-12-01,1,2043.5,2046.21,time,0.001994291524260991,13.26156104722308
2023-12-04,-1,2067.56,2072.21,time,0.008063799591286853,-22.490278395790646
2023-12-06,1,2027.13,2027.06,time,0.003295902358274887,-0.34531579129194334
2023-12-07,1,2029.94,2033.43,time,0.002249141774849044,17.192626383045848
2023-12-08,-1,2028.84,2028.32,time,0.0017678937687900986,2.5630409495080038
2023-12-11,1,2000.13,1994.86,stop,0.0025433062981877214,-26.348287361322562
2023-12-12,-1,1983.78,1984.46,time,0.0020888648403779406,-3.427799453568761
2023-12-13,1,1980.43,1981.2,time,0.003546628552636567,3.888044515584907
2023-12-14,1,2037.65,2036.25,time,0.0035600312732029017,-6.870659828724712
2023-12-15,1,2037.53,2043.63,time,0.001517819644712274,29.938209498756517
2023-12-18,1,2026.12,2026.12,time,0.00160149472841319,0.0
2023-12-19,1,2026.97,2026.9,time,0.0023665715591457436,-0.34534304898413065
2023-12-20,1,2042.71,2041.04,time,0.0014895900197468498,-8.17541403331884
2023-12-21,-1,2034.07,2036.09,time,0.0018661664031116762,-9.93082833924094
2023-12-22,1,2050.88,2052.01,time,0.0017814828282137407,5.509829926666158
2023-12-26,-1,2061.24,2061.24,time,0.0017885142487392208,-0.0
2023-12-27,1,2068.15,2067.9,time,0.00161201703025796,-1.208809805865145
2023-12-28,-1,2081.99,2076.72,time,0.0015533310321022879,25.312321384828852
2023-12-29,1,2073.13,2068.87,stop,0.0020473300209079893,-20.54863901443816
