symbol,date,side,bruto_bp,reason
US30cash,2021-01-13,1,-7.761074828355355,stop
US30cash,2021-01-14,1,-9.976134264012197,stop
US30cash,2021-01-15,-1,-20.77025180684964,stop
US30cash,2021-02-05,1,-12.535948676350836,stop
US30cash,2021-02-08,-1,-6.395027226828418,stop
US30cash,2021-02-09,1,-8.975829146209723,stop
US30cash,2021-02-10,-1,23.48149302232365,time
US30cash,2021-02-15,1,-3.162925453009998,stop
US30cash,2021-03-03,1,-49.87254089643545,stop
US30cash,2021-03-04,1,-25.847791609360094,stop
US30cash,2021-03-15,1,-11.561995113535747,stop
US30cash,2021-03-17,1,-10.97251097251053,stop
US30cash,2021-03-31,1,-7.532170535599089,stop
US30cash,2021-04-01,1,-12.118721157596509,stop
US30cash,2021-04-07,1,-8.978218841091513,stop
US30cash,2021-04-27,-1,7.584415278399586,time
US30cash,2021-05-18,-1,-18.647855642287507,stop
US30cash,2021-05-25,-1,-6.094835642598838,stop
US30cash,2021-05-26,-1,-13.681802038879606,stop
US30cash,2021-05-27,1,-11.721560708400487,time
US30cash,2021-06-10,1,-0.8524434786641677,time
US30cash,2021-06-24,1,40.860012978888506,time
US30cash,2021-07-06,1,-7.761899423032142,stop
US30cash,2021-07-23,-1,-8.576966841446191,stop
US30cash,2021-07-26,-1,-15.451395346840904,stop
US30cash,2021-07-27,1,-13.973928641705617,stop
US30cash,2021-07-30,1,-12.82479727394551,stop
US30cash,2021-08-10,1,41.36588646681301,time
US30cash,2021-08-16,1,-9.326196437958185,stop
US30cash,2021-08-25,1,-7.066478604116082,stop
US30cash,2021-09-07,-1,50.04043957535742,time
US30cash,2021-09-27,1,8.445606850549858,time
US30cash,2021-10-11,1,-8.938518537711023,time
US30cash,2021-10-20,-1,-5.647117287802509,stop
US30cash,2021-10-22,-1,-13.508883284373459,stop
US30cash,2021-10-26,-1,-3.9068713495170826,stop
US30cash,2021-11-25,-1,-7.006632573306076,stop
US30cash,2021-11-26,1,-14.01963891577818,stop
US30cash,2021-12-09,1,44.90358976371828,time
US30cash,2021-12-23,1,28.759587690950607,time
US30cash,2021-12-28,-1,-14.611515304944753,stop
US30cash,2021-12-30,-1,-4.376930294649476,stop
US30cash,2022-01-14,-1,-34.960540141744126,stop
US30cash,2022-01-18,-1,85.94841128218837,time
US30cash,2022-02-02,-1,-16.674061660114795,stop
US30cash,2022-02-17,-1,38.340196790902276,time
US30cash,2022-03-10,-1,-52.35394922275692,stop
US30cash,2022-03-21,1,-14.120508453573784,stop
US30cash,2022-03-25,-1,-7.012925050801012,stop
US30cash,2022-03-31,-1,40.58549945592583,time
US30cash,2022-04-19,-1,-12.49299085106321,stop
US30cash,2022-05-09,1,-37.72634269528275,stop
US30cash,2022-05-10,1,-36.30643365949773,stop
US30cash,2022-05-18,-1,162.4938589742395,time
US30cash,2022-05-30,1,-11.81115344606933,stop
US30cash,2022-05-31,1,-14.732674707998552,stop
US30cash,2022-06-06,-1,-18.093925567621522,stop
US30cash,2022-06-10,-1,109.90410713330986,time
US30cash,2022-06-21,-1,-20.470626302113427,stop
US30cash,2022-06-28,1,-23.087895301138897,stop
US30cash,2022-07-05,-1,37.084328166173805,time
US30cash,2022-07-21,-1,-30.034985807643842,time
US30cash,2022-07-26,-1,-12.396318136598012,stop
US30cash,2022-07-27,1,-12.835242445207603,stop
US30cash,2022-08-10,1,5.2059510339689545,time
US30cash,2022-08-19,1,-20.123939793907184,stop
US30cash,2022-09-06,-1,95.63999733274817,time
US30cash,2022-10-06,-1,-32.95712258458038,stop
US30cash,2022-10-07,-1,89.04313269623282,time
US30cash,2022-10-13,-1,-280.0104611629326,stop
US30cash,2022-11-01,-1,106.60340439215777,time
US30cash,2022-11-10,1,-19.68150656249713,time
US30cash,2022-11-14,-1,-17.228268618411672,stop
US30cash,2022-11-15,-1,14.699388612122414,time
US30cash,2022-11-17,-1,-35.89050681014827,stop
US30cash,2022-11-25,-1,-7.01428283341955,stop
US30cash,2022-12-28,-1,-13.37653905348211,stop
US30cash,2022-12-30,1,-10.730716449130359,stop
US30cash,2023-01-11,1,-15.374880992507702,stop
US30cash,2023-01-12,1,29.353062024806093,time
US30cash,2023-01-17,1,-17.44991552720874,stop
US30cash,2023-01-27,-1,-15.477822491487197,stop
US30cash,2023-02-07,-1,-13.178039759182427,stop
US30cash,2023-02-09,1,-14.301423708192889,stop
US30cash,2023-02-21,-1,-15.205967670141472,stop
US30cash,2023-03-02,1,-18.513370258239686,stop
US30cash,2023-03-07,-1,136.89904816585647,time
US30cash,2023-03-22,1,-9.670497002145929,stop
US30cash,2023-03-23,-1,-23.233403709236292,stop
US30cash,2023-03-29,1,-8.275278677671766,stop
US30cash,2023-03-31,1,36.50608030731758,time
US30cash,2023-04-06,-1,-19.017716976900214,stop
US30cash,2023-04-18,-1,8.590054364454932,time
US30cash,2023-05-10,1,-74.35582967478953,stop
US30cash,2023-05-30,-1,-9.072763563781528,stop
US30cash,2023-06-08,-1,-13.800651961834493,stop
US30cash,2023-06-13,1,26.36036758230624,time
US30cash,2023-06-29,-1,-38.208254163076965,stop
US30cash,2023-07-04,-1,1.2506907885177598,time
US30cash,2023-07-05,1,11.151982250247297,time
US30cash,2023-07-14,1,-11.448461685238371,stop
US30cash,2023-08-01,1,26.801415881320125,time
US30cash,2023-08-15,1,-20.388493475682086,stop
US30cash,2023-08-24,1,-12.04990693987532,stop
US30cash,2023-08-31,-1,59.88143589860768,time
US30cash,2023-09-05,1,-25.770610038209927,stop
US30cash,2023-09-11,1,-7.499278915488896,stop
US30cash,2023-10-05,1,-30.016504543284494,stop
US30cash,2023-10-06,-1,-90.87089939358515,stop
US30cash,2023-11-01,1,8.473293993039794,time
US30cash,2023-11-07,1,32.2987931996359,time
US30cash,2023-11-16,-1,-14.46655647256654,stop
US30cash,2023-11-22,1,25.081614778247918,time
US30cash,2023-12-08,1,16.11608008196414,time
US30cash,2023-12-28,-1,-13.961243587800267,stop
US30cash,2023-12-29,-1,-6.629611557799605,stop
US100cash,2021-10-12,-1,54.75133064379428,time
US100cash,2021-10-13,1,-16.708126317501602,time
US100cash,2021-10-14,-1,-21.93327596079469,stop
US100cash,2021-10-18,1,80.21593799721477,time
US100cash,2021-11-02,-1,-11.335048284157066,stop
US100cash,2021-11-09,1,-16.769468590784225,stop
US100cash,2021-11-18,1,-8.989188596223933,stop
US100cash,2021-11-26,1,-18.798614449662857,stop
US100cash,2021-12-09,1,-16.054702192919418,stop
US100cash,2021-12-23,1,70.17478949104846,time
US100cash,2021-12-27,-1,-8.025020977954965,stop
US100cash,2021-12-28,-1,59.46705248561582,time
US100cash,2021-12-29,1,-10.451694992274835,stop
US100cash,2021-12-30,-1,-9.172812148071479,stop
US100cash,2021-12-31,-1,-10.800384554537379,stop
US100cash,2022-01-13,1,-36.78303458469527,stop
US100cash,2022-01-18,-1,-31.58271211328576,stop
US100cash,2022-02-02,-1,56.54610961448433,time
US100cash,2022-02-17,-1,84.13740135823683,time
US100cash,2022-03-02,1,-49.648765173415285,stop
US100cash,2022-03-07,1,-35.39662699490996,stop
US100cash,2022-03-22,1,157.92634037812078,time
US100cash,2022-03-24,1,-26.737140912980326,stop
US100cash,2022-03-31,-1,65.80886614668744,time
US100cash,2022-04-19,-1,-38.97898805796074,stop
US100cash,2022-05-17,1,-42.42647411985079,stop
US100cash,2022-05-18,-1,213.63581220429424,time
US100cash,2022-05-31,1,-28.10801395107622,stop
US100cash,2022-06-09,-1,-67.79498795641979,stop
US100cash,2022-06-21,-1,-31.494134217501987,stop
US100cash,2022-06-30,-1,-62.91498857080657,stop
US100cash,2022-07-05,-1,-38.044145233964,stop
US100cash,2022-07-22,1,-13.429154455936192,stop
US100cash,2022-07-26,-1,92.03050153765307,time
US100cash,2022-08-05,-1,-71.649316105942,time
US100cash,2022-08-16,-1,-33.06781105787602,stop
US100cash,2022-08-19,1,-19.29635612995817,stop
US100cash,2022-08-24,-1,-25.709935997017617,stop
US100cash,2022-09-06,1,-20.040080160320343,stop
US100cash,2022-09-15,-1,-49.743406925940356,stop
US100cash,2022-10-03,1,-56.281788369634285,stop
US100cash,2022-10-07,-1,152.98952199669114,time
US100cash,2022-10-13,-1,-407.1475742465296,stop
US100cash,2022-11-01,-1,-13.151405556467903,stop
US100cash,2022-11-22,1,-24.2043154313281,stop
US100cash,2022-11-25,-1,23.06961595874517,time
US100cash,2022-12-08,-1,-35.51936238412891,stop
US100cash,2022-12-13,-1,203.98651741500592,time
US100cash,2023-01-03,1,-36.76870132222456,stop
US100cash,2023-01-17,1,-25.08593451616232,stop
US100cash,2023-02-07,-1,-24.726840664412833,stop
US100cash,2023-02-16,-1,-107.86786786786844,stop
US100cash,2023-02-21,-1,-21.960552947056442,stop
US100cash,2023-03-20,-1,-39.72980534793615,stop
US100cash,2023-03-21,1,-15.978990001266238,stop
US100cash,2023-03-27,-1,-20.725955935835568,stop
US100cash,2023-04-04,-1,-17.082596250939545,stop
US100cash,2023-04-12,-1,-19.158716057012068,time
US100cash,2023-05-01,1,-16.248979715227183,stop
US100cash,2023-05-02,1,-16.930705042931155,stop
US100cash,2023-05-22,-1,-15.152393933242204,stop
US100cash,2023-05-23,-1,-23.1419347818199,stop
US100cash,2023-05-30,-1,-22.79666754169027,stop
US100cash,2023-06-19,1,-8.16044902373237,stop
US100cash,2023-06-20,1,-19.97716894977193,stop
US100cash,2023-06-30,1,57.216648455348924,time
US100cash,2023-07-04,1,-4.472183675214955,stop
US100cash,2023-07-05,1,54.78420047448777,time
US100cash,2023-07-25,-1,-6.7138790081544295,stop
US100cash,2023-08-01,1,-12.05603184323308,stop
US100cash,2023-08-29,1,203.0109185695472,time
US100cash,2023-09-01,1,-59.282970550576415,stop
US100cash,2023-09-05,1,26.431262561311893,time
US100cash,2023-09-19,-1,39.55534786986907,time
US100cash,2023-10-12,1,-31.618900785899303,time
US100cash,2023-10-25,-1,150.66080498061203,time
US100cash,2023-11-07,1,-17.92126503047322,stop
US100cash,2023-11-17,-1,-7.20543061928757,time
US100cash,2023-11-24,-1,-15.582270005068702,stop
US100cash,2023-12-12,-1,-43.40909371184838,time
US100cash,2023-12-13,1,-15.175616623700446,stop
US100cash,2023-12-20,1,-7.628992555771675,stop
