family,symbols,lookback_hold,train_years,mean_bp,day_t,n_days,promote_to_lane_b,notes,L,H,lam
FX_CARRY_TREND_RESIDUAL,"AUDUSD,NZDUSD,EURUSD,GBPUSD,JPYUSD,CHFUSD",L60/H5/lam0.5|LS2/S2,18.38,-0.076,-0.068,4761,no,NEW_FAMILY; carry z − λ·mom z; FRED 3M diff; bruto daily port; short=no; ≤2024,60,5,0.5
FX_CARRY_TREND_RESIDUAL,"AUDUSD,NZDUSD,EURUSD,GBPUSD,JPYUSD,CHFUSD",L60/H5/lam1.0|LS2/S2,18.38,-0.385,-0.367,4761,no,NEW_FAMILY; carry z − λ·mom z; FRED 3M diff; bruto daily port; short=no; ≤2024,60,5,1.0
FX_CARRY_TREND_RESIDUAL,"AUDUSD,NZDUSD,EURUSD,GBPUSD,JPYUSD,CHFUSD",L60/H10/lam0.5|LS2/S2,18.38,-0.283,-0.253,4761,no,NEW_FAMILY; carry z − λ·mom z; FRED 3M diff; bruto daily port; short=no; ≤2024,60,10,0.5
FX_CARRY_TREND_RESIDUAL,"AUDUSD,NZDUSD,EURUSD,GBPUSD,JPYUSD,CHFUSD",L60/H10/lam1.0|LS2/S2,18.38,0.104,0.099,4761,no,NEW_FAMILY; carry z − λ·mom z; FRED 3M diff; bruto daily port; short=no; ≤2024,60,10,1.0
FX_CARRY_TREND_RESIDUAL,"AUDUSD,NZDUSD,EURUSD,GBPUSD,JPYUSD,CHFUSD",L60/H20/lam0.5|LS2/S2,18.38,-0.031,-0.028,4761,no,NEW_FAMILY; carry z − λ·mom z; FRED 3M diff; bruto daily port; short=no; ≤2024,60,20,0.5
FX_CARRY_TREND_RESIDUAL,"AUDUSD,NZDUSD,EURUSD,GBPUSD,JPYUSD,CHFUSD",L60/H20/lam1.0|LS2/S2,18.38,0.136,0.131,4761,no,NEW_FAMILY; carry z − λ·mom z; FRED 3M diff; bruto daily port; short=no; ≤2024,60,20,1.0
FX_CARRY_TREND_RESIDUAL,"AUDUSD,NZDUSD,EURUSD,GBPUSD,JPYUSD,CHFUSD",L120/H5/lam0.5|LS2/S2,18.15,-0.581,-0.513,4701,no,NEW_FAMILY; carry z − λ·mom z; FRED 3M diff; bruto daily port; short=no; ≤2024,120,5,0.5
FX_CARRY_TREND_RESIDUAL,"AUDUSD,NZDUSD,EURUSD,GBPUSD,JPYUSD,CHFUSD",L120/H5/lam1.0|LS2/S2,18.15,-0.465,-0.437,4701,no,NEW_FAMILY; carry z − λ·mom z; FRED 3M diff; bruto daily port; short=no; ≤2024,120,5,1.0
FX_CARRY_TREND_RESIDUAL,"AUDUSD,NZDUSD,EURUSD,GBPUSD,JPYUSD,CHFUSD",L120/H10/lam0.5|LS2/S2,18.15,-0.63,-0.559,4701,no,NEW_FAMILY; carry z − λ·mom z; FRED 3M diff; bruto daily port; short=no; ≤2024,120,10,0.5
FX_CARRY_TREND_RESIDUAL,"AUDUSD,NZDUSD,EURUSD,GBPUSD,JPYUSD,CHFUSD",L120/H10/lam1.0|LS2/S2,18.15,-0.404,-0.383,4701,no,NEW_FAMILY; carry z − λ·mom z; FRED 3M diff; bruto daily port; short=no; ≤2024,120,10,1.0
FX_CARRY_TREND_RESIDUAL,"AUDUSD,NZDUSD,EURUSD,GBPUSD,JPYUSD,CHFUSD",L120/H20/lam0.5|LS2/S2,18.15,-0.546,-0.489,4701,no,NEW_FAMILY; carry z − λ·mom z; FRED 3M diff; bruto daily port; short=no; ≤2024,120,20,0.5
FX_CARRY_TREND_RESIDUAL,"AUDUSD,NZDUSD,EURUSD,GBPUSD,JPYUSD,CHFUSD",L120/H20/lam1.0|LS2/S2,18.15,-0.135,-0.131,4701,no,NEW_FAMILY; carry z − λ·mom z; FRED 3M diff; bruto daily port; short=no; ≤2024,120,20,1.0
