# bron: World Bank Commodity Price Data (The Pink Sheet), 'Monthly Prices': Logs, Cameroon; licentie CC BY 4.0 (bronvermelding: World Bank); maandgemiddelde, nominaal USD; datum = 1e van de maand (publicatie ≈ begin volgende maand)
date;open;high;low;close;adjclose;volume
1970-01-01;;;;43;43;
1970-02-01;;;;43;43;
1970-03-01;;;;43;43;
1970-04-01;;;;43;43;
1970-05-01;;;;43;43;
1970-06-01;;;;43;43;
1970-07-01;;;;43;43;
1970-08-01;;;;43;43;
1970-09-01;;;;43;43;
1970-10-01;;;;43;43;
1970-11-01;;;;43;43;
1970-12-01;;;;43;43;
1971-01-01;;;;44.4;44.4;
1971-02-01;;;;44.4;44.4;
1971-03-01;;;;44.4;44.4;
1971-04-01;;;;44.4;44.4;
1971-05-01;;;;44.4;44.4;
1971-06-01;;;;44.4;44.4;
1971-07-01;;;;44.4;44.4;
1971-08-01;;;;44.4;44.4;
1971-09-01;;;;44.4;44.4;
1971-10-01;;;;44.4;44.4;
1971-11-01;;;;44.4;44.4;
1971-12-01;;;;44.4;44.4;
1972-01-01;;;;52.5;52.5;
1972-02-01;;;;52.5;52.5;
1972-03-01;;;;52.5;52.5;
1972-04-01;;;;52.5;52.5;
1972-05-01;;;;52.5;52.5;
1972-06-01;;;;52.5;52.5;
1972-07-01;;;;52.5;52.5;
1972-08-01;;;;52.5;52.5;
1972-09-01;;;;52.5;52.5;
1972-10-01;;;;52.5;52.5;
1972-11-01;;;;52.5;52.5;
1972-12-01;;;;52.5;52.5;
1973-01-01;;;;133.5;133.5;
1973-02-01;;;;133.5;133.5;
1973-03-01;;;;133.5;133.5;
1973-04-01;;;;133.5;133.5;
1973-05-01;;;;133.5;133.5;
1973-06-01;;;;133.5;133.5;
1973-07-01;;;;133.5;133.5;
1973-08-01;;;;133.5;133.5;
1973-09-01;;;;133.5;133.5;
1973-10-01;;;;133.5;133.5;
1973-11-01;;;;133.5;133.5;
1973-12-01;;;;133.5;133.5;
1974-01-01;;;;120.4;120.4;
1974-02-01;;;;120.4;120.4;
1974-03-01;;;;120.4;120.4;
1974-04-01;;;;120.4;120.4;
1974-05-01;;;;120.4;120.4;
1974-06-01;;;;120.4;120.4;
1974-07-01;;;;120.4;120.4;
1974-08-01;;;;120.4;120.4;
1974-09-01;;;;120.4;120.4;
1974-10-01;;;;120.4;120.4;
1974-11-01;;;;120.4;120.4;
1974-12-01;;;;120.4;120.4;
1975-01-01;;;;126.6;126.6;
1975-02-01;;;;126.6;126.6;
1975-03-01;;;;126.6;126.6;
1975-04-01;;;;126.6;126.6;
1975-05-01;;;;126.6;126.6;
1975-06-01;;;;126.6;126.6;
1975-07-01;;;;126.6;126.6;
1975-08-01;;;;126.6;126.6;
1975-09-01;;;;126.6;126.6;
1975-10-01;;;;126.6;126.6;
1975-11-01;;;;126.6;126.6;
1975-12-01;;;;126.6;126.6;
1976-01-01;;;;145.7;145.7;
1976-02-01;;;;145.4;145.4;
1976-03-01;;;;140.6;140.6;
1976-04-01;;;;143.5;143.5;
1976-05-01;;;;142.6;142.6;
1976-06-01;;;;141.4;141.4;
1976-07-01;;;;138.3;138.3;
1976-08-01;;;;135;135;
1976-09-01;;;;136.3;136.3;
1976-10-01;;;;134.5;134.5;
1976-11-01;;;;148.3;148.3;
1976-12-01;;;;156.4;156.4;
1977-01-01;;;;157;157;
1977-02-01;;;;156.7;156.7;
1977-03-01;;;;156.6;156.6;
1977-04-01;;;;157.1;157.1;
1977-05-01;;;;157.5;157.5;
1977-06-01;;;;157.9;157.9;
1977-07-01;;;;160.8;160.8;
1977-08-01;;;;159.4;159.4;
1977-09-01;;;;158.5;158.5;
1977-10-01;;;;160.5;160.5;
1977-11-01;;;;160.7;160.7;
1977-12-01;;;;162.7;162.7;
1978-01-01;;;;165.4;165.4;
1978-02-01;;;;161.2;161.2;
1978-03-01;;;;165.5;165.5;
1978-04-01;;;;170.1;170.1;
1978-05-01;;;;193.5;193.5;
1978-06-01;;;;196.5;196.5;
1978-07-01;;;;202.7;202.7;
1978-08-01;;;;206.4;206.4;
1978-09-01;;;;206.3;206.3;
1978-10-01;;;;213.1;213.1;
1978-11-01;;;;206.3;206.3;
1978-12-01;;;;208.3;208.3;
1979-01-01;;;;212.2;212.2;
1979-02-01;;;;191.8;191.8;
1979-03-01;;;;199.4;199.4;
1979-04-01;;;;204.6;204.6;
1979-05-01;;;;201.9;201.9;
1979-06-01;;;;203.9;203.9;
1979-07-01;;;;209.7;209.7;
1979-08-01;;;;209;209;
1979-09-01;;;;212.5;212.5;
1979-10-01;;;;226.4;226.4;
1979-11-01;;;;229.5;229.5;
1979-12-01;;;;237.4;237.4;
1980-01-01;;;;245.2;245.2;
1980-02-01;;;;249;249;
1980-03-01;;;;243.4;243.4;
1980-04-01;;;;241.8;241.8;
1980-05-01;;;;251.1;251.1;
1980-06-01;;;;255.3;255.3;
1980-07-01;;;;259.9;259.9;
1980-08-01;;;;253;253;
1980-09-01;;;;252.5;252.5;
1980-10-01;;;;258.9;258.9;
1980-11-01;;;;258.4;258.4;
1980-12-01;;;;251.8;251.8;
1981-01-01;;;;248;248;
1981-02-01;;;;231.5;231.5;
1981-03-01;;;;231.4;231.4;
1981-04-01;;;;225.3;225.3;
1981-05-01;;;;209.5;209.5;
1981-06-01;;;;203.1;203.1;
1981-07-01;;;;198.3;198.3;
1981-08-01;;;;192.3;192.3;
1981-09-01;;;;203.8;203.8;
1981-10-01;;;;204.5;204.5;
1981-11-01;;;;204.8;204.8;
1981-12-01;;;;201.2;201.2;
1982-01-01;;;;197.4;197.4;
1982-02-01;;;;191.1;191.1;
1982-03-01;;;;187.2;187.2;
1982-04-01;;;;184.2;184.2;
1982-05-01;;;;191.1;191.1;
1982-06-01;;;;174.8;174.8;
1982-07-01;;;;168;168;
1982-08-01;;;;166.3;166.3;
1982-09-01;;;;162.8;162.8;
1982-10-01;;;;161;161;
1982-11-01;;;;159.4;159.4;
1982-12-01;;;;167.7;167.7;
1983-01-01;;;;169.9;169.9;
1983-02-01;;;;167.1;167.1;
1983-03-01;;;;164;164;
1983-04-01;;;;157.2;157.2;
1983-05-01;;;;154.8;154.8;
1983-06-01;;;;150.1;150.1;
1983-07-01;;;;147.8;147.8;
1983-08-01;;;;143;143;
1983-09-01;;;;156.6;156.6;
1983-10-01;;;;168.3;168.3;
1983-11-01;;;;177.4;177.4;
1983-12-01;;;;173;173;
1984-01-01;;;;168.7;168.7;
1984-02-01;;;;174.2;174.2;
1984-03-01;;;;190.6;190.6;
1984-04-01;;;;190.8;190.8;
1984-05-01;;;;183.4;183.4;
1984-06-01;;;;184.1;184.1;
1984-07-01;;;;177.4;177.4;
1984-08-01;;;;174.9;174.9;
1984-09-01;;;;167;167;
1984-10-01;;;;164.5;164.5;
1984-11-01;;;;169;169;
1984-12-01;;;;163.2;163.2;
1985-01-01;;;;159.8;159.8;
1985-02-01;;;;153.9;153.9;
1985-03-01;;;;153.3;153.3;
1985-04-01;;;;164.7;164.7;
1985-05-01;;;;163.7;163.7;
1985-06-01;;;;166;166;
1985-07-01;;;;174.6;174.6;
1985-08-01;;;;181.8;181.8;
1985-09-01;;;;179;179;
1985-10-01;;;;192.1;192.1;
1985-11-01;;;;196.3;196.3;
1985-12-01;;;;201.3;201.3;
1986-01-01;;;;206.7;206.7;
1986-02-01;;;;216.4;216.4;
1986-03-01;;;;192.1;192.1;
1986-04-01;;;;215.4;215.4;
1986-05-01;;;;217.9;217.9;
1986-06-01;;;;217.4;217.4;
1986-07-01;;;;223.8;223.8;
1986-08-01;;;;230.4;230.4;
1986-09-01;;;;232;232;
1986-10-01;;;;236.7;236.7;
1986-11-01;;;;234;234;
1986-12-01;;;;236.9;236.9;
1987-01-01;;;;250.2;250.2;
1987-02-01;;;;254.8;254.8;
1987-03-01;;;;253.9;253.9;
1987-04-01;;;;257;257;
1987-05-01;;;;259.7;259.7;
1987-06-01;;;;255.1;255.1;
1987-07-01;;;;252.8;252.8;
1987-08-01;;;;251.5;251.5;
1987-09-01;;;;257.8;257.8;
1987-10-01;;;;259.1;259.1;
1987-11-01;;;;273.4;273.4;
1987-12-01;;;;281.8;281.8;
1988-01-01;;;;279.8;279.8;
1988-02-01;;;;271.9;271.9;
1988-03-01;;;;274;274;
1988-04-01;;;;274.6;274.6;
1988-05-01;;;;272.1;272.1;
1988-06-01;;;;263.4;263.4;
1988-07-01;;;;264.9;264.9;
1988-08-01;;;;262.1;262.1;
1988-09-01;;;;263.8;263.8;
1988-10-01;;;;269.4;269.4;
1988-11-01;;;;280.6;280.6;
1988-12-01;;;;279.3;279.3;
1989-01-01;;;;270.4;270.4;
1989-02-01;;;;277.5;277.5;
1989-03-01;;;;276.7;276.7;
1989-04-01;;;;276.7;276.7;
1989-05-01;;;;264.5;264.5;
1989-06-01;;;;260.4;260.4;
1989-07-01;;;;272.4;272.4;
1989-08-01;;;;269.2;269.2;
1989-09-01;;;;265.4;265.4;
1989-10-01;;;;276.3;276.3;
1989-11-01;;;;281.4;281.4;
1989-12-01;;;;294.3;294.3;
1990-01-01;;;;303.8;303.8;
1990-02-01;;;;325;325;
1990-03-01;;;;321.5;321.5;
1990-04-01;;;;326.3;326.3;
1990-05-01;;;;337.6;337.6;
1990-06-01;;;;335.4;335.4;
1990-07-01;;;;345.4;345.4;
1990-08-01;;;;360.3;360.3;
1990-09-01;;;;361.4;361.4;
1990-10-01;;;;369.7;369.7;
1990-11-01;;;;370;370;
1990-12-01;;;;365.2;365.2;
1991-01-01;;;;360.6;360.6;
1991-02-01;;;;367.1;367.1;
1991-03-01;;;;338.8;338.8;
1991-04-01;;;;303.9;303.9;
1991-05-01;;;;300.8;300.8;
1991-06-01;;;;288.9;288.9;
1991-07-01;;;;288.2;288.2;
1991-08-01;;;;295.1;295.1;
1991-09-01;;;;302.8;302.8;
1991-10-01;;;;303.7;303.7;
1991-11-01;;;;316.1;316.1;
1991-12-01;;;;326.7;326.7;
1992-01-01;;;;325.3;325.3;
1992-02-01;;;;317.5;317.5;
1992-03-01;;;;310.3;310.3;
1992-04-01;;;;314;314;
1992-05-01;;;;321.1;321.1;
1992-06-01;;;;330.3;330.3;
1992-07-01;;;;347.8;347.8;
1992-08-01;;;;355.3;355.3;
1992-09-01;;;;355.4;355.4;
1992-10-01;;;;347.9;347.9;
1992-11-01;;;;325.9;325.9;
1992-12-01;;;;324.5;324.5;
1993-01-01;;;;319.3;319.3;
1993-02-01;;;;314.5;314.5;
1993-03-01;;;;312.8;312.8;
1993-04-01;;;;324.2;324.2;
1993-05-01;;;;323.3;323.3;
1993-06-01;;;;314.5;314.5;
1993-07-01;;;;300;300;
1993-08-01;;;;295.2;295.2;
1993-09-01;;;;308.4;308.4;
1993-10-01;;;;304.4;304.4;
1993-11-01;;;;299.5;299.5;
1993-12-01;;;;307.8;307.8;
1994-01-01;;;;304;304;
1994-02-01;;;;304.7;304.7;
1994-03-01;;;;311.6;311.6;
1994-04-01;;;;309.6;309.6;
1994-05-01;;;;318.1;318.1;
1994-06-01;;;;331.2;331.2;
1994-07-01;;;;343.8;343.8;
1994-08-01;;;;344.8;344.8;
1994-09-01;;;;347.8;347.8;
1994-10-01;;;;354.5;354.5;
1994-11-01;;;;351.4;351.4;
1994-12-01;;;;341.7;341.7;
1995-01-01;;;;341;341;
1995-02-01;;;;334.1;334.1;
1995-03-01;;;;346.8;346.8;
1995-04-01;;;;350.6;350.6;
1995-05-01;;;;341;341;
1995-06-01;;;;345.8;345.8;
1995-07-01;;;;351.8;351.8;
1995-08-01;;;;342;342;
1995-09-01;;;;337.1;337.1;
1995-10-01;;;;344.1;344.1;
1995-11-01;;;;337.7;337.7;
1995-12-01;;;;302.2;302.2;
1996-01-01;;;;279.7;279.7;
1996-02-01;;;;272.8;272.8;
1996-03-01;;;;271.8;271.8;
1996-04-01;;;;270.3;270.3;
1996-05-01;;;;279.3;279.3;
1996-06-01;;;;280.1;280.1;
1996-07-01;;;;284.7;284.7;
1996-08-01;;;;286.6;286.6;
1996-09-01;;;;282.7;282.7;
1996-10-01;;;;300;300;
1996-11-01;;;;303.5;303.5;
1996-12-01;;;;300.4;300.4;
1997-01-01;;;;286.1;286.1;
1997-02-01;;;;283;283;
1997-03-01;;;;279.7;279.7;
1997-04-01;;;;277.7;277.7;
1997-05-01;;;;278.6;278.6;
1997-06-01;;;;283.1;283.1;
1997-07-01;;;;283.8;283.8;
1997-08-01;;;;285.7;285.7;
1997-09-01;;;;283.8;283.8;
1997-10-01;;;;296;296;
1997-11-01;;;;293.5;293.5;
1997-12-01;;;;286.1;286.1;
1998-01-01;;;;287.7;287.7;
1998-02-01;;;;287.8;287.8;
1998-03-01;;;;287.6;287.6;
1998-04-01;;;;287.7;287.7;
1998-05-01;;;;285.9;285.9;
1998-06-01;;;;274.5;274.5;
1998-07-01;;;;273.8;273.8;
1998-08-01;;;;275.2;275.2;
1998-09-01;;;;289.1;289.1;
1998-10-01;;;;300.3;300.3;
1998-11-01;;;;292.7;292.7;
1998-12-01;;;;294.6;294.6;
1999-01-01;;;;291.2;291.2;
1999-02-01;;;;281.8;281.8;
1999-03-01;;;;273.7;273.7;
1999-04-01;;;;269.3;269.3;
1999-05-01;;;;251.3;251.3;
1999-06-01;;;;245.2;245.2;
1999-07-01;;;;243.8;243.8;
1999-08-01;;;;250.5;250.5;
1999-09-01;;;;247.2;247.2;
1999-10-01;;;;269.3;269.3;
1999-11-01;;;;307.5;307.5;
1999-12-01;;;;300.5;300.5;
2000-01-01;;;;301.3;301.3;
2000-02-01;;;;292.3;292.3;
2000-03-01;;;;286.7;286.7;
2000-04-01;;;;281.4;281.4;
2000-05-01;;;;269.2;269.2;
2000-06-01;;;;282.1;282.1;
2000-07-01;;;;279.3;279.3;
2000-08-01;;;;278.2;278.2;
2000-09-01;;;;259.2;259.2;
2000-10-01;;;;254.1;254.1;
2000-11-01;;;;254.6;254.6;
2000-12-01;;;;266.6;266.6;
2001-01-01;;;;278.9;278.9;
2001-02-01;;;;274;274;
2001-03-01;;;;268.5;268.5;
2001-04-01;;;;265.1;265.1;
2001-05-01;;;;259.8;259.8;
2001-06-01;;;;253.6;253.6;
2001-07-01;;;;255.8;255.8;
2001-08-01;;;;267.6;267.6;
2001-09-01;;;;270.8;270.8;
2001-10-01;;;;269.3;269.3;
2001-11-01;;;;264.1;264.1;
2001-12-01;;;;265.2;265.2;
2002-01-01;;;;262.5;262.5;
2002-02-01;;;;220.5;220.5;
2002-03-01;;;;221.1;221.1;
2002-04-01;;;;223.6;223.6;
2002-05-01;;;;225.7;225.7;
2002-06-01;;;;237;237;
2002-07-01;;;;242.6;242.6;
2002-08-01;;;;236.8;236.8;
2002-09-01;;;;235.7;235.7;
2002-10-01;;;;237.3;237.3;
2002-11-01;;;;243.7;243.7;
2002-12-01;;;;245.9;245.9;
2003-01-01;;;;260.2;260.2;
2003-02-01;;;;263.9;263.9;
2003-03-01;;;;264.7;264.7;
2003-04-01;;;;265.7;265.7;
2003-05-01;;;;283.4;283.4;
2003-06-01;;;;285.7;285.7;
2003-07-01;;;;278.6;278.6;
2003-08-01;;;;272.8;272.8;
2003-09-01;;;;274.8;274.8;
2003-10-01;;;;292.3;292.3;
2003-11-01;;;;298.3;298.3;
2003-12-01;;;;313.4;313.4;
2004-01-01;;;;315.3;315.3;
2004-02-01;;;;325.6;325.6;
2004-03-01;;;;315.7;315.7;
2004-04-01;;;;308.7;308.7;
2004-05-01;;;;319.4;319.4;
2004-06-01;;;;323.2;323.2;
2004-07-01;;;;326.5;326.5;
2004-08-01;;;;331.8;331.8;
2004-09-01;;;;339.3;339.3;
2004-10-01;;;;347;347;
2004-11-01;;;;360.9;360.9;
2004-12-01;;;;362.2;362.2;
2005-01-01;;;;354;354;
2005-02-01;;;;351.4;351.4;
2005-03-01;;;;355.9;355.9;
2005-04-01;;;;323.5;323.5;
2005-05-01;;;;342.5;342.5;
2005-06-01;;;;328.3;328.3;
2005-07-01;;;;328.3;328.3;
2005-08-01;;;;335;335;
2005-09-01;;;;330.9;330.9;
2005-10-01;;;;324.4;324.4;
2005-11-01;;;;318.2;318.2;
2005-12-01;;;;320.1;320.1;
2006-01-01;;;;323.8;323.8;
2006-02-01;;;;316.4;316.4;
2006-03-01;;;;306.5;306.5;
2006-04-01;;;;312.9;312.9;
2006-05-01;;;;325.6;325.6;
2006-06-01;;;;309.9;309.9;
2006-07-01;;;;312.3;312.3;
2006-08-01;;;;317.1;317.1;
2006-09-01;;;;315;315;
2006-10-01;;;;316.9;316.9;
2006-11-01;;;;328.5;328.5;
2006-12-01;;;;336.9;336.9;
2007-01-01;;;;358.7;358.7;
2007-02-01;;;;375.2;375.2;
2007-03-01;;;;380;380;
2007-04-01;;;;387.9;387.9;
2007-05-01;;;;373.6;373.6;
2007-06-01;;;;356.9;356.9;
2007-07-01;;;;364.8;364.8;
2007-08-01;;;;371.2;371.2;
2007-09-01;;;;378.7;378.7;
2007-10-01;;;;387.7;387.7;
2007-11-01;;;;422.1;422.1;
2007-12-01;;;;418.9;418.9;
2008-01-01;;;;483.9;483.9;
2008-02-01;;;;545.7;545.7;
2008-03-01;;;;562.8;562.8;
2008-04-01;;;;558.9;558.9;
2008-05-01;;;;552.3;552.3;
2008-06-01;;;;552.1;552.1;
2008-07-01;;;;559.6;559.6;
2008-08-01;;;;554.1;554.1;
2008-09-01;;;;531.7;531.7;
2008-10-01;;;;492.9;492.9;
2008-11-01;;;;452;452;
2008-12-01;;;;476.6;476.6;
2009-01-01;;;;470.2;470.2;
2009-02-01;;;;421.9;421.9;
2009-03-01;;;;388.2;388.2;
2009-04-01;;;;382.5;382.5;
2009-05-01;;;;395.4;395.4;
2009-06-01;;;;406.5;406.5;
2009-07-01;;;;408.6;408.6;
2009-08-01;;;;413.8;413.8;
2009-09-01;;;;422.3;422.3;
2009-10-01;;;;444.5;444.5;
2009-11-01;;;;451.1;451.1;
2009-12-01;;;;452.7;452.7;
2010-01-01;;;;442.4;442.4;
2010-02-01;;;;424.3;424.3;
2010-03-01;;;;427.6;427.6;
2010-04-01;;;;429.6;429.6;
2010-05-01;;;;403.5;403.5;
2010-06-01;;;;390.8;390.8;
2010-07-01;;;;421.4;421.4;
2010-08-01;;;;425.6;425.6;
2010-09-01;;;;432;432;
2010-10-01;;;;458.9;458.9;
2010-11-01;;;;450.2;450.2;
2010-12-01;;;;436.5;436.5;
2011-01-01;;;;441.3;441.3;
2011-02-01;;;;450.8;450.8;
2011-03-01;;;;462.6;462.6;
2011-04-01;;;;477.5;477.5;
2011-05-01;;;;487.2;487.2;
2011-06-01;;;;504;504;
2011-07-01;;;;521.6;521.6;
2011-08-01;;;;523.3;523.3;
2011-09-01;;;;500.4;500.4;
2011-10-01;;;;501;501;
2011-11-01;;;;481.1;481.1;
2011-12-01;;;;466.7;466.7;
2012-01-01;;;;458.3;458.3;
2012-02-01;;;;466.6;466.6;
2012-03-01;;;;465.8;465.8;
2012-04-01;;;;464;464;
2012-05-01;;;;451.5;451.5;
2012-06-01;;;;442.3;442.3;
2012-07-01;;;;430.3;430.3;
2012-08-01;;;;431;431;
2012-09-01;;;;447.4;447.4;
2012-10-01;;;;450.7;450.7;
2012-11-01;;;;449.3;449.3;
2012-12-01;;;;459.4;459.4;
2013-01-01;;;;465.6;465.6;
2013-02-01;;;;466.9;466.9;
2013-03-01;;;;436.2;436.2;
2013-04-01;;;;455.9;455.9;
2013-05-01;;;;454.2;454.2;
2013-06-01;;;;462;462;
2013-07-01;;;;458.3;458.3;
2013-08-01;;;;466.2;466.2;
2013-09-01;;;;467.7;467.7;
2013-10-01;;;;477.4;477.4;
2013-11-01;;;;472.4;472.4;
2013-12-01;;;;479.6;479.6;
2014-01-01;;;;476.8;476.8;
2014-02-01;;;;478.1;478.1;
2014-03-01;;;;483.8;483.8;
2014-04-01;;;;483.5;483.5;
2014-05-01;;;;480.9;480.9;
2014-06-01;;;;475.7;475.7;
2014-07-01;;;;474;474;
2014-08-01;;;;466.1;466.1;
2014-09-01;;;;451.8;451.8;
2014-10-01;;;;443.5;443.5;
2014-11-01;;;;436.6;436.6;
2014-12-01;;;;431.2;431.2;
2015-01-01;;;;407.6;407.6;
2015-02-01;;;;397.5;397.5;
2015-03-01;;;;379.2;379.2;
2015-04-01;;;;377.8;377.8;
2015-05-01;;;;390.8;390.8;
2015-06-01;;;;392.5;392.5;
2015-07-01;;;;385.1;385.1;
2015-08-01;;;;389.8;389.8;
2015-09-01;;;;393;393;
2015-10-01;;;;393.3;393.3;
2015-11-01;;;;375.9;375.9;
2015-12-01;;;;380.6;380.6;
2016-01-01;;;;380.2;380.2;
2016-02-01;;;;388.4;388.4;
2016-03-01;;;;388.9;388.9;
2016-04-01;;;;396.7;396.7;
2016-05-01;;;;395.8;395.8;
2016-06-01;;;;393.2;393.2;
2016-07-01;;;;387.3;387.3;
2016-08-01;;;;392.3;392.3;
2016-09-01;;;;392.4;392.4;
2016-10-01;;;;386;386;
2016-11-01;;;;378.3;378.3;
2016-12-01;;;;369.3;369.3;
2017-01-01;;;;371.6;371.6;
2017-02-01;;;;372.4;372.4;
2017-03-01;;;;374;374;
2017-04-01;;;;375;375;
2017-05-01;;;;386.8;386.8;
2017-06-01;;;;392.9;392.9;
2017-07-01;;;;402.7;402.7;
2017-08-01;;;;413.2;413.2;
2017-09-01;;;;417.2;417.2;
2017-10-01;;;;411.6;411.6;
2017-11-01;;;;410.9;410.9;
2017-12-01;;;;414.3;414.3;
2018-01-01;;;;426.7;426.7;
2018-02-01;;;;432.5;432.5;
2018-03-01;;;;431.7;431.7;
2018-04-01;;;;429.7;429.7;
2018-05-01;;;;413.9;413.9;
2018-06-01;;;;408.8;408.8;
2018-07-01;;;;408.8;408.8;
2018-08-01;;;;404.1;404.1;
2018-09-01;;;;408.1;408.1;
2018-10-01;;;;402;402;
2018-11-01;;;;397.7;397.7;
2018-12-01;;;;398.5;398.5;
2019-01-01;;;;399.7;399.7;
2019-02-01;;;;397.3;397.3;
2019-03-01;;;;395.7;395.7;
2019-04-01;;;;393.4;393.4;
2019-05-01;;;;391.5;391.5;
2019-06-01;;;;395.2;395.2;
2019-07-01;;;;392.7;392.7;
2019-08-01;;;;389.4;389.4;
2019-09-01;;;;385.3;385.3;
2019-10-01;;;;386.9;386.9;
2019-11-01;;;;386.9;386.9;
2019-12-01;;;;388.9;388.9;
2020-01-01;;;;388.7;388.7;
2020-02-01;;;;381.8;381.8;
2020-03-01;;;;387.2;387.2;
2020-04-01;;;;380.4;380.4;
2020-05-01;;;;381.6;381.6;
2020-06-01;;;;393.9;393.9;
2020-07-01;;;;401.1;401.1;
2020-08-01;;;;414;414;
2020-09-01;;;;412.8;412.8;
2020-10-01;;;;412;412;
2020-11-01;;;;414.3;414.3;
2020-12-01;;;;425.8;425.8;
2021-01-01;;;;426.1;426.1;
2021-02-01;;;;423.4;423.4;
2021-03-01;;;;416.6;416.6;
2021-04-01;;;;418.5;418.5;
2021-05-01;;;;425.2;425.2;
2021-06-01;;;;421.8;421.8;
2021-07-01;;;;413.8;413.8;
2021-08-01;;;;412;412;
2021-09-01;;;;412;412;
2021-10-01;;;;406;406;
2021-11-01;;;;399.6;399.6;
2021-12-01;;;;395.6;395.6;
2022-01-01;;;;396.2;396.2;
2022-02-01;;;;397;397;
2022-03-01;;;;385.7;385.7;
2022-04-01;;;;378.8;378.8;
2022-05-01;;;;370.3;370.3;
2022-06-01;;;;370.1;370.1;
2022-07-01;;;;356.5;356.5;
2022-08-01;;;;354.5;354.5;
2022-09-01;;;;346.9;346.9;
2022-10-01;;;;344;344;
2022-11-01;;;;356.9;356.9;
2022-12-01;;;;370.5;370.5;
2023-01-01;;;;377.1;377.1;
2023-02-01;;;;375.1;375.1;
2023-03-01;;;;374.7;374.7;
2023-04-01;;;;383.8;383.8;
2023-05-01;;;;380.5;380.5;
2023-06-01;;;;379.4;379.4;
2023-07-01;;;;387.1;387.1;
2023-08-01;;;;381.9;381.9;
2023-09-01;;;;374;374;
2023-10-01;;;;369.7;369.7;
2023-11-01;;;;378.1;378.1;
2023-12-01;;;;382;382;
2024-01-01;;;;381.7;381.7;
2024-02-01;;;;377.7;377.7;
2024-03-01;;;;380.4;380.4;
2024-04-01;;;;375.6;375.6;
2024-05-01;;;;378.2;378.2;
2024-06-01;;;;376.6;376.6;
2024-07-01;;;;379.6;379.6;
2024-08-01;;;;385.4;385.4;
2024-09-01;;;;388.7;388.7;
2024-10-01;;;;381.7;381.7;
2024-11-01;;;;372;372;
2024-12-01;;;;366.5;366.5;
2025-01-01;;;;362.4;362.4;
2025-02-01;;;;364.5;364.5;
2025-03-01;;;;378.3;378.3;
2025-04-01;;;;393.1;393.1;
2025-05-01;;;;394.9;394.9;
2025-06-01;;;;403.1;403.1;
2025-07-01;;;;408.9;408.9;
2025-08-01;;;;407.2;407.2;
2025-09-01;;;;410.7;410.7;
2025-10-01;;;;407.3;407.3;
2025-11-01;;;;404.4;404.4;
2025-12-01;;;;410;410;
2026-01-01;;;;410.8;410.8;
2026-02-01;;;;413.9;413.9;
2026-03-01;;;;404.5;404.5;
2026-04-01;;;;409.2;409.2;
2026-05-01;;;;408.8;408.8;
2026-06-01;;;;403.2;403.2;
2026-07-01;;;;399.7;399.7;
2026-08-01;;;;405.7;405.7;
