# bron: World Bank Commodity Price Data (The Pink Sheet), 'Monthly Prices': Lamb **; licentie CC BY 4.0 (bronvermelding: World Bank); maandgemiddelde, nominaal USD; datum = 1e van de maand (publicatie ≈ begin volgende maand)
date;open;high;low;close;adjclose;volume
1971-01-01;;;;0.8;0.8;
1971-02-01;;;;0.79;0.79;
1971-03-01;;;;0.78;0.78;
1971-04-01;;;;0.82;0.82;
1971-05-01;;;;0.79;0.79;
1971-06-01;;;;0.76;0.76;
1971-07-01;;;;0.75;0.75;
1971-08-01;;;;0.75;0.75;
1971-09-01;;;;0.79;0.79;
1971-10-01;;;;0.8;0.8;
1971-11-01;;;;0.85;0.85;
1971-12-01;;;;0.88;0.88;
1972-01-01;;;;0.92;0.92;
1972-02-01;;;;0.89;0.89;
1972-03-01;;;;0.92;0.92;
1972-04-01;;;;0.93;0.93;
1972-05-01;;;;0.98;0.98;
1972-06-01;;;;1.23;1.23;
1972-07-01;;;;1.15;1.15;
1972-08-01;;;;1.22;1.22;
1972-09-01;;;;1.2;1.2;
1972-10-01;;;;1.11;1.11;
1972-11-01;;;;1.12;1.12;
1972-12-01;;;;1.14;1.14;
1973-01-01;;;;1.17;1.17;
1973-02-01;;;;1.18;1.18;
1973-03-01;;;;1.23;1.23;
1973-04-01;;;;1.27;1.27;
1973-05-01;;;;1.24;1.24;
1973-06-01;;;;1.29;1.29;
1973-07-01;;;;1.44;1.44;
1973-08-01;;;;1.47;1.47;
1973-09-01;;;;1.56;1.56;
1973-10-01;;;;1.6;1.6;
1973-11-01;;;;1.61;1.61;
1973-12-01;;;;1.62;1.62;
1974-01-01;;;;1.6;1.6;
1974-02-01;;;;1.46;1.46;
1974-03-01;;;;1.45;1.45;
1974-04-01;;;;1.45;1.45;
1974-05-01;;;;1.42;1.42;
1974-06-01;;;;1.39;1.39;
1974-07-01;;;;1.31;1.31;
1974-08-01;;;;1.3;1.3;
1974-09-01;;;;1.35;1.35;
1974-10-01;;;;1.43;1.43;
1974-11-01;;;;1.44;1.44;
1974-12-01;;;;1.48;1.48;
1975-01-01;;;;1.54;1.54;
1975-02-01;;;;1.46;1.46;
1975-03-01;;;;1.57;1.57;
1975-04-01;;;;1.58;1.58;
1975-05-01;;;;1.52;1.52;
1975-06-01;;;;1.53;1.53;
1975-07-01;;;;1.44;1.44;
1975-08-01;;;;1.35;1.35;
1975-09-01;;;;1.39;1.39;
1975-10-01;;;;1.41;1.41;
1975-11-01;;;;1.45;1.45;
1975-12-01;;;;1.49;1.49;
1976-01-01;;;;1.46;1.46;
1976-02-01;;;;1.36;1.36;
1976-03-01;;;;1.52;1.52;
1976-04-01;;;;1.49;1.49;
1976-05-01;;;;1.56;1.56;
1976-06-01;;;;1.53;1.53;
1976-07-01;;;;1.55;1.55;
1976-08-01;;;;1.61;1.61;
1976-09-01;;;;1.62;1.62;
1976-10-01;;;;1.65;1.65;
1976-11-01;;;;1.69;1.69;
1976-12-01;;;;1.75;1.75;
1977-01-01;;;;1.79;1.79;
1977-02-01;;;;1.65;1.65;
1977-03-01;;;;1.59;1.59;
1977-04-01;;;;1.57;1.57;
1977-05-01;;;;1.6;1.6;
1977-06-01;;;;1.62;1.62;
1977-07-01;;;;1.59;1.59;
1977-08-01;;;;1.59;1.59;
1977-09-01;;;;1.68;1.68;
1977-10-01;;;;1.86;1.86;
1977-11-01;;;;1.92;1.92;
1977-12-01;;;;1.94;1.94;
1978-01-01;;;;2;2;
1978-02-01;;;;1.96;1.96;
1978-03-01;;;;1.92;1.92;
1978-04-01;;;;1.9;1.9;
1978-05-01;;;;2;2;
1978-06-01;;;;2.11;2.11;
1978-07-01;;;;2.28;2.28;
1978-08-01;;;;2.32;2.32;
1978-09-01;;;;2.41;2.41;
1978-10-01;;;;2.54;2.54;
1978-11-01;;;;2.48;2.48;
1978-12-01;;;;2.41;2.41;
1979-01-01;;;;2.34;2.34;
1979-02-01;;;;2.17;2.17;
1979-03-01;;;;2.18;2.18;
1979-04-01;;;;2.26;2.26;
1979-05-01;;;;2.35;2.35;
1979-06-01;;;;2.4;2.4;
1979-07-01;;;;2.53;2.53;
1979-08-01;;;;2.42;2.42;
1979-09-01;;;;2.38;2.38;
1979-10-01;;;;2.41;2.41;
1979-11-01;;;;2.42;2.42;
1979-12-01;;;;2.6;2.6;
1980-01-01;;;;2.6;2.6;
1980-02-01;;;;2.7;2.7;
1980-03-01;;;;2.63;2.63;
1980-04-01;;;;2.92;2.92;
1980-05-01;;;;3.14;3.14;
1980-06-01;;;;2.98;2.98;
1980-07-01;;;;3.2;3.2;
1980-08-01;;;;3.07;3.07;
1980-09-01;;;;3;3;
1980-10-01;;;;2.92;2.92;
1980-11-01;;;;2.7;2.7;
1980-12-01;;;;2.71;2.71;
1981-01-01;;;;2.92;2.92;
1981-02-01;;;;2.97;2.97;
1981-03-01;;;;2.73;2.73;
1981-04-01;;;;2.97;2.97;
1981-05-01;;;;3.22;3.22;
1981-06-01;;;;2.99;2.99;
1981-07-01;;;;2.49;2.49;
1981-08-01;;;;2.18;2.18;
1981-09-01;;;;2.47;2.47;
1981-10-01;;;;2.64;2.64;
1981-11-01;;;;2.65;2.65;
1981-12-01;;;;2.62;2.62;
1982-01-01;;;;2.96;2.96;
1982-02-01;;;;2.76;2.76;
1982-03-01;;;;2.66;2.66;
1982-04-01;;;;2.55;2.55;
1982-05-01;;;;2.54;2.54;
1982-06-01;;;;2.43;2.43;
1982-07-01;;;;2.38;2.38;
1982-08-01;;;;2.27;2.27;
1982-09-01;;;;2.18;2.18;
1982-10-01;;;;2.1;2.1;
1982-11-01;;;;1.88;1.88;
1982-12-01;;;;1.82;1.82;
1983-01-01;;;;1.78;1.78;
1983-02-01;;;;1.67;1.67;
1983-03-01;;;;1.82;1.82;
1983-04-01;;;;2.12;2.12;
1983-05-01;;;;2.1;2.1;
1983-06-01;;;;2.04;2.04;
1983-07-01;;;;1.97;1.97;
1983-08-01;;;;1.93;1.93;
1983-09-01;;;;1.95;1.95;
1983-10-01;;;;1.98;1.98;
1983-11-01;;;;1.94;1.94;
1983-12-01;;;;1.88;1.88;
1984-01-01;;;;1.85;1.85;
1984-02-01;;;;1.87;1.87;
1984-03-01;;;;1.96;1.96;
1984-04-01;;;;2.07;2.07;
1984-05-01;;;;2.08;2.08;
1984-06-01;;;;2.05;2.05;
1984-07-01;;;;1.96;1.96;
1984-08-01;;;;1.95;1.95;
1984-09-01;;;;1.86;1.86;
1984-10-01;;;;1.8;1.8;
1984-11-01;;;;1.84;1.84;
1984-12-01;;;;1.77;1.77;
1985-01-01;;;;1.73;1.73;
1985-02-01;;;;1.69;1.69;
1985-03-01;;;;1.71;1.71;
1985-04-01;;;;1.86;1.86;
1985-05-01;;;;1.84;1.84;
1985-06-01;;;;1.86;1.86;
1985-07-01;;;;1.98;1.98;
1985-08-01;;;;1.96;1.96;
1985-09-01;;;;1.81;1.81;
1985-10-01;;;;1.87;1.87;
1985-11-01;;;;1.91;1.91;
1985-12-01;;;;1.92;1.92;
1986-01-01;;;;1.88;1.88;
1986-02-01;;;;1.88;1.88;
1986-03-01;;;;2.11;2.11;
1986-04-01;;;;2.32;2.32;
1986-05-01;;;;2.56;2.56;
1986-06-01;;;;2.57;2.57;
1986-07-01;;;;2.37;2.37;
1986-08-01;;;;2.12;2.12;
1986-09-01;;;;2.07;2.07;
1986-10-01;;;;1.98;1.98;
1986-11-01;;;;1.97;1.97;
1986-12-01;;;;2.01;2.01;
1987-01-01;;;;2.11;2.11;
1987-02-01;;;;2.09;2.09;
1987-03-01;;;;2.22;2.22;
1987-04-01;;;;2.17;2.17;
1987-05-01;;;;2.22;2.22;
1987-06-01;;;;2.16;2.16;
1987-07-01;;;;2.1;2.1;
1987-08-01;;;;2.06;2.06;
1987-09-01;;;;2.1;2.1;
1987-10-01;;;;2.09;2.09;
1987-11-01;;;;2.23;2.23;
1987-12-01;;;;2.4;2.4;
1988-01-01;;;;2.47;2.47;
1988-02-01;;;;2.45;2.45;
1988-03-01;;;;2.54;2.54;
1988-04-01;;;;2.58;2.58;
1988-05-01;;;;2.55;2.55;
1988-06-01;;;;2.42;2.42;
1988-07-01;;;;2.3;2.3;
1988-08-01;;;;2.27;2.27;
1988-09-01;;;;2.26;2.26;
1988-10-01;;;;2.31;2.31;
1988-11-01;;;;2.39;2.39;
1988-12-01;;;;2.39;2.39;
1989-01-01;;;;2.3;2.3;
1989-02-01;;;;2.3;2.3;
1989-03-01;;;;2.26;2.26;
1989-04-01;;;;2.39;2.39;
1989-05-01;;;;2.34;2.34;
1989-06-01;;;;2.23;2.23;
1989-07-01;;;;2.35;2.35;
1989-08-01;;;;2.31;2.31;
1989-09-01;;;;2.3;2.3;
1989-10-01;;;;2.35;2.35;
1989-11-01;;;;2.34;2.34;
1989-12-01;;;;2.39;2.39;
1990-01-01;;;;2.46;2.46;
1990-02-01;;;;2.56;2.56;
1990-03-01;;;;2.51;2.51;
1990-04-01;;;;2.63;2.63;
1990-05-01;;;;2.71;2.71;
1990-06-01;;;;2.72;2.72;
1990-07-01;;;;2.77;2.77;
1990-08-01;;;;2.66;2.66;
1990-09-01;;;;2.7;2.7;
1990-10-01;;;;2.77;2.77;
1990-11-01;;;;2.74;2.74;
1990-12-01;;;;2.65;2.65;
1991-01-01;;;;2.63;2.63;
1991-02-01;;;;2.66;2.66;
1991-03-01;;;;2.45;2.45;
1991-04-01;;;;2.3;2.3;
1991-05-01;;;;2.31;2.31;
1991-06-01;;;;2.2;2.2;
1991-07-01;;;;2.15;2.15;
1991-08-01;;;;2.18;2.18;
1991-09-01;;;;2.23;2.23;
1991-10-01;;;;2.22;2.22;
1991-11-01;;;;2.28;2.28;
1991-12-01;;;;2.37;2.37;
1992-01-01;;;;2.44;2.44;
1992-02-01;;;;2.52;2.52;
1992-03-01;;;;2.48;2.48;
1992-04-01;;;;2.55;2.55;
1992-05-01;;;;2.78;2.78;
1992-06-01;;;;2.73;2.73;
1992-07-01;;;;2.83;2.83;
1992-08-01;;;;2.91;2.91;
1992-09-01;;;;2.8;2.8;
1992-10-01;;;;2.52;2.52;
1992-11-01;;;;2.55;2.55;
1992-12-01;;;;2.72;2.72;
1993-01-01;;;;2.69;2.69;
1993-02-01;;;;2.59;2.59;
1993-03-01;;;;2.7;2.7;
1993-04-01;;;;2.91;2.91;
1993-05-01;;;;3.03;3.03;
1993-06-01;;;;3.02;3.02;
1993-07-01;;;;3.03;3.03;
1993-08-01;;;;2.88;2.88;
1993-09-01;;;;3.11;3.11;
1993-10-01;;;;2.98;2.98;
1993-11-01;;;;2.97;2.97;
1993-12-01;;;;2.98;2.98;
1994-01-01;;;;3.02;3.02;
1994-02-01;;;;2.96;2.96;
1994-03-01;;;;2.96;2.96;
1994-04-01;;;;2.93;2.93;
1994-05-01;;;;2.98;2.98;
1994-06-01;;;;2.96;2.96;
1994-07-01;;;;2.96;2.96;
1994-08-01;;;;2.97;2.97;
1994-09-01;;;;2.97;2.97;
1994-10-01;;;;3.04;3.04;
1994-11-01;;;;3.03;3.03;
1994-12-01;;;;2.94;2.94;
1995-01-01;;;;2.75;2.75;
1995-02-01;;;;2.71;2.71;
1995-03-01;;;;2.73;2.73;
1995-04-01;;;;2.63;2.63;
1995-05-01;;;;2.53;2.53;
1995-06-01;;;;2.53;2.53;
1995-07-01;;;;2.54;2.54;
1995-08-01;;;;2.52;2.52;
1995-09-01;;;;2.56;2.56;
1995-10-01;;;;2.67;2.67;
1995-11-01;;;;2.65;2.65;
1995-12-01;;;;2.62;2.62;
1996-01-01;;;;2.61;2.61;
1996-02-01;;;;2.63;2.63;
1996-03-01;;;;2.64;2.64;
1996-04-01;;;;3.09;3.09;
1996-05-01;;;;3.34;3.34;
1996-06-01;;;;3.53;3.53;
1996-07-01;;;;3.55;3.55;
1996-08-01;;;;3.51;3.51;
1996-09-01;;;;3.47;3.47;
1996-10-01;;;;3.59;3.59;
1996-11-01;;;;3.77;3.77;
1996-12-01;;;;3.79;3.79;
1997-01-01;;;;3.79;3.79;
1997-02-01;;;;3.67;3.67;
1997-03-01;;;;3.5;3.5;
1997-04-01;;;;3.31;3.31;
1997-05-01;;;;3.34;3.34;
1997-06-01;;;;3.33;3.33;
1997-07-01;;;;3.35;3.35;
1997-08-01;;;;3.22;3.22;
1997-09-01;;;;3.21;3.21;
1997-10-01;;;;3.27;3.27;
1997-11-01;;;;3.39;3.39;
1997-12-01;;;;3.33;3.33;
1998-01-01;;;;3.23;3.23;
1998-02-01;;;;3.1;3.1;
1998-03-01;;;;3.04;3.04;
1998-04-01;;;;2.97;2.97;
1998-05-01;;;;2.63;2.63;
1998-06-01;;;;2.57;2.57;
1998-07-01;;;;2.43;2.43;
1998-08-01;;;;2.45;2.45;
1998-09-01;;;;2.66;2.66;
1998-10-01;;;;2.75;2.75;
1998-11-01;;;;2.63;2.63;
1998-12-01;;;;2.54;2.54;
1999-01-01;;;;2.5;2.5;
1999-02-01;;;;2.46;2.46;
1999-03-01;;;;2.46;2.46;
1999-04-01;;;;2.54;2.54;
1999-05-01;;;;2.67;2.67;
1999-06-01;;;;2.68;2.68;
1999-07-01;;;;2.64;2.64;
1999-08-01;;;;2.69;2.69;
1999-09-01;;;;2.68;2.68;
1999-10-01;;;;2.72;2.72;
1999-11-01;;;;2.67;2.67;
1999-12-01;;;;2.61;2.61;
2000-01-01;;;;2.73;2.73;
2000-02-01;;;;2.7;2.7;
2000-03-01;;;;2.7;2.7;
2000-04-01;;;;2.7;2.7;
2000-05-01;;;;2.56;2.56;
2000-06-01;;;;2.57;2.57;
2000-07-01;;;;2.58;2.58;
2000-08-01;;;;2.58;2.58;
2000-09-01;;;;2.48;2.48;
2000-10-01;;;;2.54;2.54;
2000-11-01;;;;2.59;2.59;
2000-12-01;;;;2.69;2.69;
2001-01-01;;;;2.78;2.78;
2001-02-01;;;;2.86;2.86;
2001-03-01;;;;2.94;2.94;
2001-04-01;;;;3;3;
2001-05-01;;;;2.92;2.92;
2001-06-01;;;;2.81;2.81;
2001-07-01;;;;2.76;2.76;
2001-08-01;;;;2.77;2.77;
2001-09-01;;;;2.99;2.99;
2001-10-01;;;;3.01;3.01;
2001-11-01;;;;3.03;3.03;
2001-12-01;;;;3.08;3.08;
2002-01-01;;;;3.12;3.12;
2002-02-01;;;;3.11;3.11;
2002-03-01;;;;3.1;3.1;
2002-04-01;;;;3.15;3.15;
2002-05-01;;;;3.18;3.18;
2002-06-01;;;;3.24;3.24;
2002-07-01;;;;3.39;3.39;
2002-08-01;;;;3.37;3.37;
2002-09-01;;;;3.44;3.44;
2002-10-01;;;;3.47;3.47;
2002-11-01;;;;3.51;3.51;
2002-12-01;;;;3.57;3.57;
2003-01-01;;;;3.6;3.6;
2003-02-01;;;;3.58;3.58;
2003-03-01;;;;3.52;3.52;
2003-04-01;;;;3.5;3.5;
2003-05-01;;;;3.74;3.74;
2003-06-01;;;;4.03;4.03;
2003-07-01;;;;3.94;3.94;
2003-08-01;;;;3.92;3.92;
2003-09-01;;;;3.98;3.98;
2003-10-01;;;;4.16;4.16;
2003-11-01;;;;4.22;4.22;
2003-12-01;;;;4.42;4.42;
2004-01-01;;;;4.39;4.39;
2004-02-01;;;;4.73;4.73;
2004-03-01;;;;4.63;4.63;
2004-04-01;;;;4.57;4.57;
2004-05-01;;;;4.49;4.49;
2004-06-01;;;;4.55;4.55;
2004-07-01;;;;4.59;4.59;
2004-08-01;;;;4.53;4.53;
2004-09-01;;;;4.51;4.51;
2004-10-01;;;;4.58;4.58;
2004-11-01;;;;4.71;4.71;
2004-12-01;;;;4.89;4.89;
2005-01-01;;;;4.76;4.76;
2005-02-01;;;;4.79;4.79;
2005-03-01;;;;4.8;4.8;
2005-04-01;;;;4.72;4.72;
2005-05-01;;;;4.54;4.54;
2005-06-01;;;;4.39;4.39;
2005-07-01;;;;4.23;4.23;
2005-08-01;;;;4.33;4.33;
2005-09-01;;;;4.32;4.32;
2005-10-01;;;;4.2;4.2;
2005-11-01;;;;4.1;4.1;
2005-12-01;;;;4.1;4.1;
2006-01-01;;;;4.02;4.02;
2006-02-01;;;;3.98;3.98;
2006-03-01;;;;3.88;3.88;
2006-04-01;;;;3.93;3.93;
2006-05-01;;;;4.2;4.2;
2006-06-01;;;;4.19;4.19;
2006-07-01;;;;4.14;4.14;
2006-08-01;;;;4.12;4.12;
2006-09-01;;;;4;4;
2006-10-01;;;;3.98;3.98;
2006-11-01;;;;3.95;3.95;
2006-12-01;;;;4.06;4.06;
2007-01-01;;;;3.98;3.98;
2007-02-01;;;;3.94;3.94;
2007-03-01;;;;3.9;3.9;
2007-04-01;;;;4;4;
2007-05-01;;;;3.99;3.99;
2007-06-01;;;;3.99;3.99;
2007-07-01;;;;4.09;4.09;
2007-08-01;;;;4.11;4.11;
2007-09-01;;;;4.3;4.3;
2007-10-01;;;;4.39;4.39;
2007-11-01;;;;4.43;4.43;
2007-12-01;;;;4.31;4.31;
2008-01-01;;;;4.29;4.29;
2008-02-01;;;;4.52;4.52;
2008-03-01;;;;4.79;4.79;
2008-04-01;;;;4.89;4.89;
2008-05-01;;;;4.95;4.95;
2008-06-01;;;;4.95;4.95;
2008-07-01;;;;5.01;5.01;
2008-08-01;;;;4.76;4.76;
2008-09-01;;;;4.54;4.54;
2008-10-01;;;;4.31;4.31;
2008-11-01;;;;4.05;4.05;
2008-12-01;;;;3.93;3.93;
2009-01-01;;;;3.81;3.81;
2009-02-01;;;;3.8;3.8;
2009-03-01;;;;3.75;3.75;
2009-04-01;;;;4.04;4.04;
2009-05-01;;;;4.28;4.28;
2009-06-01;;;;4.54;4.54;
2009-07-01;;;;4.54;4.54;
2009-08-01;;;;4.56;4.56;
2009-09-01;;;;4.5;4.5;
2009-10-01;;;;4.46;4.46;
2009-11-01;;;;4.57;4.57;
2009-12-01;;;;4.48;4.48;
2010-01-01;;;;4.49;4.49;
2010-02-01;;;;4.51;4.51;
2010-03-01;;;;4.43;4.43;
2010-04-01;;;;4.56;4.56;
2010-05-01;;;;4.84;4.84;
2010-06-01;;;;5.2;5.2;
2010-07-01;;;;5.39;5.39;
2010-08-01;;;;6.85;6.85;
2010-09-01;;;;7.24;7.24;
2010-10-01;;;;7.65;7.65;
2010-11-01;;;;8.06;8.06;
2010-12-01;;;;8.23;8.23;
2011-01-01;;;;8.27;8.27;
2011-02-01;;;;8.4;8.4;
2011-03-01;;;;8.97;8.97;
2011-04-01;;;;10.17;10.17;
2011-05-01;;;;10.28;10.28;
2011-06-01;;;;10.09;10.09;
2011-07-01;;;;9.84;9.84;
2011-08-01;;;;9.56;9.56;
2011-09-01;;;;9.59;9.59;
2011-10-01;;;;9.59;9.59;
2011-11-01;;;;9.68;9.68;
2011-12-01;;;;9.97;9.97;
2012-01-01;;;;9.91;9.91;
2012-02-01;;;;9.54;9.54;
2012-03-01;;;;9.54;9.54;
2012-04-01;;;;9.54;9.54;
2012-05-01;;;;9.52;9.52;
2012-06-01;;;;9.2;9.2;
2012-07-01;;;;8.75;8.75;
2012-08-01;;;;7.95;7.95;
2012-09-01;;;;7.14;7.14;
2012-10-01;;;;7.11;7.11;
2012-11-01;;;;7.16;7.16;
2012-12-01;;;;7.22;7.22;
2013-01-01;;;;7.02;7.02;
2013-02-01;;;;7;7;
2013-03-01;;;;7;7;
2013-04-01;;;;7;7;
2013-05-01;;;;6.99;6.99;
2013-06-01;;;;6.83;6.83;
2013-07-01;;;;6.5;6.5;
2013-08-01;;;;6.5;6.5;
2013-09-01;;;;6.37;6.37;
2013-10-01;;;;6.81;6.81;
2013-11-01;;;;7.32;7.32;
2013-12-01;;;;7.77;7.77;
2014-01-01;;;;8.19;8.19;
2014-02-01;;;;8.2;8.2;
2014-03-01;;;;8.05;8.05;
2014-04-01;;;;8.28;8.28;
2014-05-01;;;;8.24;8.24;
2014-06-01;;;;7.9;7.9;
2014-07-01;;;;7.75;7.75;
2014-08-01;;;;7.72;7.72;
2014-09-01;;;;7.72;7.72;
2014-10-01;;;;7.74;7.74;
2014-11-01;;;;7.87;7.87;
2014-12-01;;;;8.21;8.21;
2015-01-01;;;;7.93;7.93;
2015-02-01;;;;7.71;7.71;
2015-03-01;;;;7.58;7.58;
2015-04-01;;;;7.77;7.77;
2015-05-01;;;;7.48;7.48;
2015-06-01;;;;7.28;7.28;
2015-07-01;;;;7.28;7.28;
2015-08-01;;;;7.28;7.28;
2015-09-01;;;;7.28;7.28;
2015-10-01;;;;7.28;7.28;
2015-11-01;;;;7.52;7.52;
2015-12-01;;;;7.61;7.61;
2016-01-01;;;;7.61;7.61;
2016-02-01;;;;7.59;7.59;
2016-03-01;;;;7.39;7.39;
2016-04-01;;;;7.39;7.39;
2016-05-01;;;;7.39;7.39;
2016-06-01;;;;7.34;7.34;
2016-07-01;;;;7.15;7.15;
2016-08-01;;;;6.83;6.83;
2016-09-01;;;;6.91;6.91;
2016-10-01;;;;7.28;7.28;
2016-11-01;;;;7.36;7.36;
2016-12-01;;;;7.5;7.5;
2017-01-01;;;;7.52;7.52;
2017-02-01;;;;7.37;7.37;
2017-03-01;;;;7.4;7.4;
2017-04-01;;;;8.44;8.44;
2017-05-01;;;;8.57;8.57;
2017-06-01;;;;9.19;9.19;
2017-07-01;;;;9.37;9.37;
2017-08-01;;;;8.89;8.89;
2017-09-01;;;;8.55;8.55;
2017-10-01;;;;8.24;8.24;
2017-11-01;;;;7.55;7.55;
2017-12-01;;;;7.94;7.94;
2018-01-01;;;;7.72;7.72;
2018-02-01;;;;7.87;7.87;
2018-03-01;;;;8.05;8.05;
2018-04-01;;;;8.38;8.38;
2018-05-01;;;;8.19;8.19;
2018-06-01;;;;7.83;7.83;
2018-07-01;;;;7.83;7.83;
2018-08-01;;;;7.83;7.83;
2018-09-01;;;;7.83;7.83;
2018-10-01;;;;7.83;7.83;
2018-11-01;;;;7.46;7.46;
2018-12-01;;;;7.44;7.44;
2019-01-01;;;;7.99;7.99;
2019-02-01;;;;8.02;8.02;
2019-03-01;;;;8.01;8.01;
2019-04-01;;;;8.05;8.05;
2019-05-01;;;;8.05;8.05;
2019-06-01;;;;8.05;8.05;
2019-07-01;;;;8.05;8.05;
2019-08-01;;;;8.05;8.05;
2019-09-01;;;;8.1;8.1;
2019-10-01;;;;8.27;8.27;
2019-11-01;;;;8.27;8.27;
2019-12-01;;;;8.35;8.35;
2020-01-01;;;;6.62;6.62;
2020-02-01;;;;6.13;6.13;
2020-03-01;;;;6.32;6.32;
2020-04-01;;;;6.28;6.28;
2020-05-01;;;;6.04;6.04;
2020-06-01;;;;5.77;5.77;
2020-07-01;;;;5.61;5.61;
2020-08-01;;;;6.15;6.15;
2020-09-01;;;;6.31;6.31;
2020-10-01;;;;6.7;6.7;
2020-11-01;;;;7.29;7.29;
2020-12-01;;;;7.09;7.09;
2021-01-01;;;;7.28;7.28;
2021-02-01;;;;7.45;7.45;
2021-03-01;;;;7.99;7.99;
2021-04-01;;;;8.37;8.37;
2021-05-01;;;;8.8;8.8;
2021-06-01;;;;8.86;8.86;
2021-07-01;;;;8.99;8.99;
2021-08-01;;;;9.05;9.05;
2021-09-01;;;;9.08;9.08;
2021-10-01;;;;9.3;9.3;
2021-11-01;;;;9.37;9.37;
2021-12-01;;;;9.44;9.44;
2022-01-01;;;;9.11;9.11;
2022-02-01;;;;8.95;8.95;
2022-03-01;;;;9.13;9.13;
2022-04-01;;;;9;9;
2022-05-01;;;;8.71;8.71;
2022-06-01;;;;8.46;8.46;
2022-07-01;;;;8.46;8.46;
2022-08-01;;;;8.53;8.53;
2022-09-01;;;;8.49;8.49;
2022-10-01;;;;7.7;7.7;
2022-11-01;;;;6.54;6.54;
2022-12-01;;;;6.1;6.1;
2023-01-01;;;;6.11;6.11;
2023-02-01;;;;6.62;6.62;
2023-03-01;;;;6.99;6.99;
2023-04-01;;;;7.22;7.22;
2023-05-01;;;;7.06;7.06;
2023-06-01;;;;6.27;6.27;
2023-07-01;;;;5.43;5.43;
2023-08-01;;;;5.67;5.67;
2023-09-01;;;;5.98;5.98;
2023-10-01;;;;5.56;5.56;
2023-11-01;;;;5.25;5.25;
2023-12-01;;;;5.31;5.31;
2024-01-01;;;;5.29;5.29;
2024-02-01;;;;5.2;5.2;
2024-03-01;;;;5.19;5.19;
2024-04-01;;;;5.18;5.18;
2024-05-01;;;;5.17;5.17;
2024-06-01;;;;5.02;5.02;
2024-07-01;;;;5.11;5.11;
2024-08-01;;;;5.24;5.24;
2024-09-01;;;;5.49;5.49;
2024-10-01;;;;5.6;5.6;
2024-11-01;;;;5.83;5.83;
2024-12-01;;;;5.84;5.84;
2025-01-01;;;;5.83;5.83;
2025-02-01;;;;5.65;5.65;
2025-03-01;;;;5.61;5.61;
2025-04-01;;;;5.89;5.89;
2025-05-01;;;;6.08;6.08;
2025-06-01;;;;6.4;6.4;
2025-07-01;;;;6.33;6.33;
2025-08-01;;;;6.24;6.24;
2025-09-01;;;;6.24;6.24;
2025-10-01;;;;6.33;6.33;
2025-11-01;;;;6.45;6.45;
2025-12-01;;;;6.37;6.37;
2026-01-01;;;;6.57;6.57;
2026-02-01;;;;6.52;6.52;
2026-03-01;;;;6.54;6.54;
2026-04-01;;;;7.11;7.11;
2026-05-01;;;;7.28;7.28;
2026-06-01;;;;7.47;7.47;
2026-07-01;;;;7.59;7.59;
2026-08-01;;;;7.43;7.43;
