# bron: World Bank Commodity Price Data (The Pink Sheet), 'Monthly Prices': Phosphate rock; licentie CC BY 4.0 (bronvermelding: World Bank); maandgemiddelde, nominaal USD; datum = 1e van de maand (publicatie ≈ begin volgende maand)
date;open;high;low;close;adjclose;volume
1960-01-01;;;;13;13;
1960-02-01;;;;13;13;
1960-03-01;;;;13;13;
1960-04-01;;;;13;13;
1960-05-01;;;;13;13;
1960-06-01;;;;13;13;
1960-07-01;;;;13;13;
1960-08-01;;;;13;13;
1960-09-01;;;;13;13;
1960-10-01;;;;13;13;
1960-11-01;;;;13;13;
1960-12-01;;;;13;13;
1961-01-01;;;;13;13;
1961-02-01;;;;13;13;
1961-03-01;;;;13;13;
1961-04-01;;;;13;13;
1961-05-01;;;;13;13;
1961-06-01;;;;13;13;
1961-07-01;;;;13;13;
1961-08-01;;;;13;13;
1961-09-01;;;;13;13;
1961-10-01;;;;13;13;
1961-11-01;;;;13;13;
1961-12-01;;;;13;13;
1962-01-01;;;;11.5;11.5;
1962-02-01;;;;11.5;11.5;
1962-03-01;;;;11.5;11.5;
1962-04-01;;;;11.5;11.5;
1962-05-01;;;;11.5;11.5;
1962-06-01;;;;11.5;11.5;
1962-07-01;;;;11.5;11.5;
1962-08-01;;;;11.5;11.5;
1962-09-01;;;;11.5;11.5;
1962-10-01;;;;11.5;11.5;
1962-11-01;;;;11.5;11.5;
1962-12-01;;;;11.5;11.5;
1963-01-01;;;;11.5;11.5;
1963-02-01;;;;11.5;11.5;
1963-03-01;;;;11.5;11.5;
1963-04-01;;;;11.5;11.5;
1963-05-01;;;;11.5;11.5;
1963-06-01;;;;11.5;11.5;
1963-07-01;;;;11.5;11.5;
1963-08-01;;;;11.5;11.5;
1963-09-01;;;;11.5;11.5;
1963-10-01;;;;11.5;11.5;
1963-11-01;;;;11.5;11.5;
1963-12-01;;;;11.5;11.5;
1964-01-01;;;;12.5;12.5;
1964-02-01;;;;12.5;12.5;
1964-03-01;;;;12.5;12.5;
1964-04-01;;;;12.5;12.5;
1964-05-01;;;;12.5;12.5;
1964-06-01;;;;12.5;12.5;
1964-07-01;;;;12.5;12.5;
1964-08-01;;;;12.5;12.5;
1964-09-01;;;;12.5;12.5;
1964-10-01;;;;12.5;12.5;
1964-11-01;;;;12.5;12.5;
1964-12-01;;;;12.5;12.5;
1965-01-01;;;;14;14;
1965-02-01;;;;14;14;
1965-03-01;;;;14;14;
1965-04-01;;;;14;14;
1965-05-01;;;;14;14;
1965-06-01;;;;14;14;
1965-07-01;;;;14;14;
1965-08-01;;;;14;14;
1965-09-01;;;;14;14;
1965-10-01;;;;14;14;
1965-11-01;;;;14;14;
1965-12-01;;;;14;14;
1966-01-01;;;;13;13;
1966-02-01;;;;13;13;
1966-03-01;;;;13;13;
1966-04-01;;;;13;13;
1966-05-01;;;;13;13;
1966-06-01;;;;13;13;
1966-07-01;;;;13;13;
1966-08-01;;;;13;13;
1966-09-01;;;;13;13;
1966-10-01;;;;13;13;
1966-11-01;;;;13;13;
1966-12-01;;;;13;13;
1967-01-01;;;;12;12;
1967-02-01;;;;12;12;
1967-03-01;;;;12;12;
1967-04-01;;;;12;12;
1967-05-01;;;;12;12;
1967-06-01;;;;12;12;
1967-07-01;;;;12;12;
1967-08-01;;;;12;12;
1967-09-01;;;;12;12;
1967-10-01;;;;12;12;
1967-11-01;;;;12;12;
1967-12-01;;;;12;12;
1968-01-01;;;;11.5;11.5;
1968-02-01;;;;11.5;11.5;
1968-03-01;;;;11.5;11.5;
1968-04-01;;;;11.5;11.5;
1968-05-01;;;;11.5;11.5;
1968-06-01;;;;11.5;11.5;
1968-07-01;;;;11.5;11.5;
1968-08-01;;;;11.5;11.5;
1968-09-01;;;;11.5;11.5;
1968-10-01;;;;11.5;11.5;
1968-11-01;;;;11.5;11.5;
1968-12-01;;;;11.5;11.5;
1969-01-01;;;;11.3;11.3;
1969-02-01;;;;11.3;11.3;
1969-03-01;;;;11.3;11.3;
1969-04-01;;;;11.3;11.3;
1969-05-01;;;;11.3;11.3;
1969-06-01;;;;11.3;11.3;
1969-07-01;;;;11.3;11.3;
1969-08-01;;;;11.3;11.3;
1969-09-01;;;;11.3;11.3;
1969-10-01;;;;11.3;11.3;
1969-11-01;;;;11.3;11.3;
1969-12-01;;;;11.3;11.3;
1970-01-01;;;;11;11;
1970-02-01;;;;11;11;
1970-03-01;;;;11;11;
1970-04-01;;;;11;11;
1970-05-01;;;;11;11;
1970-06-01;;;;11;11;
1970-07-01;;;;11;11;
1970-08-01;;;;11;11;
1970-09-01;;;;11;11;
1970-10-01;;;;11;11;
1970-11-01;;;;11;11;
1970-12-01;;;;11;11;
1971-01-01;;;;11.3;11.3;
1971-02-01;;;;11.3;11.3;
1971-03-01;;;;11.3;11.3;
1971-04-01;;;;11.3;11.3;
1971-05-01;;;;11.3;11.3;
1971-06-01;;;;11.3;11.3;
1971-07-01;;;;11.3;11.3;
1971-08-01;;;;11.3;11.3;
1971-09-01;;;;11.3;11.3;
1971-10-01;;;;11.3;11.3;
1971-11-01;;;;11.3;11.3;
1971-12-01;;;;11.3;11.3;
1972-01-01;;;;11.5;11.5;
1972-02-01;;;;11.5;11.5;
1972-03-01;;;;11.5;11.5;
1972-04-01;;;;11.5;11.5;
1972-05-01;;;;11.5;11.5;
1972-06-01;;;;11.5;11.5;
1972-07-01;;;;11.5;11.5;
1972-08-01;;;;11.5;11.5;
1972-09-01;;;;11.5;11.5;
1972-10-01;;;;11.5;11.5;
1972-11-01;;;;11.5;11.5;
1972-12-01;;;;11.5;11.5;
1973-01-01;;;;13.8;13.8;
1973-02-01;;;;13.8;13.8;
1973-03-01;;;;13.8;13.8;
1973-04-01;;;;13.8;13.8;
1973-05-01;;;;13.8;13.8;
1973-06-01;;;;13.8;13.8;
1973-07-01;;;;13.8;13.8;
1973-08-01;;;;13.8;13.8;
1973-09-01;;;;13.8;13.8;
1973-10-01;;;;13.8;13.8;
1973-11-01;;;;13.8;13.8;
1973-12-01;;;;13.8;13.8;
1974-01-01;;;;42;42;
1974-02-01;;;;42;42;
1974-03-01;;;;42;42;
1974-04-01;;;;42;42;
1974-05-01;;;;42;42;
1974-06-01;;;;63;63;
1974-07-01;;;;63;63;
1974-08-01;;;;63;63;
1974-09-01;;;;63;63;
1974-10-01;;;;63;63;
1974-11-01;;;;65;65;
1974-12-01;;;;64.3;64.3;
1975-01-01;;;;68;68;
1975-02-01;;;;68;68;
1975-03-01;;;;68;68;
1975-04-01;;;;68;68;
1975-05-01;;;;68;68;
1975-06-01;;;;68;68;
1975-07-01;;;;68;68;
1975-08-01;;;;68;68;
1975-09-01;;;;68;68;
1975-10-01;;;;68;68;
1975-11-01;;;;68;68;
1975-12-01;;;;58;58;
1976-01-01;;;;40;40;
1976-02-01;;;;40;40;
1976-03-01;;;;35;35;
1976-04-01;;;;35;35;
1976-05-01;;;;35;35;
1976-06-01;;;;35;35;
1976-07-01;;;;35;35;
1976-08-01;;;;35;35;
1976-09-01;;;;35;35;
1976-10-01;;;;35;35;
1976-11-01;;;;35;35;
1976-12-01;;;;35;35;
1977-01-01;;;;140;140;
1977-02-01;;;;142.5;142.5;
1977-03-01;;;;123.5;123.5;
1977-04-01;;;;44;44;
1977-05-01;;;;44;44;
1977-06-01;;;;40.8;40.8;
1977-07-01;;;;37.5;37.5;
1977-08-01;;;;31.2;31.2;
1977-09-01;;;;34.5;34.5;
1977-10-01;;;;34.5;34.5;
1977-11-01;;;;34.5;34.5;
1977-12-01;;;;34.5;34.5;
1978-01-01;;;;28;28;
1978-02-01;;;;28;28;
1978-03-01;;;;28;28;
1978-04-01;;;;31.4;31.4;
1978-05-01;;;;32.5;32.5;
1978-06-01;;;;32.5;32.5;
1978-07-01;;;;32.5;32.5;
1978-08-01;;;;32.5;32.5;
1978-09-01;;;;32.5;32.5;
1978-10-01;;;;32.5;32.5;
1978-11-01;;;;32.5;32.5;
1978-12-01;;;;32.5;32.5;
1979-01-01;;;;32.5;32.5;
1979-02-01;;;;32.5;32.5;
1979-03-01;;;;32.5;32.5;
1979-04-01;;;;32.5;32.5;
1979-05-01;;;;32.5;32.5;
1979-06-01;;;;32.5;32.5;
1979-07-01;;;;35.8;35.8;
1979-08-01;;;;39;39;
1979-09-01;;;;39;39;
1979-10-01;;;;39;39;
1979-11-01;;;;39;39;
1979-12-01;;;;39;39;
1980-01-01;;;;39;39;
1980-02-01;;;;39;39;
1980-03-01;;;;42;42;
1980-04-01;;;;54;54;
1980-05-01;;;;54;54;
1980-06-01;;;;44;44;
1980-07-01;;;;44;44;
1980-08-01;;;;44;44;
1980-09-01;;;;44;44;
1980-10-01;;;;44;44;
1980-11-01;;;;44;44;
1980-12-01;;;;44;44;
1981-01-01;;;;44;44;
1981-02-01;;;;44;44;
1981-03-01;;;;44;44;
1981-04-01;;;;47.5;47.5;
1981-05-01;;;;51;51;
1981-06-01;;;;51;51;
1981-07-01;;;;51;51;
1981-08-01;;;;51;51;
1981-09-01;;;;51;51;
1981-10-01;;;;51;51;
1981-11-01;;;;51;51;
1981-12-01;;;;51;51;
1982-01-01;;;;51;51;
1982-02-01;;;;51;51;
1982-03-01;;;;51;51;
1982-04-01;;;;51;51;
1982-05-01;;;;48.4;48.4;
1982-06-01;;;;44.5;44.5;
1982-07-01;;;;37.4;37.4;
1982-08-01;;;;35;35;
1982-09-01;;;;35;35;
1982-10-01;;;;35;35;
1982-11-01;;;;35;35;
1982-12-01;;;;41.3;41.3;
1983-01-01;;;;47.5;47.5;
1983-02-01;;;;47.5;47.5;
1983-03-01;;;;47.5;47.5;
1983-04-01;;;;47.5;47.5;
1983-05-01;;;;43;43;
1983-06-01;;;;41.1;41.1;
1983-07-01;;;;37.3;37.3;
1983-08-01;;;;34;34;
1983-09-01;;;;34;34;
1983-10-01;;;;34;34;
1983-11-01;;;;32.8;32.8;
1983-12-01;;;;31.5;31.5;
1984-01-01;;;;31.5;31.5;
1984-02-01;;;;31.5;31.5;
1984-03-01;;;;31.5;31.5;
1984-04-01;;;;31.5;31.5;
1984-05-01;;;;31.5;31.5;
1984-06-01;;;;31.5;31.5;
1984-07-01;;;;33.8;33.8;
1984-08-01;;;;33.5;33.5;
1984-09-01;;;;33.5;33.5;
1984-10-01;;;;35;35;
1984-11-01;;;;36;36;
1984-12-01;;;;36;36;
1985-01-01;;;;36;36;
1985-02-01;;;;36;36;
1985-03-01;;;;36;36;
1985-04-01;;;;36;36;
1985-05-01;;;;36;36;
1985-06-01;;;;36;36;
1985-07-01;;;;36;36;
1985-08-01;;;;36;36;
1985-09-01;;;;36;36;
1985-10-01;;;;36;36;
1985-11-01;;;;36;36;
1985-12-01;;;;36;36;
1986-01-01;;;;36;36;
1986-02-01;;;;36;36;
1986-03-01;;;;36;36;
1986-04-01;;;;36;36;
1986-05-01;;;;36;36;
1986-06-01;;;;36;36;
1986-07-01;;;;36;36;
1986-08-01;;;;36;36;
1986-09-01;;;;36;36;
1986-10-01;;;;36;36;
1986-11-01;;;;36;36;
1986-12-01;;;;36;36;
1987-01-01;;;;36;36;
1987-02-01;;;;36;36;
1987-03-01;;;;36;36;
1987-04-01;;;;34.5;34.5;
1987-05-01;;;;34.5;34.5;
1987-06-01;;;;34.5;34.5;
1987-07-01;;;;34.5;34.5;
1987-08-01;;;;34.5;34.5;
1987-09-01;;;;33.3;33.3;
1987-10-01;;;;32;32;
1987-11-01;;;;32;32;
1987-12-01;;;;32;32;
1988-01-01;;;;32;32;
1988-02-01;;;;32;32;
1988-03-01;;;;32;32;
1988-04-01;;;;32;32;
1988-05-01;;;;32;32;
1988-06-01;;;;32;32;
1988-07-01;;;;32;32;
1988-08-01;;;;31.2;31.2;
1988-09-01;;;;31;31;
1988-10-01;;;;31;31;
1988-11-01;;;;31;31;
1988-12-01;;;;31;31;
1989-01-01;;;;31;31;
1989-02-01;;;;31;31;
1989-03-01;;;;31;31;
1989-04-01;;;;31;31;
1989-05-01;;;;31;31;
1989-06-01;;;;31;31;
1989-07-01;;;;31;31;
1989-08-01;;;;31;31;
1989-09-01;;;;31;31;
1989-10-01;;;;31;31;
1989-11-01;;;;31;31;
1989-12-01;;;;31;31;
1990-01-01;;;;31;31;
1990-02-01;;;;31;31;
1990-03-01;;;;31;31;
1990-04-01;;;;31;31;
1990-05-01;;;;31;31;
1990-06-01;;;;31.5;31.5;
1990-07-01;;;;31.5;31.5;
1990-08-01;;;;31.5;31.5;
1990-09-01;;;;31.5;31.5;
1990-10-01;;;;31.5;31.5;
1990-11-01;;;;31.5;31.5;
1990-12-01;;;;31.5;31.5;
1991-01-01;;;;31.5;31.5;
1991-02-01;;;;31.5;31.5;
1991-03-01;;;;31.5;31.5;
1991-04-01;;;;31.5;31.5;
1991-05-01;;;;31.5;31.5;
1991-06-01;;;;31.5;31.5;
1991-07-01;;;;31.5;31.5;
1991-08-01;;;;31.5;31.5;
1991-09-01;;;;31.5;31.5;
1991-10-01;;;;31.5;31.5;
1991-11-01;;;;31.5;31.5;
1991-12-01;;;;31.5;31.5;
1992-01-01;;;;31.5;31.5;
1992-02-01;;;;31.5;31.5;
1992-03-01;;;;31.5;31.5;
1992-04-01;;;;31.5;31.5;
1992-05-01;;;;31.5;31.5;
1992-06-01;;;;31.5;31.5;
1992-07-01;;;;31.5;31.5;
1992-08-01;;;;31.5;31.5;
1992-09-01;;;;31.5;31.5;
1992-10-01;;;;31.5;31.5;
1992-11-01;;;;31.5;31.5;
1992-12-01;;;;31.5;31.5;
1993-01-01;;;;31.5;31.5;
1993-02-01;;;;31.5;31.5;
1993-03-01;;;;31.5;31.5;
1993-04-01;;;;31.5;31.5;
1993-05-01;;;;31.5;31.5;
1993-06-01;;;;31.5;31.5;
1993-07-01;;;;31.5;31.5;
1993-08-01;;;;31.5;31.5;
1993-09-01;;;;31.5;31.5;
1993-10-01;;;;31.5;31.5;
1993-11-01;;;;31.5;31.5;
1993-12-01;;;;31.5;31.5;
1994-01-01;;;;31.5;31.5;
1994-02-01;;;;31.5;31.5;
1994-03-01;;;;31.5;31.5;
1994-04-01;;;;31.5;31.5;
1994-05-01;;;;31.5;31.5;
1994-06-01;;;;31.5;31.5;
1994-07-01;;;;31.5;31.5;
1994-08-01;;;;31.5;31.5;
1994-09-01;;;;31.5;31.5;
1994-10-01;;;;31.5;31.5;
1994-11-01;;;;33.5;33.5;
1994-12-01;;;;33.5;33.5;
1995-01-01;;;;33.5;33.5;
1995-02-01;;;;31.5;31.5;
1995-03-01;;;;31.5;31.5;
1995-04-01;;;;31.5;31.5;
1995-05-01;;;;31.5;31.5;
1995-06-01;;;;31.5;31.5;
1995-07-01;;;;33.5;33.5;
1995-08-01;;;;33.5;33.5;
1995-09-01;;;;33.5;33.5;
1995-10-01;;;;33.5;33.5;
1995-11-01;;;;33.5;33.5;
1995-12-01;;;;33.5;33.5;
1996-01-01;;;;33.5;33.5;
1996-02-01;;;;33.5;33.5;
1996-03-01;;;;33.5;33.5;
1996-04-01;;;;33.5;33.5;
1996-05-01;;;;33.5;33.5;
1996-06-01;;;;33.5;33.5;
1996-07-01;;;;32.9;32.9;
1996-08-01;;;;32.5;32.5;
1996-09-01;;;;32.5;32.5;
1996-10-01;;;;32.5;32.5;
1996-11-01;;;;32.5;32.5;
1996-12-01;;;;32.5;32.5;
1997-01-01;;;;32.5;32.5;
1997-02-01;;;;32.5;32.5;
1997-03-01;;;;32.5;32.5;
1997-04-01;;;;32.5;32.5;
1997-05-01;;;;32.5;32.5;
1997-06-01;;;;32.5;32.5;
1997-07-01;;;;32.5;32.5;
1997-08-01;;;;32.5;32.5;
1997-09-01;;;;32.5;32.5;
1997-10-01;;;;32.5;32.5;
1997-11-01;;;;32.5;32.5;
1997-12-01;;;;32.5;32.5;
1998-01-01;;;;32.5;32.5;
1998-02-01;;;;32.5;32.5;
1998-03-01;;;;32.5;32.5;
1998-04-01;;;;32.5;32.5;
1998-05-01;;;;32.5;32.5;
1998-06-01;;;;32.5;32.5;
1998-07-01;;;;32.5;32.5;
1998-08-01;;;;32.5;32.5;
1998-09-01;;;;32.5;32.5;
1998-10-01;;;;32.5;32.5;
1998-11-01;;;;32.5;32.5;
1998-12-01;;;;32.5;32.5;
1999-01-01;;;;32.5;32.5;
1999-02-01;;;;41.1;41.1;
1999-03-01;;;;44;44;
1999-04-01;;;;44;44;
1999-05-01;;;;44;44;
1999-06-01;;;;44;44;
1999-07-01;;;;44;44;
1999-08-01;;;;44;44;
1999-09-01;;;;44;44;
1999-10-01;;;;44;44;
1999-11-01;;;;44;44;
1999-12-01;;;;44;44;
2000-01-01;;;;44;44;
2000-02-01;;;;44;44;
2000-03-01;;;;44;44;
2000-04-01;;;;44;44;
2000-05-01;;;;44;44;
2000-06-01;;;;44;44;
2000-07-01;;;;44;44;
2000-08-01;;;;44;44;
2000-09-01;;;;44;44;
2000-10-01;;;;44;44;
2000-11-01;;;;44;44;
2000-12-01;;;;44;44;
2001-01-01;;;;44;44;
2001-02-01;;;;44;44;
2001-03-01;;;;44;44;
2001-04-01;;;;44;44;
2001-05-01;;;;44;44;
2001-06-01;;;;44;44;
2001-07-01;;;;44;44;
2001-08-01;;;;44;44;
2001-09-01;;;;44;44;
2001-10-01;;;;44;44;
2001-11-01;;;;44;44;
2001-12-01;;;;44;44;
2002-01-01;;;;44;44;
2002-02-01;;;;44;44;
2002-03-01;;;;44;44;
2002-04-01;;;;44;44;
2002-05-01;;;;44;44;
2002-06-01;;;;44;44;
2002-07-01;;;;44;44;
2002-08-01;;;;44;44;
2002-09-01;;;;44;44;
2002-10-01;;;;44;44;
2002-11-01;;;;44;44;
2002-12-01;;;;44;44;
2003-01-01;;;;44;44;
2003-02-01;;;;44;44;
2003-03-01;;;;44;44;
2003-04-01;;;;44;44;
2003-05-01;;;;44;44;
2003-06-01;;;;44;44;
2003-07-01;;;;44;44;
2003-08-01;;;;44;44;
2003-09-01;;;;44;44;
2003-10-01;;;;44;44;
2003-11-01;;;;44;44;
2003-12-01;;;;44;44;
2004-01-01;;;;44;44;
2004-02-01;;;;44;44;
2004-03-01;;;;44;44;
2004-04-01;;;;44;44;
2004-05-01;;;;44;44;
2004-06-01;;;;44;44;
2004-07-01;;;;44;44;
2004-08-01;;;;44;44;
2004-09-01;;;;44;44;
2004-10-01;;;;44;44;
2004-11-01;;;;44;44;
2004-12-01;;;;44;44;
2005-01-01;;;;44;44;
2005-02-01;;;;44;44;
2005-03-01;;;;44;44;
2005-04-01;;;;44;44;
2005-05-01;;;;44;44;
2005-06-01;;;;44;44;
2005-07-01;;;;44;44;
2005-08-01;;;;44;44;
2005-09-01;;;;44;44;
2005-10-01;;;;44;44;
2005-11-01;;;;44;44;
2005-12-01;;;;44;44;
2006-01-01;;;;44;44;
2006-02-01;;;;44;44;
2006-03-01;;;;44;44;
2006-04-01;;;;44;44;
2006-05-01;;;;44;44;
2006-06-01;;;;44;44;
2006-07-01;;;;44;44;
2006-08-01;;;;44;44;
2006-09-01;;;;44;44;
2006-10-01;;;;44;44;
2006-11-01;;;;44;44;
2006-12-01;;;;44;44;
2007-01-01;;;;44;44;
2007-02-01;;;;44;44;
2007-03-01;;;;44;44;
2007-04-01;;;;44;44;
2007-05-01;;;;44;44;
2007-06-01;;;;44;44;
2007-07-01;;;;44;44;
2007-08-01;;;;44;44;
2007-09-01;;;;57.8;57.8;
2007-10-01;;;;71.5;71.5;
2007-11-01;;;;71.5;71.5;
2007-12-01;;;;71.5;71.5;
2008-01-01;;;;71.5;71.5;
2008-02-01;;;;71.5;71.5;
2008-03-01;;;;71.5;71.5;
2008-04-01;;;;160.4;160.4;
2008-05-01;;;;190;190;
2008-06-01;;;;190;190;
2008-07-01;;;;240;240;
2008-08-01;;;;290;290;
2008-09-01;;;;278;278;
2008-10-01;;;;450;450;
2008-11-01;;;;450;450;
2008-12-01;;;;450;450;
2009-01-01;;;;450;450;
2009-02-01;;;;450;450;
2009-03-01;;;;450;450;
2009-04-01;;;;315;315;
2009-05-01;;;;270;270;
2009-06-01;;;;198;198;
2009-07-01;;;;90;90;
2009-08-01;;;;90;90;
2009-09-01;;;;90;90;
2009-10-01;;;;90;90;
2009-11-01;;;;90;90;
2009-12-01;;;;90;90;
2010-01-01;;;;90;90;
2010-02-01;;;;90;90;
2010-03-01;;;;90;90;
2010-04-01;;;;90;90;
2010-05-01;;;;90;90;
2010-06-01;;;;90;90;
2010-07-01;;;;98.8;98.8;
2010-08-01;;;;125;125;
2010-09-01;;;;125;125;
2010-10-01;;;;125;125;
2010-11-01;;;;125;125;
2010-12-01;;;;125;125;
2011-01-01;;;;125;125;
2011-02-01;;;;140;140;
2011-03-01;;;;145;145;
2011-04-01;;;;145;145;
2011-05-01;;;;147;147;
2011-06-01;;;;155;155;
2011-07-01;;;;161.9;161.9;
2011-08-01;;;;182.5;182.5;
2011-09-01;;;;182.5;182.5;
2011-10-01;;;;188.8;188.8;
2011-11-01;;;;195;195;
2011-12-01;;;;195;195;
2012-01-01;;;;195;195;
2012-02-01;;;;190;190;
2012-03-01;;;;160;160;
2012-04-01;;;;185;185;
2012-05-01;;;;195;195;
2012-06-01;;;;193.1;193.1;
2012-07-01;;;;188.5;188.5;
2012-08-01;;;;182.5;182.5;
2012-09-01;;;;182.5;182.5;
2012-10-01;;;;182.5;182.5;
2012-11-01;;;;182.5;182.5;
2012-12-01;;;;182.5;182.5;
2013-01-01;;;;182.5;182.5;
2013-02-01;;;;182.5;182.5;
2013-03-01;;;;160;160;
2013-04-01;;;;111.5;111.5;
2013-05-01;;;;157.5;157.5;
2013-06-01;;;;125.6;125.6;
2013-07-01;;;;115;115;
2013-08-01;;;;115;115;
2013-09-01;;;;97.5;97.5;
2013-10-01;;;;84.4;84.4;
2013-11-01;;;;87.5;87.5;
2013-12-01;;;;96.9;96.9;
2014-01-01;;;;97.5;97.5;
2014-02-01;;;;97.5;97.5;
2014-03-01;;;;106.6;106.6;
2014-04-01;;;;111.5;111.5;
2014-05-01;;;;112.6;112.6;
2014-06-01;;;;111.4;111.4;
2014-07-01;;;;111;111;
2014-08-01;;;;111;111;
2014-09-01;;;;111.4;111.4;
2014-10-01;;;;116;116;
2014-11-01;;;;119.5;119.5;
2014-12-01;;;;119.5;119.5;
2015-01-01;;;;119.5;119.5;
2015-02-01;;;;121.3;121.3;
2015-03-01;;;;123;123;
2015-04-01;;;;114.1;114.1;
2015-05-01;;;;110.5;110.5;
2015-06-01;;;;118.9;118.9;
2015-07-01;;;;121;121;
2015-08-01;;;;121;121;
2015-09-01;;;;124;124;
2015-10-01;;;;123.5;123.5;
2015-11-01;;;;123.5;123.5;
2015-12-01;;;;123.5;123.5;
2016-01-01;;;;122.6;122.6;
2016-02-01;;;;114.5;114.5;
2016-03-01;;;;114.5;114.5;
2016-04-01;;;;114.1;114.1;
2016-05-01;;;;110.5;110.5;
2016-06-01;;;;110.5;110.5;
2016-07-01;;;;110.5;110.5;
2016-08-01;;;;109.8;109.8;
2016-09-01;;;;109;109;
2016-10-01;;;;109;109;
2016-11-01;;;;103;103;
2016-12-01;;;;97.5;97.5;
2017-01-01;;;;96.9;96.9;
2017-02-01;;;;95;95;
2017-03-01;;;;97.5;97.5;
2017-04-01;;;;95.6;95.6;
2017-05-01;;;;92.5;92.5;
2017-06-01;;;;92.5;92.5;
2017-07-01;;;;92.5;92.5;
2017-08-01;;;;88.8;88.8;
2017-09-01;;;;85;85;
2017-10-01;;;;80;80;
2017-11-01;;;;80;80;
2017-12-01;;;;80;80;
2018-01-01;;;;80;80;
2018-02-01;;;;82.5;82.5;
2018-03-01;;;;84.7;84.7;
2018-04-01;;;;88;88;
2018-05-01;;;;88;88;
2018-06-01;;;;86.8;86.8;
2018-07-01;;;;86.9;86.9;
2018-08-01;;;;87.5;87.5;
2018-09-01;;;;87.5;87.5;
2018-10-01;;;;91.3;91.3;
2018-11-01;;;;92.5;92.5;
2018-12-01;;;;99.2;99.2;
2019-01-01;;;;102.5;102.5;
2019-02-01;;;;102.5;102.5;
2019-03-01;;;;98.5;98.5;
2019-04-01;;;;97.5;97.5;
2019-05-01;;;;97.5;97.5;
2019-06-01;;;;97.5;97.5;
2019-07-01;;;;80;80;
2019-08-01;;;;78;78;
2019-09-01;;;;77.5;77.5;
2019-10-01;;;;77.5;77.5;
2019-11-01;;;;74;74;
2019-12-01;;;;72.5;72.5;
2020-01-01;;;;72.5;72.5;
2020-02-01;;;;72.5;72.5;
2020-03-01;;;;71.9;71.9;
2020-04-01;;;;70.8;70.8;
2020-05-01;;;;72.9;72.9;
2020-06-01;;;;75;75;
2020-07-01;;;;75;75;
2020-08-01;;;;76.9;76.9;
2020-09-01;;;;79.4;79.4;
2020-10-01;;;;80;80;
2020-11-01;;;;82.5;82.5;
2020-12-01;;;;83.3;83.3;
2021-01-01;;;;85;85;
2021-02-01;;;;88.1;88.1;
2021-03-01;;;;96.3;96.3;
2021-04-01;;;;95;95;
2021-05-01;;;;102.5;102.5;
2021-06-01;;;;125;125;
2021-07-01;;;;125;125;
2021-08-01;;;;136.9;136.9;
2021-09-01;;;;147.5;147.5;
2021-10-01;;;;147.5;147.5;
2021-11-01;;;;153.1;153.1;
2021-12-01;;;;176.7;176.7;
2022-01-01;;;;173.1;173.1;
2022-02-01;;;;172.5;172.5;
2022-03-01;;;;178.8;178.8;
2022-04-01;;;;249.5;249.5;
2022-05-01;;;;255;255;
2022-06-01;;;;287.5;287.5;
2022-07-01;;;;320;320;
2022-08-01;;;;320;320;
2022-09-01;;;;320;320;
2022-10-01;;;;317.5;317.5;
2022-11-01;;;;300;300;
2022-12-01;;;;300;300;
2023-01-01;;;;300;300;
2023-02-01;;;;322.5;322.5;
2023-03-01;;;;345;345;
2023-04-01;;;;345;345;
2023-05-01;;;;345;345;
2023-06-01;;;;344.5;344.5;
2023-07-01;;;;342.5;342.5;
2023-08-01;;;;346.3;346.3;
2023-09-01;;;;347.5;347.5;
2023-10-01;;;;347.5;347.5;
2023-11-01;;;;347.5;347.5;
2023-12-01;;;;152.5;152.5;
2024-01-01;;;;152.5;152.5;
2024-02-01;;;;152.5;152.5;
2024-03-01;;;;152.5;152.5;
2024-04-01;;;;152.5;152.5;
2024-05-01;;;;152.5;152.5;
2024-06-01;;;;152.5;152.5;
2024-07-01;;;;152.5;152.5;
2024-08-01;;;;152.5;152.5;
2024-09-01;;;;152.5;152.5;
2024-10-01;;;;152.5;152.5;
2024-11-01;;;;152.5;152.5;
2024-12-01;;;;152.5;152.5;
2025-01-01;;;;152.5;152.5;
2025-02-01;;;;152.5;152.5;
2025-03-01;;;;152.5;152.5;
2025-04-01;;;;152.5;152.5;
2025-05-01;;;;152.5;152.5;
2025-06-01;;;;152.5;152.5;
2025-07-01;;;;152.5;152.5;
2025-08-01;;;;152.5;152.5;
2025-09-01;;;;152.5;152.5;
2025-10-01;;;;152.5;152.5;
2025-11-01;;;;152.5;152.5;
2025-12-01;;;;152.5;152.5;
2026-01-01;;;;152.5;152.5;
2026-02-01;;;;152.5;152.5;
2026-03-01;;;;152.5;152.5;
2026-04-01;;;;152.5;152.5;
2026-05-01;;;;152.5;152.5;
2026-06-01;;;;156.9;156.9;
2026-07-01;;;;170;170;
2026-08-01;;;;170;170;
