# bron: World Bank Commodity Price Data (The Pink Sheet), 'Monthly Prices': Rubber, RSS3; licentie CC BY 4.0 (bronvermelding: World Bank); maandgemiddelde, nominaal USD; datum = 1e van de maand (publicatie ≈ begin volgende maand)
date;open;high;low;close;adjclose;volume
1960-01-01;;;;0.82;0.82;
1960-02-01;;;;0.83;0.83;
1960-03-01;;;;0.86;0.86;
1960-04-01;;;;0.86;0.86;
1960-05-01;;;;0.93;0.93;
1960-06-01;;;;0.89;0.89;
1960-07-01;;;;0.79;0.79;
1960-08-01;;;;0.72;0.72;
1960-09-01;;;;0.73;0.73;
1960-10-01;;;;0.69;0.69;
1960-11-01;;;;0.63;0.63;
1960-12-01;;;;0.62;0.62;
1961-01-01;;;;0.6;0.6;
1961-02-01;;;;0.58;0.58;
1961-03-01;;;;0.62;0.62;
1961-04-01;;;;0.64;0.64;
1961-05-01;;;;0.64;0.64;
1961-06-01;;;;0.61;0.61;
1961-07-01;;;;0.61;0.61;
1961-08-01;;;;0.62;0.62;
1961-09-01;;;;0.62;0.62;
1961-10-01;;;;0.59;0.59;
1961-11-01;;;;0.54;0.54;
1961-12-01;;;;0.56;0.56;
1962-01-01;;;;0.58;0.58;
1962-02-01;;;;0.6;0.6;
1962-03-01;;;;0.58;0.58;
1962-04-01;;;;0.57;0.57;
1962-05-01;;;;0.56;0.56;
1962-06-01;;;;0.54;0.54;
1962-07-01;;;;0.55;0.55;
1962-08-01;;;;0.53;0.53;
1962-09-01;;;;0.54;0.54;
1962-10-01;;;;0.57;0.57;
1962-11-01;;;;0.58;0.58;
1962-12-01;;;;0.58;0.58;
1963-01-01;;;;0.57;0.57;
1963-02-01;;;;0.56;0.56;
1963-03-01;;;;0.54;0.54;
1963-04-01;;;;0.55;0.55;
1963-05-01;;;;0.54;0.54;
1963-06-01;;;;0.53;0.53;
1963-07-01;;;;0.52;0.52;
1963-08-01;;;;0.49;0.49;
1963-09-01;;;;0.48;0.48;
1963-10-01;;;;0.5;0.5;
1963-11-01;;;;0.5;0.5;
1963-12-01;;;;0.47;0.47;
1964-01-01;;;;0.45;0.45;
1964-02-01;;;;0.47;0.47;
1964-03-01;;;;0.5;0.5;
1964-04-01;;;;0.5;0.5;
1964-05-01;;;;0.5;0.5;
1964-06-01;;;;0.49;0.49;
1964-07-01;;;;0.48;0.48;
1964-08-01;;;;0.48;0.48;
1964-09-01;;;;0.5;0.5;
1964-10-01;;;;0.52;0.52;
1964-11-01;;;;0.51;0.51;
1964-12-01;;;;0.5;0.5;
1965-01-01;;;;0.51;0.51;
1965-02-01;;;;0.52;0.52;
1965-03-01;;;;0.52;0.52;
1965-04-01;;;;0.53;0.53;
1965-05-01;;;;0.53;0.53;
1965-06-01;;;;0.52;0.52;
1965-07-01;;;;0.49;0.49;
1965-08-01;;;;0.48;0.48;
1965-09-01;;;;0.48;0.48;
1965-10-01;;;;0.47;0.47;
1965-11-01;;;;0.49;0.49;
1965-12-01;;;;0.5;0.5;
1966-01-01;;;;0.51;0.51;
1966-02-01;;;;0.51;0.51;
1966-03-01;;;;0.5;0.5;
1966-04-01;;;;0.48;0.48;
1966-05-01;;;;0.49;0.49;
1966-06-01;;;;0.47;0.47;
1966-07-01;;;;0.47;0.47;
1966-08-01;;;;0.46;0.46;
1966-09-01;;;;0.43;0.43;
1966-10-01;;;;0.45;0.45;
1966-11-01;;;;0.45;0.45;
1966-12-01;;;;0.43;0.43;
1967-01-01;;;;0.43;0.43;
1967-02-01;;;;0.41;0.41;
1967-03-01;;;;0.41;0.41;
1967-04-01;;;;0.41;0.41;
1967-05-01;;;;0.4;0.4;
1967-06-01;;;;0.41;0.41;
1967-07-01;;;;0.4;0.4;
1967-08-01;;;;0.37;0.37;
1967-09-01;;;;0.36;0.36;
1967-10-01;;;;0.36;0.36;
1967-11-01;;;;0.35;0.35;
1967-12-01;;;;0.36;0.36;
1968-01-01;;;;0.35;0.35;
1968-02-01;;;;0.33;0.33;
1968-03-01;;;;0.36;0.36;
1968-04-01;;;;0.36;0.36;
1968-05-01;;;;0.37;0.37;
1968-06-01;;;;0.4;0.4;
1968-07-01;;;;0.39;0.39;
1968-08-01;;;;0.4;0.4;
1968-09-01;;;;0.39;0.39;
1968-10-01;;;;0.41;0.41;
1968-11-01;;;;0.42;0.42;
1968-12-01;;;;0.42;0.42;
1969-01-01;;;;0.43;0.43;
1969-02-01;;;;0.47;0.47;
1969-03-01;;;;0.51;0.51;
1969-04-01;;;;0.52;0.52;
1969-05-01;;;;0.5;0.5;
1969-06-01;;;;0.51;0.51;
1969-07-01;;;;0.54;0.54;
1969-08-01;;;;0.58;0.58;
1969-09-01;;;;0.54;0.54;
1969-10-01;;;;0.5;0.5;
1969-11-01;;;;0.45;0.45;
1969-12-01;;;;0.47;0.47;
1970-01-01;;;;0.5;0.5;
1970-02-01;;;;0.48;0.48;
1970-03-01;;;;0.44;0.44;
1970-04-01;;;;0.42;0.42;
1970-05-01;;;;0.41;0.41;
1970-06-01;;;;0.41;0.41;
1970-07-01;;;;0.38;0.38;
1970-08-01;;;;0.37;0.37;
1970-09-01;;;;0.36;0.36;
1970-10-01;;;;0.35;0.35;
1970-11-01;;;;0.37;0.37;
1970-12-01;;;;0.37;0.37;
1971-01-01;;;;0.35;0.35;
1971-02-01;;;;0.33;0.33;
1971-03-01;;;;0.34;0.34;
1971-04-01;;;;0.36;0.36;
1971-05-01;;;;0.38;0.38;
1971-06-01;;;;0.34;0.34;
1971-07-01;;;;0.33;0.33;
1971-08-01;;;;0.32;0.32;
1971-09-01;;;;0.32;0.32;
1971-10-01;;;;0.32;0.32;
1971-11-01;;;;0.32;0.32;
1971-12-01;;;;0.29;0.29;
1972-01-01;;;;0.32;0.32;
1972-02-01;;;;0.31;0.31;
1972-03-01;;;;0.31;0.31;
1972-04-01;;;;0.31;0.31;
1972-05-01;;;;0.33;0.33;
1972-06-01;;;;0.33;0.33;
1972-07-01;;;;0.32;0.32;
1972-08-01;;;;0.32;0.32;
1972-09-01;;;;0.31;0.31;
1972-10-01;;;;0.36;0.36;
1972-11-01;;;;0.37;0.37;
1972-12-01;;;;0.4;0.4;
1973-01-01;;;;0.44;0.44;
1973-02-01;;;;0.46;0.46;
1973-03-01;;;;0.55;0.55;
1973-04-01;;;;0.54;0.54;
1973-05-01;;;;0.55;0.55;
1973-06-01;;;;0.67;0.67;
1973-07-01;;;;0.85;0.85;
1973-08-01;;;;0.82;0.82;
1973-09-01;;;;0.73;0.73;
1973-10-01;;;;0.71;0.71;
1973-11-01;;;;0.8;0.8;
1973-12-01;;;;1.01;1.01;
1974-01-01;;;;1.08;1.08;
1974-02-01;;;;0.98;0.98;
1974-03-01;;;;0.94;0.94;
1974-04-01;;;;0.84;0.84;
1974-05-01;;;;0.86;0.86;
1974-06-01;;;;0.74;0.74;
1974-07-01;;;;0.67;0.67;
1974-08-01;;;;0.68;0.68;
1974-09-01;;;;0.6;0.6;
1974-10-01;;;;0.58;0.58;
1974-11-01;;;;0.5;0.5;
1974-12-01;;;;0.56;0.56;
1975-01-01;;;;0.55;0.55;
1975-02-01;;;;0.58;0.58;
1975-03-01;;;;0.57;0.57;
1975-04-01;;;;0.53;0.53;
1975-05-01;;;;0.53;0.53;
1975-06-01;;;;0.54;0.54;
1975-07-01;;;;0.57;0.57;
1975-08-01;;;;0.59;0.59;
1975-09-01;;;;0.56;0.56;
1975-10-01;;;;0.53;0.53;
1975-11-01;;;;0.57;0.57;
1975-12-01;;;;0.62;0.62;
1976-01-01;;;;0.64;0.64;
1976-02-01;;;;0.71;0.71;
1976-03-01;;;;0.74;0.74;
1976-04-01;;;;0.75;0.75;
1976-05-01;;;;0.81;0.81;
1976-06-01;;;;0.85;0.85;
1976-07-01;;;;0.79;0.79;
1976-08-01;;;;0.78;0.78;
1976-09-01;;;;0.77;0.77;
1976-10-01;;;;0.83;0.83;
1976-11-01;;;;0.83;0.83;
1976-12-01;;;;0.79;0.79;
1977-01-01;;;;0.82;0.82;
1977-02-01;;;;0.82;0.82;
1977-03-01;;;;0.82;0.82;
1977-04-01;;;;0.79;0.79;
1977-05-01;;;;0.78;0.78;
1977-06-01;;;;0.77;0.77;
1977-07-01;;;;0.77;0.77;
1977-08-01;;;;0.8;0.8;
1977-09-01;;;;0.86;0.86;
1977-10-01;;;;0.87;0.87;
1977-11-01;;;;0.86;0.86;
1977-12-01;;;;0.83;0.83;
1978-01-01;;;;0.85;0.85;
1978-02-01;;;;0.86;0.86;
1978-03-01;;;;0.87;0.87;
1978-04-01;;;;0.86;0.86;
1978-05-01;;;;0.91;0.91;
1978-06-01;;;;0.98;0.98;
1978-07-01;;;;0.98;0.98;
1978-08-01;;;;1.03;1.03;
1978-09-01;;;;1.09;1.09;
1978-10-01;;;;1.16;1.16;
1978-11-01;;;;1.14;1.14;
1978-12-01;;;;1.08;1.08;
1979-01-01;;;;1.07;1.07;
1979-02-01;;;;1.13;1.13;
1979-03-01;;;;1.16;1.16;
1979-04-01;;;;1.24;1.24;
1979-05-01;;;;1.28;1.28;
1979-06-01;;;;1.38;1.38;
1979-07-01;;;;1.33;1.33;
1979-08-01;;;;1.31;1.31;
1979-09-01;;;;1.3;1.3;
1979-10-01;;;;1.3;1.3;
1979-11-01;;;;1.31;1.31;
1979-12-01;;;;1.34;1.34;
1980-01-01;;;;1.52;1.52;
1980-02-01;;;;1.66;1.66;
1980-03-01;;;;1.46;1.46;
1980-04-01;;;;1.33;1.33;
1980-05-01;;;;1.33;1.33;
1980-06-01;;;;1.36;1.36;
1980-07-01;;;;1.35;1.35;
1980-08-01;;;;1.4;1.4;
1980-09-01;;;;1.46;1.46;
1980-10-01;;;;1.42;1.42;
1980-11-01;;;;1.42;1.42;
1980-12-01;;;;1.38;1.38;
1981-01-01;;;;1.37;1.37;
1981-02-01;;;;1.32;1.32;
1981-03-01;;;;1.26;1.26;
1981-04-01;;;;1.15;1.15;
1981-05-01;;;;1.16;1.16;
1981-06-01;;;;1.14;1.14;
1981-07-01;;;;1.03;1.03;
1981-08-01;;;;1.07;1.07;
1981-09-01;;;;1.06;1.06;
1981-10-01;;;;1.02;1.02;
1981-11-01;;;;0.99;0.99;
1981-12-01;;;;0.9;0.9;
1982-01-01;;;;0.91;0.91;
1982-02-01;;;;0.88;0.88;
1982-03-01;;;;0.88;0.88;
1982-04-01;;;;0.89;0.89;
1982-05-01;;;;0.9;0.9;
1982-06-01;;;;0.84;0.84;
1982-07-01;;;;0.83;0.83;
1982-08-01;;;;0.84;0.84;
1982-09-01;;;;0.85;0.85;
1982-10-01;;;;0.85;0.85;
1982-11-01;;;;0.83;0.83;
1982-12-01;;;;0.8;0.8;
1983-01-01;;;;0.82;0.82;
1983-02-01;;;;0.94;0.94;
1983-03-01;;;;1.06;1.06;
1983-04-01;;;;1.13;1.13;
1983-05-01;;;;1.05;1.05;
1983-06-01;;;;1.08;1.08;
1983-07-01;;;;1.13;1.13;
1983-08-01;;;;1.13;1.13;
1983-09-01;;;;1.09;1.09;
1983-10-01;;;;1.09;1.09;
1983-11-01;;;;1.11;1.11;
1983-12-01;;;;1.13;1.13;
1984-01-01;;;;1.14;1.14;
1984-02-01;;;;1.14;1.14;
1984-03-01;;;;1.12;1.12;
1984-04-01;;;;1.07;1.07;
1984-05-01;;;;0.98;0.98;
1984-06-01;;;;0.88;0.88;
1984-07-01;;;;0.89;0.89;
1984-08-01;;;;0.91;0.91;
1984-09-01;;;;0.92;0.92;
1984-10-01;;;;0.85;0.85;
1984-11-01;;;;0.81;0.81;
1984-12-01;;;;0.79;0.79;
1985-01-01;;;;0.76;0.76;
1985-02-01;;;;0.74;0.74;
1985-03-01;;;;0.74;0.74;
1985-04-01;;;;0.79;0.79;
1985-05-01;;;;0.77;0.77;
1985-06-01;;;;0.81;0.81;
1985-07-01;;;;0.78;0.78;
1985-08-01;;;;0.76;0.76;
1985-09-01;;;;0.73;0.73;
1985-10-01;;;;0.75;0.75;
1985-11-01;;;;0.74;0.74;
1985-12-01;;;;0.73;0.73;
1986-01-01;;;;0.74;0.74;
1986-02-01;;;;0.79;0.79;
1986-03-01;;;;0.78;0.78;
1986-04-01;;;;0.75;0.75;
1986-05-01;;;;0.77;0.77;
1986-06-01;;;;0.78;0.78;
1986-07-01;;;;0.81;0.81;
1986-08-01;;;;0.84;0.84;
1986-09-01;;;;0.86;0.86;
1986-10-01;;;;0.88;0.88;
1986-11-01;;;;0.84;0.84;
1986-12-01;;;;0.84;0.84;
1987-01-01;;;;0.88;0.88;
1987-02-01;;;;0.9;0.9;
1987-03-01;;;;0.9;0.9;
1987-04-01;;;;0.93;0.93;
1987-05-01;;;;0.95;0.95;
1987-06-01;;;;0.98;0.98;
1987-07-01;;;;1.02;1.02;
1987-08-01;;;;1.03;1.03;
1987-09-01;;;;1.06;1.06;
1987-10-01;;;;1.05;1.05;
1987-11-01;;;;1.04;1.04;
1987-12-01;;;;1.09;1.09;
1988-01-01;;;;1.1;1.1;
1988-02-01;;;;1.09;1.09;
1988-03-01;;;;1.12;1.12;
1988-04-01;;;;1.19;1.19;
1988-05-01;;;;1.3;1.3;
1988-06-01;;;;1.46;1.46;
1988-07-01;;;;1.32;1.32;
1988-08-01;;;;1.29;1.29;
1988-09-01;;;;1.19;1.19;
1988-10-01;;;;1.06;1.06;
1988-11-01;;;;1.03;1.03;
1988-12-01;;;;1.07;1.07;
1989-01-01;;;;1.12;1.12;
1989-02-01;;;;1.12;1.12;
1989-03-01;;;;1.09;1.09;
1989-04-01;;;;1.1;1.1;
1989-05-01;;;;1.02;1.02;
1989-06-01;;;;0.95;0.95;
1989-07-01;;;;0.95;0.95;
1989-08-01;;;;0.9;0.9;
1989-09-01;;;;0.87;0.87;
1989-10-01;;;;0.85;0.85;
1989-11-01;;;;0.84;0.84;
1989-12-01;;;;0.84;0.84;
1990-01-01;;;;0.83;0.83;
1990-02-01;;;;0.85;0.85;
1990-03-01;;;;0.83;0.83;
1990-04-01;;;;0.84;0.84;
1990-05-01;;;;0.85;0.85;
1990-06-01;;;;0.85;0.85;
1990-07-01;;;;0.86;0.86;
1990-08-01;;;;0.88;0.88;
1990-09-01;;;;0.9;0.9;
1990-10-01;;;;0.9;0.9;
1990-11-01;;;;0.9;0.9;
1990-12-01;;;;0.88;0.88;
1991-01-01;;;;0.87;0.87;
1991-02-01;;;;0.85;0.85;
1991-03-01;;;;0.83;0.83;
1991-04-01;;;;0.82;0.82;
1991-05-01;;;;0.82;0.82;
1991-06-01;;;;0.84;0.84;
1991-07-01;;;;0.82;0.82;
1991-08-01;;;;0.82;0.82;
1991-09-01;;;;0.81;0.81;
1991-10-01;;;;0.83;0.83;
1991-11-01;;;;0.81;0.81;
1991-12-01;;;;0.79;0.79;
1992-01-01;;;;0.8;0.8;
1992-02-01;;;;0.81;0.81;
1992-03-01;;;;0.83;0.83;
1992-04-01;;;;0.86;0.86;
1992-05-01;;;;0.87;0.87;
1992-06-01;;;;0.88;0.88;
1992-07-01;;;;0.88;0.88;
1992-08-01;;;;0.88;0.88;
1992-09-01;;;;0.87;0.87;
1992-10-01;;;;0.89;0.89;
1992-11-01;;;;0.88;0.88;
1992-12-01;;;;0.88;0.88;
1993-01-01;;;;0.91;0.91;
1993-02-01;;;;0.89;0.89;
1993-03-01;;;;0.85;0.85;
1993-04-01;;;;0.82;0.82;
1993-05-01;;;;0.81;0.81;
1993-06-01;;;;0.81;0.81;
1993-07-01;;;;0.81;0.81;
1993-08-01;;;;0.82;0.82;
1993-09-01;;;;0.82;0.82;
1993-10-01;;;;0.8;0.8;
1993-11-01;;;;0.81;0.81;
1993-12-01;;;;0.82;0.82;
1994-01-01;;;;0.81;0.81;
1994-02-01;;;;0.85;0.85;
1994-03-01;;;;0.91;0.91;
1994-04-01;;;;0.95;0.95;
1994-05-01;;;;0.98;0.98;
1994-06-01;;;;1.05;1.05;
1994-07-01;;;;1.25;1.25;
1994-08-01;;;;1.26;1.26;
1994-09-01;;;;1.27;1.27;
1994-10-01;;;;1.37;1.37;
1994-11-01;;;;1.34;1.34;
1994-12-01;;;;1.47;1.47;
1995-01-01;;;;1.64;1.64;
1995-02-01;;;;1.77;1.77;
1995-03-01;;;;1.8;1.8;
1995-04-01;;;;1.84;1.84;
1995-05-01;;;;1.72;1.72;
1995-06-01;;;;1.54;1.54;
1995-07-01;;;;1.33;1.33;
1995-08-01;;;;1.3;1.3;
1995-09-01;;;;1.35;1.35;
1995-10-01;;;;1.41;1.41;
1995-11-01;;;;1.61;1.61;
1995-12-01;;;;1.64;1.64;
1996-01-01;;;;1.55;1.55;
1996-02-01;;;;1.56;1.56;
1996-03-01;;;;1.48;1.48;
1996-04-01;;;;1.46;1.46;
1996-05-01;;;;1.48;1.48;
1996-06-01;;;;1.47;1.47;
1996-07-01;;;;1.35;1.35;
1996-08-01;;;;1.3;1.3;
1996-09-01;;;;1.3;1.3;
1996-10-01;;;;1.24;1.24;
1996-11-01;;;;1.27;1.27;
1996-12-01;;;;1.26;1.26;
1997-01-01;;;;1.23;1.23;
1997-02-01;;;;1.22;1.22;
1997-03-01;;;;1.23;1.23;
1997-04-01;;;;1.15;1.15;
1997-05-01;;;;1.11;1.11;
1997-06-01;;;;1.11;1.11;
1997-07-01;;;;0.94;0.94;
1997-08-01;;;;0.92;0.92;
1997-09-01;;;;0.87;0.87;
1997-10-01;;;;0.87;0.87;
1997-11-01;;;;0.84;0.84;
1997-12-01;;;;0.73;0.73;
1998-01-01;;;;0.68;0.68;
1998-02-01;;;;0.82;0.82;
1998-03-01;;;;0.74;0.74;
1998-04-01;;;;0.77;0.77;
1998-05-01;;;;0.78;0.78;
1998-06-01;;;;0.7;0.7;
1998-07-01;;;;0.7;0.7;
1998-08-01;;;;0.65;0.65;
1998-09-01;;;;0.68;0.68;
1998-10-01;;;;0.73;0.73;
1998-11-01;;;;0.72;0.72;
1998-12-01;;;;0.67;0.67;
1999-01-01;;;;0.71;0.71;
1999-02-01;;;;0.69;0.69;
1999-03-01;;;;0.64;0.64;
1999-04-01;;;;0.59;0.59;
1999-05-01;;;;0.6;0.6;
1999-06-01;;;;0.6;0.6;
1999-07-01;;;;0.57;0.57;
1999-08-01;;;;0.56;0.56;
1999-09-01;;;;0.54;0.54;
1999-10-01;;;;0.65;0.65;
1999-11-01;;;;0.74;0.74;
1999-12-01;;;;0.65;0.65;
2000-01-01;;;;0.64;0.64;
2000-02-01;;;;0.74;0.74;
2000-03-01;;;;0.68;0.68;
2000-04-01;;;;0.7;0.7;
2000-05-01;;;;0.69;0.69;
2000-06-01;;;;0.67;0.67;
2000-07-01;;;;0.65;0.65;
2000-08-01;;;;0.66;0.66;
2000-09-01;;;;0.66;0.66;
2000-10-01;;;;0.66;0.66;
2000-11-01;;;;0.63;0.63;
2000-12-01;;;;0.62;0.62;
2001-01-01;;;;0.61;0.61;
2001-02-01;;;;0.6;0.6;
2001-03-01;;;;0.57;0.57;
2001-04-01;;;;0.58;0.58;
2001-05-01;;;;0.61;0.61;
2001-06-01;;;;0.62;0.62;
2001-07-01;;;;0.6;0.6;
2001-08-01;;;;0.59;0.59;
2001-09-01;;;;0.58;0.58;
2001-10-01;;;;0.54;0.54;
2001-11-01;;;;0.51;0.51;
2001-12-01;;;;0.49;0.49;
2002-01-01;;;;0.57;0.57;
2002-02-01;;;;0.62;0.62;
2002-03-01;;;;0.67;0.67;
2002-04-01;;;;0.67;0.67;
2002-05-01;;;;0.7;0.7;
2002-06-01;;;;0.84;0.84;
2002-07-01;;;;0.83;0.83;
2002-08-01;;;;0.86;0.86;
2002-09-01;;;;0.89;0.89;
2002-10-01;;;;0.83;0.83;
2002-11-01;;;;0.84;0.84;
2002-12-01;;;;0.85;0.85;
2003-01-01;;;;0.91;0.91;
2003-02-01;;;;0.99;0.99;
2003-03-01;;;;1.06;1.06;
2003-04-01;;;;1;1;
2003-05-01;;;;1;1;
2003-06-01;;;;1.03;1.03;
2003-07-01;;;;1;1;
2003-08-01;;;;1.05;1.05;
2003-09-01;;;;1.11;1.11;
2003-10-01;;;;1.3;1.3;
2003-11-01;;;;1.28;1.28;
2003-12-01;;;;1.26;1.26;
2004-01-01;;;;1.24;1.24;
2004-02-01;;;;1.28;1.28;
2004-03-01;;;;1.33;1.33;
2004-04-01;;;;1.37;1.37;
2004-05-01;;;;1.35;1.35;
2004-06-01;;;;1.37;1.37;
2004-07-01;;;;1.28;1.28;
2004-08-01;;;;1.23;1.23;
2004-09-01;;;;1.24;1.24;
2004-10-01;;;;1.27;1.27;
2004-11-01;;;;1.23;1.23;
2004-12-01;;;;1.18;1.18;
2005-01-01;;;;1.18;1.18;
2005-02-01;;;;1.26;1.26;
2005-03-01;;;;1.32;1.32;
2005-04-01;;;;1.31;1.31;
2005-05-01;;;;1.36;1.36;
2005-06-01;;;;1.46;1.46;
2005-07-01;;;;1.69;1.69;
2005-08-01;;;;1.6;1.6;
2005-09-01;;;;1.7;1.7;
2005-10-01;;;;1.7;1.7;
2005-11-01;;;;1.6;1.6;
2005-12-01;;;;1.68;1.68;
2006-01-01;;;;1.88;1.88;
2006-02-01;;;;2.06;2.06;
2006-03-01;;;;2.07;2.07;
2006-04-01;;;;2.14;2.14;
2006-05-01;;;;2.45;2.45;
2006-06-01;;;;2.7;2.7;
2006-07-01;;;;2.48;2.48;
2006-08-01;;;;2.18;2.18;
2006-09-01;;;;1.81;1.81;
2006-10-01;;;;1.82;1.82;
2006-11-01;;;;1.62;1.62;
2006-12-01;;;;1.73;1.73;
2007-01-01;;;;2.08;2.08;
2007-02-01;;;;2.28;2.28;
2007-03-01;;;;2.23;2.23;
2007-04-01;;;;2.32;2.32;
2007-05-01;;;;2.37;2.37;
2007-06-01;;;;2.23;2.23;
2007-07-01;;;;2.08;2.08;
2007-08-01;;;;2.11;2.11;
2007-09-01;;;;2.16;2.16;
2007-10-01;;;;2.33;2.33;
2007-11-01;;;;2.48;2.48;
2007-12-01;;;;2.48;2.48;
2008-01-01;;;;2.62;2.62;
2008-02-01;;;;2.79;2.79;
2008-03-01;;;;2.79;2.79;
2008-04-01;;;;2.84;2.84;
2008-05-01;;;;3.05;3.05;
2008-06-01;;;;3.22;3.22;
2008-07-01;;;;3.2;3.2;
2008-08-01;;;;2.93;2.93;
2008-09-01;;;;2.83;2.83;
2008-10-01;;;;1.92;1.92;
2008-11-01;;;;1.65;1.65;
2008-12-01;;;;1.2;1.2;
2009-01-01;;;;1.49;1.49;
2009-02-01;;;;1.46;1.46;
2009-03-01;;;;1.43;1.43;
2009-04-01;;;;1.62;1.62;
2009-05-01;;;;1.69;1.69;
2009-06-01;;;;1.67;1.67;
2009-07-01;;;;1.75;1.75;
2009-08-01;;;;2.06;2.06;
2009-09-01;;;;2.17;2.17;
2009-10-01;;;;2.35;2.35;
2009-11-01;;;;2.54;2.54;
2009-12-01;;;;2.8;2.8;
2010-01-01;;;;3.09;3.09;
2010-02-01;;;;3.13;3.13;
2010-03-01;;;;3.34;3.34;
2010-04-01;;;;3.95;3.95;
2010-05-01;;;;3.67;3.67;
2010-06-01;;;;3.57;3.57;
2010-07-01;;;;3.27;3.27;
2010-08-01;;;;3.32;3.32;
2010-09-01;;;;3.53;3.53;
2010-10-01;;;;3.92;3.92;
2010-11-01;;;;4.31;4.31;
2010-12-01;;;;4.75;4.75;
2011-01-01;;;;5.52;5.52;
2011-02-01;;;;6.26;6.26;
2011-03-01;;;;5.42;5.42;
2011-04-01;;;;5.85;5.85;
2011-05-01;;;;5.12;5.12;
2011-06-01;;;;4.93;4.93;
2011-07-01;;;;4.73;4.73;
2011-08-01;;;;4.68;4.68;
2011-09-01;;;;4.55;4.55;
2011-10-01;;;;4.06;4.06;
2011-11-01;;;;3.37;3.37;
2011-12-01;;;;3.38;3.38;
2012-01-01;;;;3.63;3.63;
2012-02-01;;;;4;4;
2012-03-01;;;;3.93;3.93;
2012-04-01;;;;3.84;3.84;
2012-05-01;;;;3.73;3.73;
2012-06-01;;;;3.2;3.2;
2012-07-01;;;;3.08;3.08;
2012-08-01;;;;2.79;2.79;
2012-09-01;;;;3.04;3.04;
2012-10-01;;;;3.2;3.2;
2012-11-01;;;;2.97;2.97;
2012-12-01;;;;3.11;3.11;
2013-01-01;;;;3.3;3.3;
2013-02-01;;;;3.19;3.19;
2013-03-01;;;;2.98;2.98;
2013-04-01;;;;2.87;2.87;
2013-05-01;;;;3.04;3.04;
2013-06-01;;;;2.81;2.81;
2013-07-01;;;;2.56;2.56;
2013-08-01;;;;2.57;2.57;
2013-09-01;;;;2.64;2.64;
2013-10-01;;;;2.53;2.53;
2013-11-01;;;;2.49;2.49;
2013-12-01;;;;2.56;2.56;
2014-01-01;;;;2.34;2.34;
2014-02-01;;;;2.17;2.17;
2014-03-01;;;;2.29;2.29;
2014-04-01;;;;2.15;2.15;
2014-05-01;;;;2.02;2.02;
2014-06-01;;;;2.04;2.04;
2014-07-01;;;;2;2;
2014-08-01;;;;1.86;1.86;
2014-09-01;;;;1.67;1.67;
2014-10-01;;;;1.63;1.63;
2014-11-01;;;;1.64;1.64;
2014-12-01;;;;1.61;1.61;
2015-01-01;;;;1.66;1.66;
2015-02-01;;;;1.82;1.82;
2015-03-01;;;;1.74;1.74;
2015-04-01;;;;1.7;1.7;
2015-05-01;;;;1.84;1.84;
2015-06-01;;;;1.82;1.82;
2015-07-01;;;;1.64;1.64;
2015-08-01;;;;1.45;1.45;
2015-09-01;;;;1.35;1.35;
2015-10-01;;;;1.33;1.33;
2015-11-01;;;;1.24;1.24;
2015-12-01;;;;1.27;1.27;
2016-01-01;;;;1.23;1.23;
2016-02-01;;;;1.27;1.27;
2016-03-01;;;;1.46;1.46;
2016-04-01;;;;1.71;1.71;
2016-05-01;;;;1.63;1.63;
2016-06-01;;;;1.49;1.49;
2016-07-01;;;;1.59;1.59;
2016-08-01;;;;1.55;1.55;
2016-09-01;;;;1.57;1.57;
2016-10-01;;;;1.66;1.66;
2016-11-01;;;;1.87;1.87;
2016-12-01;;;;2.23;2.23;
2017-01-01;;;;2.56;2.56;
2017-02-01;;;;2.71;2.71;
2017-03-01;;;;2.35;2.35;
2017-04-01;;;;2.21;2.21;
2017-05-01;;;;2.1;2.1;
2017-06-01;;;;1.72;1.72;
2017-07-01;;;;1.75;1.75;
2017-08-01;;;;1.84;1.84;
2017-09-01;;;;1.86;1.86;
2017-10-01;;;;1.64;1.64;
2017-11-01;;;;1.57;1.57;
2017-12-01;;;;1.65;1.65;
2018-01-01;;;;1.72;1.72;
2018-02-01;;;;1.72;1.72;
2018-03-01;;;;1.76;1.76;
2018-04-01;;;;1.73;1.73;
2018-05-01;;;;1.7;1.7;
2018-06-01;;;;1.56;1.56;
2018-07-01;;;;1.47;1.47;
2018-08-01;;;;1.47;1.47;
2018-09-01;;;;1.44;1.44;
2018-10-01;;;;1.43;1.43;
2018-11-01;;;;1.35;1.35;
2018-12-01;;;;1.44;1.44;
2019-01-01;;;;1.59;1.59;
2019-02-01;;;;1.65;1.65;
2019-03-01;;;;1.72;1.72;
2019-04-01;;;;1.72;1.72;
2019-05-01;;;;1.77;1.77;
2019-06-01;;;;1.93;1.93;
2019-07-01;;;;1.67;1.67;
2019-08-01;;;;1.5;1.5;
2019-09-01;;;;1.5;1.5;
2019-10-01;;;;1.43;1.43;
2019-11-01;;;;1.54;1.54;
2019-12-01;;;;1.66;1.66;
2020-01-01;;;;1.68;1.68;
2020-02-01;;;;1.61;1.61;
2020-03-01;;;;1.5;1.5;
2020-04-01;;;;1.33;1.33;
2020-05-01;;;;1.35;1.35;
2020-06-01;;;;1.4;1.4;
2020-07-01;;;;1.48;1.48;
2020-08-01;;;;1.7;1.7;
2020-09-01;;;;1.86;1.86;
2020-10-01;;;;2.19;2.19;
2020-11-01;;;;2.3;2.3;
2020-12-01;;;;2.33;2.33;
2021-01-01;;;;2.3;2.3;
2021-02-01;;;;2.35;2.35;
2021-03-01;;;;2.37;2.37;
2021-04-01;;;;2.15;2.15;
2021-05-01;;;;2.29;2.29;
2021-06-01;;;;2.12;2.12;
2021-07-01;;;;1.87;1.87;
2021-08-01;;;;1.9;1.9;
2021-09-01;;;;1.79;1.79;
2021-10-01;;;;1.87;1.87;
2021-11-01;;;;1.93;1.93;
2021-12-01;;;;1.92;1.92;
2022-01-01;;;;1.97;1.97;
2022-02-01;;;;2.11;2.11;
2022-03-01;;;;2.12;2.12;
2022-04-01;;;;2.09;2.09;
2022-05-01;;;;2.06;2.06;
2022-06-01;;;;2.03;2.03;
2022-07-01;;;;1.78;1.78;
2022-08-01;;;;1.61;1.61;
2022-09-01;;;;1.48;1.48;
2022-10-01;;;;1.5;1.5;
2022-11-01;;;;1.43;1.43;
2022-12-01;;;;1.54;1.54;
2023-01-01;;;;1.63;1.63;
2023-02-01;;;;1.62;1.62;
2023-03-01;;;;1.58;1.58;
2023-04-01;;;;1.54;1.54;
2023-05-01;;;;1.56;1.56;
2023-06-01;;;;1.53;1.53;
2023-07-01;;;;1.49;1.49;
2023-08-01;;;;1.47;1.47;
2023-09-01;;;;1.55;1.55;
2023-10-01;;;;1.61;1.61;
2023-11-01;;;;1.67;1.67;
2023-12-01;;;;1.66;1.66;
2024-01-01;;;;1.8;1.8;
2024-02-01;;;;2.02;2.02;
2024-03-01;;;;2.39;2.39;
2024-04-01;;;;2.28;2.28;
2024-05-01;;;;2.15;2.15;
2024-06-01;;;;2.26;2.26;
2024-07-01;;;;2.06;2.06;
2024-08-01;;;;2.39;2.39;
2024-09-01;;;;2.65;2.65;
2024-10-01;;;;2.63;2.63;
2024-11-01;;;;2.29;2.29;
2024-12-01;;;;2.38;2.38;
2025-01-01;;;;2.37;2.37;
2025-02-01;;;;2.41;2.41;
2025-03-01;;;;2.36;2.36;
2025-04-01;;;;2.13;2.13;
2025-05-01;;;;2.19;2.19;
2025-06-01;;;;2.16;2.16;
2025-07-01;;;;2.23;2.23;
2025-08-01;;;;2.15;2.15;
2025-09-01;;;;2.11;2.11;
2025-10-01;;;;2;2;
2025-11-01;;;;2.03;2.03;
2025-12-01;;;;2.06;2.06;
2026-01-01;;;;2.14;2.14;
2026-02-01;;;;2.26;2.26;
2026-03-01;;;;2.39;2.39;
2026-04-01;;;;2.51;2.51;
2026-05-01;;;;2.69;2.69;
2026-06-01;;;;2.86;2.86;
2026-07-01;;;;2.78;2.78;
2026-08-01;;;;2.73;2.73;
