# bron: World Bank Commodity Price Data (The Pink Sheet), 'Monthly Prices': Rice, Thai A.1; licentie CC BY 4.0 (bronvermelding: World Bank); maandgemiddelde, nominaal USD; datum = 1e van de maand (publicatie ≈ begin volgende maand)
date;open;high;low;close;adjclose;volume
1986-01-01;;;;98;98;
1986-02-01;;;;97;97;
1986-03-01;;;;100;100;
1986-04-01;;;;97;97;
1986-05-01;;;;98;98;
1986-06-01;;;;101;101;
1986-07-01;;;;107;107;
1986-08-01;;;;122;122;
1986-09-01;;;;113;113;
1986-10-01;;;;113;113;
1986-11-01;;;;105;105;
1986-12-01;;;;100;100;
1987-01-01;;;;107;107;
1987-02-01;;;;120;120;
1987-03-01;;;;131;131;
1987-04-01;;;;133;133;
1987-05-01;;;;136;136;
1987-06-01;;;;142;142;
1987-07-01;;;;148;148;
1987-08-01;;;;168;168;
1987-09-01;;;;195;195;
1987-10-01;;;;210;210;
1987-11-01;;;;189;189;
1987-12-01;;;;168;168;
1988-01-01;;;;207;207;
1988-02-01;;;;214;214;
1988-03-01;;;;213;213;
1988-04-01;;;;220;220;
1988-05-01;;;;211;211;
1988-06-01;;;;226;226;
1988-07-01;;;;232;232;
1988-08-01;;;;217;217;
1988-09-01;;;;221;221;
1988-10-01;;;;226;226;
1988-11-01;;;;227;227;
1988-12-01;;;;223;223;
1989-01-01;;;;231;231;
1989-02-01;;;;235;235;
1989-03-01;;;;233;233;
1989-04-01;;;;239;239;
1989-05-01;;;;246;246;
1989-06-01;;;;244;244;
1989-07-01;;;;246;246;
1989-08-01;;;;221;221;
1989-09-01;;;;205;205;
1989-10-01;;;;183;183;
1989-11-01;;;;166;166;
1989-12-01;;;;174;174;
1990-01-01;;;;170;170;
1990-02-01;;;;176;176;
1990-03-01;;;;169;169;
1990-04-01;;;;164;164;
1990-05-01;;;;151;151;
1990-06-01;;;;140;140;
1990-07-01;;;;142;142;
1990-08-01;;;;149;149;
1990-09-01;;;;150;150;
1990-10-01;;;;163;163;
1990-11-01;;;;153;153;
1990-12-01;;;;147;147;
1991-01-01;;;;165;165;
1991-02-01;;;;187;187;
1991-03-01;;;;175;175;
1991-04-01;;;;176;176;
1991-05-01;;;;173;173;
1991-06-01;;;;163;163;
1991-07-01;;;;174;174;
1991-08-01;;;;184;184;
1991-09-01;;;;193;193;
1991-10-01;;;;191;191;
1991-11-01;;;;185;185;
1991-12-01;;;;184;184;
1992-01-01;;;;188;188;
1992-02-01;;;;189;189;
1992-03-01;;;;186;186;
1992-04-01;;;;186;186;
1992-05-01;;;;178;178;
1992-06-01;;;;171;171;
1992-07-01;;;;173;173;
1992-08-01;;;;182;182;
1992-09-01;;;;176;176;
1992-10-01;;;;172;172;
1992-11-01;;;;172;172;
1992-12-01;;;;162;162;
1993-01-01;;;;166;166;
1993-02-01;;;;172;172;
1993-03-01;;;;161;161;
1993-04-01;;;;153;153;
1993-05-01;;;;145;145;
1993-06-01;;;;147;147;
1993-07-01;;;;149;149;
1993-08-01;;;;156;156;
1993-09-01;;;;158;158;
1993-10-01;;;;162;162;
1993-11-01;;;;167;167;
1993-12-01;;;;155;155;
1994-01-01;;;;151;151;
1994-02-01;;;;155;155;
1994-03-01;;;;155.3;155.3;
1994-04-01;;;;156.8;156.8;
1994-05-01;;;;160.2;160.2;
1994-06-01;;;;166.3;166.3;
1994-07-01;;;;177.8;177.8;
1994-08-01;;;;199.6;199.6;
1994-09-01;;;;210;210;
1994-10-01;;;;215.8;215.8;
1994-11-01;;;;216.5;216.5;
1994-12-01;;;;223.5;223.5;
1995-01-01;;;;232.2;232.2;
1995-02-01;;;;221;221;
1995-03-01;;;;223.5;223.5;
1995-04-01;;;;226.3;226.3;
1995-05-01;;;;238.6;238.6;
1995-06-01;;;;275.8;275.8;
1995-07-01;;;;296;296;
1995-08-01;;;;286;286;
1995-09-01;;;;284.8;284.8;
1995-10-01;;;;294.4;294.4;
1995-11-01;;;;298.3;298.3;
1995-12-01;;;;277.8;277.8;
1996-01-01;;;;271.6;271.6;
1996-02-01;;;;256.3;256.3;
1996-03-01;;;;259.5;259.5;
1996-04-01;;;;244.8;244.8;
1996-05-01;;;;244.5;244.5;
1996-06-01;;;;240.3;240.3;
1996-07-01;;;;229.2;229.2;
1996-08-01;;;;213;213;
1996-09-01;;;;214.4;214.4;
1996-10-01;;;;208;208;
1996-11-01;;;;205.8;205.8;
1996-12-01;;;;205.2;205.2;
1997-01-01;;;;217.5;217.5;
1997-02-01;;;;225.8;225.8;
1997-03-01;;;;231.6;231.6;
1997-04-01;;;;217.3;217.3;
1997-05-01;;;;215.5;215.5;
1997-06-01;;;;220.6;220.6;
1997-07-01;;;;215.8;215.8;
1997-08-01;;;;209.3;209.3;
1997-09-01;;;;202.8;202.8;
1997-10-01;;;;192.3;192.3;
1997-11-01;;;;180.7;180.7;
1997-12-01;;;;195.7;195.7;
1998-01-01;;;;184.8;184.8;
1998-02-01;;;;186.8;186.8;
1998-03-01;;;;193.2;193.2;
1998-04-01;;;;196.8;196.8;
1998-05-01;;;;197;197;
1998-06-01;;;;205.5;205.5;
1998-07-01;;;;211;211;
1998-08-01;;;;228.8;228.8;
1998-09-01;;;;237;237;
1998-10-01;;;;251.8;251.8;
1998-11-01;;;;231;231;
1998-12-01;;;;232.8;232.8;
1999-01-01;;;;233.5;233.5;
1999-02-01;;;;212;212;
1999-03-01;;;;197.2;197.2;
1999-04-01;;;;184;184;
1999-05-01;;;;184.3;184.3;
1999-06-01;;;;200.2;200.2;
1999-07-01;;;;216;216;
1999-08-01;;;;202.8;202.8;
1999-09-01;;;;184.5;184.5;
1999-10-01;;;;169.8;169.8;
1999-11-01;;;;172;172;
1999-12-01;;;;155.3;155.3;
2000-01-01;;;;158.2;158.2;
2000-02-01;;;;156.7;156.7;
2000-03-01;;;;151.5;151.5;
2000-04-01;;;;148;148;
2000-05-01;;;;143.6;143.6;
2000-06-01;;;;139.5;139.5;
2000-07-01;;;;142.8;142.8;
2000-08-01;;;;143.8;143.8;
2000-09-01;;;;143.7;143.7;
2000-10-01;;;;136.8;136.8;
2000-11-01;;;;127.8;127.8;
2000-12-01;;;;129.5;129.5;
2001-01-01;;;;134.2;134.2;
2001-02-01;;;;134.3;134.3;
2001-03-01;;;;125.5;125.5;
2001-04-01;;;;120.8;120.8;
2001-05-01;;;;123;123;
2001-06-01;;;;129.8;129.8;
2001-07-01;;;;137.2;137.2;
2001-08-01;;;;140.8;140.8;
2001-09-01;;;;148.3;148.3;
2001-10-01;;;;146.2;146.2;
2001-11-01;;;;135;135;
2001-12-01;;;;134.3;134.3;
2002-01-01;;;;142.5;142.5;
2002-02-01;;;;143.8;143.8;
2002-03-01;;;;151.3;151.3;
2002-04-01;;;;148.4;148.4;
2002-05-01;;;;148;148;
2002-06-01;;;;149;149;
2002-07-01;;;;152.4;152.4;
2002-08-01;;;;148.3;148.3;
2002-09-01;;;;148.8;148.8;
2002-10-01;;;;157.3;157.3;
2002-11-01;;;;158.3;158.3;
2002-12-01;;;;154.3;154.3;
2003-01-01;;;;152;152;
2003-02-01;;;;150.3;150.3;
2003-03-01;;;;147;147;
2003-04-01;;;;141.4;141.4;
2003-05-01;;;;142.5;142.5;
2003-06-01;;;;151.2;151.2;
2003-07-01;;;;150.3;150.3;
2003-08-01;;;;150;150;
2003-09-01;;;;154.6;154.6;
2003-10-01;;;;157;157;
2003-11-01;;;;158.4;158.4;
2003-12-01;;;;163;163;
2004-01-01;;;;171;171;
2004-02-01;;;;181.8;181.8;
2004-03-01;;;;207.4;207.4;
2004-04-01;;;;215;215;
2004-05-01;;;;212.8;212.8;
2004-06-01;;;;212.5;212.5;
2004-07-01;;;;210;210;
2004-08-01;;;;212.4;212.4;
2004-09-01;;;;206.3;206.3;
2004-10-01;;;;201.3;201.3;
2004-11-01;;;;211.6;211.6;
2004-12-01;;;;219.8;219.8;
2005-01-01;;;;226.2;226.2;
2005-02-01;;;;231.8;231.8;
2005-03-01;;;;230;230;
2005-04-01;;;;225.5;225.5;
2005-05-01;;;;220.4;220.4;
2005-06-01;;;;210.8;210.8;
2005-07-01;;;;207.3;207.3;
2005-08-01;;;;212.8;212.8;
2005-09-01;;;;215.5;215.5;
2005-10-01;;;;217.4;217.4;
2005-11-01;;;;209.5;209.5;
2005-12-01;;;;206.8;206.8;
2006-01-01;;;;211;211;
2006-02-01;;;;216.8;216.8;
2006-03-01;;;;216.5;216.5;
2006-04-01;;;;218.5;218.5;
2006-05-01;;;;219.4;219.4;
2006-06-01;;;;216.5;216.5;
2006-07-01;;;;218.6;218.6;
2006-08-01;;;;220;220;
2006-09-01;;;;224.4;224.4;
2006-10-01;;;;223.5;223.5;
2006-11-01;;;;220.8;220.8;
2006-12-01;;;;228.3;228.3;
2007-01-01;;;;243.8;243.8;
2007-02-01;;;;257.5;257.5;
2007-03-01;;;;262.3;262.3;
2007-04-01;;;;258.5;258.5;
2007-05-01;;;;255.4;255.4;
2007-06-01;;;;257;257;
2007-07-01;;;;260.4;260.4;
2007-08-01;;;;264.5;264.5;
2007-09-01;;;;272.3;272.3;
2007-10-01;;;;293.2;293.2;
2007-11-01;;;;311.3;311.3;
2007-12-01;;;;331.7;331.7;
2008-01-01;;;;358;358;
2008-02-01;;;;432.8;432.8;
2008-03-01;;;;537.6;537.6;
2008-04-01;;;;762.7;762.7;
2008-05-01;;;;727.4;727.4;
2008-06-01;;;;591;591;
2008-07-01;;;;546.5;546.5;
2008-08-01;;;;468.8;468.8;
2008-09-01;;;;420.4;420.4;
2008-10-01;;;;348.3;348.3;
2008-11-01;;;;307;307;
2008-12-01;;;;287;287;
2009-01-01;;;;318.6;318.6;
2009-02-01;;;;319.5;319.5;
2009-03-01;;;;332;332;
2009-04-01;;;;335.7;335.7;
2009-05-01;;;;322.4;322.4;
2009-06-01;;;;320.8;320.8;
2009-07-01;;;;320.3;320.3;
2009-08-01;;;;305.5;305.5;
2009-09-01;;;;303.3;303.3;
2009-10-01;;;;298.4;298.4;
2009-11-01;;;;337;337;
2009-12-01;;;;403;403;
2010-01-01;;;;420.2;420.2;
2010-02-01;;;;405;405;
2010-03-01;;;;377;377;
2010-04-01;;;;343;343;
2010-05-01;;;;329;329;
2010-06-01;;;;329.5;329.5;
2010-07-01;;;;349.8;349.8;
2010-08-01;;;;369;369;
2010-09-01;;;;412;412;
2010-10-01;;;;428.3;428.3;
2010-11-01;;;;427.8;427.8;
2010-12-01;;;;413.4;413.4;
2011-01-01;;;;405;405;
2011-02-01;;;;420.5;420.5;
2011-03-01;;;;408.3;408.3;
2011-04-01;;;;409;409;
2011-05-01;;;;421.2;421.2;
2011-06-01;;;;427.5;427.5;
2011-07-01;;;;449.3;449.3;
2011-08-01;;;;465.3;465.3;
2011-09-01;;;;514;514;
2011-10-01;;;;489;489;
2011-11-01;;;;549.8;549.8;
2011-12-01;;;;544;544;
2012-01-01;;;;516.3;516.3;
2012-02-01;;;;518.3;518.3;
2012-03-01;;;;526.8;526.8;
2012-04-01;;;;533.3;533.3;
2012-05-01;;;;561.8;561.8;
2012-06-01;;;;541.2;541.2;
2012-07-01;;;;518.8;518.8;
2012-08-01;;;;509;509;
2012-09-01;;;;512;512;
2012-10-01;;;;520.3;520.3;
2012-11-01;;;;523;523;
2012-12-01;;;;520.4;520.4;
2013-01-01;;;;530;530;
2013-02-01;;;;535;535;
2013-03-01;;;;532.5;532.5;
2013-04-01;;;;530.6;530.6;
2013-05-01;;;;510.8;510.8;
2013-06-01;;;;492;492;
2013-07-01;;;;461.8;461.8;
2013-08-01;;;;428.3;428.3;
2013-09-01;;;;431.5;431.5;
2013-10-01;;;;420.4;420.4;
2013-11-01;;;;414.3;414.3;
2013-12-01;;;;400.8;400.8;
2014-01-01;;;;405;405;
2014-02-01;;;;449.9;449.9;
2014-03-01;;;;425.1;425.1;
2014-04-01;;;;399.3;399.3;
2014-05-01;;;;391.6;391.6;
2014-06-01;;;;402.6;402.6;
2014-07-01;;;;435.4;435.4;
2014-08-01;;;;460.6;460.6;
2014-09-01;;;;449.9;449.9;
2014-10-01;;;;437.6;437.6;
2014-11-01;;;;423.8;423.8;
2014-12-01;;;;421.2;421.2;
2015-01-01;;;;418.6;418.6;
2015-02-01;;;;417;417;
2015-03-01;;;;411;411;
2015-04-01;;;;400.3;400.3;
2015-05-01;;;;386.5;386.5;
2015-06-01;;;;376;376;
2015-07-01;;;;389.9;389.9;
2015-08-01;;;;377.5;377.5;
2015-09-01;;;;360;360;
2015-10-01;;;;369.3;369.3;
2015-11-01;;;;366.2;366.2;
2015-12-01;;;;360.2;360.2;
2016-01-01;;;;366.2;366.2;
2016-02-01;;;;377.4;377.4;
2016-03-01;;;;374.9;374.9;
2016-04-01;;;;383.5;383.5;
2016-05-01;;;;414.4;414.4;
2016-06-01;;;;426.8;426.8;
2016-07-01;;;;417.9;417.9;
2016-08-01;;;;393.8;393.8;
2016-09-01;;;;365.3;365.3;
2016-10-01;;;;349.9;349.9;
2016-11-01;;;;339.6;339.6;
2016-12-01;;;;354.4;354.4;
2017-01-01;;;;355.9;355.9;
2017-02-01;;;;348.8;348.8;
2017-03-01;;;;358.4;358.4;
2017-04-01;;;;358.5;358.5;
2017-05-01;;;;395;395;
2017-06-01;;;;440.9;440.9;
2017-07-01;;;;397.4;397.4;
2017-08-01;;;;376.1;376.1;
2017-09-01;;;;384.8;384.8;
2017-10-01;;;;375.7;375.7;
2017-11-01;;;;378.8;378.8;
2017-12-01;;;;388.5;388.5;
2018-01-01;;;;410.8;410.8;
2018-02-01;;;;407.8;407.8;
2018-03-01;;;;403.5;403.5;
2018-04-01;;;;430.2;430.2;
2018-05-01;;;;431.8;431.8;
2018-06-01;;;;408.6;408.6;
2018-07-01;;;;382.7;382.7;
2018-08-01;;;;393.5;393.5;
2018-09-01;;;;395.4;395.4;
2018-10-01;;;;390.4;390.4;
2018-11-01;;;;378.8;378.8;
2018-12-01;;;;379.3;379.3;
2019-01-01;;;;387.4;387.4;
2019-02-01;;;;386.3;386.3;
2019-03-01;;;;382.4;382.4;
2019-04-01;;;;391.3;391.3;
2019-05-01;;;;386.8;386.8;
2019-06-01;;;;394.2;394.2;
2019-07-01;;;;391.7;391.7;
2019-08-01;;;;407.5;407.5;
2019-09-01;;;;401.7;401.7;
2019-10-01;;;;397;397;
2019-11-01;;;;394.8;394.8;
2019-12-01;;;;400.9;400.9;
2020-01-01;;;;426;426;
2020-02-01;;;;426.5;426.5;
2020-03-01;;;;469.6;469.6;
2020-04-01;;;;543.7;543.7;
2020-05-01;;;;492.9;492.9;
2020-06-01;;;;493.6;493.6;
2020-07-01;;;;459.7;459.7;
2020-08-01;;;;480.9;480.9;
2020-09-01;;;;483;483;
2020-10-01;;;;454.5;454.5;
2020-11-01;;;;468.5;468.5;
2020-12-01;;;;496.6;496.6;
2021-01-01;;;;517.8;517.8;
2021-02-01;;;;531;531;
2021-03-01;;;;504.1;504.1;
2021-04-01;;;;477.4;477.4;
2021-05-01;;;;462.8;462.8;
2021-06-01;;;;438.6;438.6;
2021-07-01;;;;397;397;
2021-08-01;;;;381;381;
2021-09-01;;;;381.3;381.3;
2021-10-01;;;;382.7;382.7;
2021-11-01;;;;378.6;378.6;
2021-12-01;;;;381;381;
2022-01-01;;;;403.2;403.2;
2022-02-01;;;;406;406;
2022-03-01;;;;407.1;407.1;
2022-04-01;;;;409.1;409.1;
2022-05-01;;;;442.9;442.9;
2022-06-01;;;;427.6;427.6;
2022-07-01;;;;405.7;405.7;
2022-08-01;;;;412.6;412.6;
2022-09-01;;;;423.4;423.4;
2022-10-01;;;;411.6;411.6;
2022-11-01;;;;417.5;417.5;
2022-12-01;;;;446.4;446.4;
2023-01-01;;;;484.6;484.6;
2023-02-01;;;;469;469;
2023-03-01;;;;460.9;460.9;
2023-04-01;;;;482.9;482.9;
2023-05-01;;;;492.7;492.7;
2023-06-01;;;;495.8;495.8;
2023-07-01;;;;533.5;533.5;
2023-08-01;;;;626;626;
2023-09-01;;;;609.9;609.9;
2023-10-01;;;;574.7;574.7;
2023-11-01;;;;574.6;574.6;
2023-12-01;;;;629.6;629.6;
2024-01-01;;;;648.9;648.9;
2024-02-01;;;;619.9;619.9;
2024-03-01;;;;607.7;607.7;
2024-04-01;;;;578;578;
2024-05-01;;;;606.5;606.5;
2024-06-01;;;;613.3;613.3;
2024-07-01;;;;570.9;570.9;
2024-08-01;;;;566.7;566.7;
2024-09-01;;;;564.3;564.3;
2024-10-01;;;;504.8;504.8;
2024-11-01;;;;489.6;489.6;
2024-12-01;;;;501.9;501.9;
2025-01-01;;;;464.2;464.2;
2025-02-01;;;;419.1;419.1;
2025-03-01;;;;404.1;404.1;
2025-04-01;;;;396.9;396.9;
2025-05-01;;;;405.5;405.5;
2025-06-01;;;;393.4;393.4;
2025-07-01;;;;376.1;376.1;
2025-08-01;;;;357.9;357.9;
2025-09-01;;;;355.2;355.2;
2025-10-01;;;;335.9;335.9;
2025-11-01;;;;338.5;338.5;
2025-12-01;;;;389.4;389.4;
2026-01-01;;;;382.9;382.9;
2026-02-01;;;;385.1;385.1;
2026-03-01;;;;365.3;365.3;
2026-04-01;;;;385.2;385.2;
2026-05-01;;;;420.2;420.2;
2026-06-01;;;;469.4;469.4;
2026-07-01;;;;454.7;454.7;
2026-08-01;;;;452.8;452.8;
