# bron: World Bank Commodity Price Data (The Pink Sheet), 'Monthly Prices': Wheat, US SRW; licentie CC BY 4.0 (bronvermelding: World Bank); maandgemiddelde, nominaal USD; datum = 1e van de maand (publicatie ≈ begin volgende maand)
date;open;high;low;close;adjclose;volume
1979-01-01;;;;140.4;140.4;
1979-02-01;;;;144.8;144.8;
1979-03-01;;;;144;144;
1979-04-01;;;;142.2;142.2;
1979-05-01;;;;141.4;141.4;
1979-06-01;;;;163.9;163.9;
1979-07-01;;;;168.3;168.3;
1979-08-01;;;;162.8;162.8;
1979-09-01;;;;165;165;
1979-10-01;;;;163.1;163.1;
1979-11-01;;;;166.8;166.8;
1979-12-01;;;;173.1;173.1;
1980-01-01;;;;169.7;169.7;
1980-02-01;;;;170.5;170.5;
1980-03-01;;;;162.4;162.4;
1980-04-01;;;;155.8;155.8;
1980-05-01;;;;156.2;156.2;
1980-06-01;;;;146.2;146.2;
1980-07-01;;;;160.5;160.5;
1980-08-01;;;;165.3;165.3;
1980-09-01;;;;175.6;175.6;
1980-10-01;;;;187;187;
1980-11-01;;;;193.3;193.3;
1980-12-01;;;;177.1;177.1;
1981-01-01;;;;177.5;177.5;
1981-02-01;;;;176.4;176.4;
1981-03-01;;;;167.9;167.9;
1981-04-01;;;;172.1;172.1;
1981-05-01;;;;142.9;142.9;
1981-06-01;;;;132.8;132.8;
1981-07-01;;;;138.6;138.6;
1981-08-01;;;;140.3;140.3;
1981-09-01;;;;147.1;147.1;
1981-10-01;;;;149.7;149.7;
1981-11-01;;;;156.8;156.8;
1981-12-01;;;;153;153;
1982-01-01;;;;148.4;148.4;
1982-02-01;;;;153.7;153.7;
1982-03-01;;;;141.8;141.8;
1982-04-01;;;;148.6;148.6;
1982-05-01;;;;128.3;128.3;
1982-06-01;;;;125.7;125.7;
1982-07-01;;;;127.5;127.5;
1982-08-01;;;;123.8;123.8;
1982-09-01;;;;120.5;120.5;
1982-10-01;;;;112.9;112.9;
1982-11-01;;;;131.6;131.6;
1982-12-01;;;;127.9;127.9;
1983-01-01;;;;131.2;131.2;
1983-02-01;;;;133.4;133.4;
1983-03-01;;;;133;133;
1983-04-01;;;;137.1;137.1;
1983-05-01;;;;135.7;135.7;
1983-06-01;;;;132.3;132.3;
1983-07-01;;;;135.3;135.3;
1983-08-01;;;;145.1;145.1;
1983-09-01;;;;141.8;141.8;
1983-10-01;;;;141.5;141.5;
1983-11-01;;;;139.6;139.6;
1983-12-01;;;;141.7;141.7;
1984-01-01;;;;140;140;
1984-02-01;;;;133.3;133.3;
1984-03-01;;;;142.7;142.7;
1984-04-01;;;;148.1;148.1;
1984-05-01;;;;144.3;144.3;
1984-06-01;;;;136.3;136.3;
1984-07-01;;;;133.7;133.7;
1984-08-01;;;;137.5;137.5;
1984-09-01;;;;140.8;140.8;
1984-10-01;;;;141.3;141.3;
1984-11-01;;;;143.5;143.5;
1984-12-01;;;;141.4;141.4;
1985-01-01;;;;147.6;147.6;
1985-02-01;;;;140.5;140.5;
1985-03-01;;;;140.9;140.9;
1985-04-01;;;;139.1;139.1;
1985-05-01;;;;122.7;122.7;
1985-06-01;;;;123.2;123.2;
1985-07-01;;;;117.8;117.8;
1985-08-01;;;;111.8;111.8;
1985-09-01;;;;111.2;111.2;
1985-10-01;;;;121;121;
1985-11-01;;;;131.7;131.7;
1985-12-01;;;;136.6;136.6;
1986-01-01;;;;135.4;135.4;
1986-02-01;;;;136.1;136.1;
1986-03-01;;;;139.5;139.5;
1986-04-01;;;;139.7;139.7;
1986-05-01;;;;119.2;119.2;
1986-06-01;;;;99.6;99.6;
1986-07-01;;;;100.1;100.1;
1986-08-01;;;;100.3;100.3;
1986-09-01;;;;102.3;102.3;
1986-10-01;;;;114.8;114.8;
1986-11-01;;;;118.1;118.1;
1986-12-01;;;;115.7;115.7;
1987-01-01;;;;117.4;117.4;
1987-02-01;;;;115.7;115.7;
1987-03-01;;;;116.5;116.5;
1987-04-01;;;;113.1;113.1;
1987-05-01;;;;115.8;115.8;
1987-06-01;;;;102.2;102.2;
1987-07-01;;;;100.6;100.6;
1987-08-01;;;;101.7;101.7;
1987-09-01;;;;110.1;110.1;
1987-10-01;;;;113.5;113.5;
1987-11-01;;;;113.7;113.7;
1987-12-01;;;;124.9;124.9;
1988-01-01;;;;126.2;126.2;
1988-02-01;;;;125.3;125.3;
1988-03-01;;;;118.2;118.2;
1988-04-01;;;;122.9;122.9;
1988-05-01;;;;124.4;124.4;
1988-06-01;;;;139.6;139.6;
1988-07-01;;;;138.9;138.9;
1988-08-01;;;;145.9;145.9;
1988-09-01;;;;153.3;153.3;
1988-10-01;;;;162.9;162.9;
1988-11-01;;;;162.3;162.3;
1988-12-01;;;;168.9;168.9;
1989-01-01;;;;172.6;172.6;
1989-02-01;;;;164.2;164.2;
1989-03-01;;;;168.6;168.6;
1989-04-01;;;;161.4;161.4;
1989-05-01;;;;162.6;162.6;
1989-06-01;;;;151.9;151.9;
1989-07-01;;;;152.4;152.4;
1989-08-01;;;;153.4;153.4;
1989-09-01;;;;157.3;157.3;
1989-10-01;;;;160.5;160.5;
1989-11-01;;;;163.9;163.9;
1989-12-01;;;;166.5;166.5;
1990-01-01;;;;163;163;
1990-02-01;;;;155.5;155.5;
1990-03-01;;;;153.3;153.3;
1990-04-01;;;;150.7;150.7;
1990-05-01;;;;133.5;133.5;
1990-06-01;;;;130.5;130.5;
1990-07-01;;;;119.6;119.6;
1990-08-01;;;;115.1;115.1;
1990-09-01;;;;108.5;108.5;
1990-10-01;;;;104.8;104.8;
1990-11-01;;;;106.4;106.4;
1990-12-01;;;;108.4;108.4;
1991-01-01;;;;107.1;107.1;
1991-02-01;;;;106.4;106.4;
1991-03-01;;;;116.2;116.2;
1991-04-01;;;;117.1;117.1;
1991-05-01;;;;115.6;115.6;
1991-06-01;;;;118.2;118.2;
1991-07-01;;;;116.2;116.2;
1991-08-01;;;;127.1;127.1;
1991-09-01;;;;137.6;137.6;
1991-10-01;;;;147.2;147.2;
1991-11-01;;;;147;147;
1991-12-01;;;;157.8;157.8;
1992-01-01;;;;167.3;167.3;
1992-02-01;;;;170.1;170.1;
1992-03-01;;;;161.4;161.4;
1992-04-01;;;;153.1;153.1;
1992-05-01;;;;139.7;139.7;
1992-06-01;;;;140.4;140.4;
1992-07-01;;;;129.9;129.9;
1992-08-01;;;;118.8;118.8;
1992-09-01;;;;131.5;131.5;
1992-10-01;;;;137.4;137.4;
1992-11-01;;;;145.8;145.8;
1992-12-01;;;;146.3;146.3;
1993-01-01;;;;156.9;156.9;
1993-02-01;;;;149.4;149.4;
1993-03-01;;;;145.5;145.5;
1993-04-01;;;;156.3;156.3;
1993-05-01;;;;140.1;140.1;
1993-06-01;;;;112.3;112.3;
1993-07-01;;;;116.8;116.8;
1993-08-01;;;;119.6;119.6;
1993-09-01;;;;115.7;115.7;
1993-10-01;;;;127.9;127.9;
1993-11-01;;;;136.4;136.4;
1993-12-01;;;;140.5;140.5;
1994-01-01;;;;152.7;152.7;
1994-02-01;;;;144.2;144.2;
1994-03-01;;;;133.5;133.5;
1994-04-01;;;;130;130;
1994-05-01;;;;125.3;125.3;
1994-06-01;;;;120.2;120.2;
1994-07-01;;;;119.5;119.5;
1994-08-01;;;;128.2;128.2;
1994-09-01;;;;142.1;142.1;
1994-10-01;;;;157.4;157.4;
1994-11-01;;;;152.4;152.4;
1994-12-01;;;;157.3;157.3;
1995-01-01;;;;153;153;
1995-02-01;;;;149.7;149.7;
1995-03-01;;;;143.1;143.1;
1995-04-01;;;;140.7;140.7;
1995-05-01;;;;143.3;143.3;
1995-06-01;;;;153.5;153.5;
1995-07-01;;;;173.4;173.4;
1995-08-01;;;;168.5;168.5;
1995-09-01;;;;185.6;185.6;
1995-10-01;;;;194;194;
1995-11-01;;;;198.3;198.3;
1995-12-01;;;;205.3;205.3;
1996-01-01;;;;197;197;
1996-02-01;;;;204;204;
1996-03-01;;;;205.5;205.5;
1996-04-01;;;;247.5;247.5;
1996-05-01;;;;213.4;213.4;
1996-06-01;;;;180.6;180.6;
1996-07-01;;;;181.1;181.1;
1996-08-01;;;;175;175;
1996-09-01;;;;169.7;169.7;
1996-10-01;;;;158.4;158.4;
1996-11-01;;;;158.2;158.2;
1996-12-01;;;;158.6;158.6;
1997-01-01;;;;154;154;
1997-02-01;;;;143.6;143.6;
1997-03-01;;;;153.8;153.8;
1997-04-01;;;;158.6;158.6;
1997-05-01;;;;152.7;152.7;
1997-06-01;;;;131.6;131.6;
1997-07-01;;;;127.8;127.8;
1997-08-01;;;;140.9;140.9;
1997-09-01;;;;143.2;143.2;
1997-10-01;;;;143.7;143.7;
1997-11-01;;;;138.2;138.2;
1997-12-01;;;;135.7;135.7;
1998-01-01;;;;130.2;130.2;
1998-02-01;;;;127.3;127.3;
1998-03-01;;;;129.9;129.9;
1998-04-01;;;;118.3;118.3;
1998-05-01;;;;112.3;112.3;
1998-06-01;;;;107.2;107.2;
1998-07-01;;;;96.8;96.8;
1998-08-01;;;;92.9;92.9;
1998-09-01;;;;96.3;96.3;
1998-10-01;;;;107.6;107.6;
1998-11-01;;;;115.3;115.3;
1998-12-01;;;;104.1;104.1;
1999-01-01;;;;103.2;103.2;
1999-02-01;;;;95;95;
1999-03-01;;;;100.2;100.2;
1999-04-01;;;;99.7;99.7;
1999-05-01;;;;96.6;96.6;
1999-06-01;;;;92.9;92.9;
1999-07-01;;;;85.3;85.3;
1999-08-01;;;;92.8;92.8;
1999-09-01;;;;102.1;102.1;
1999-10-01;;;;98.7;98.7;
1999-11-01;;;;96.9;96.9;
1999-12-01;;;;92.1;92.1;
2000-01-01;;;;98.6;98.6;
2000-02-01;;;;100.1;100.1;
2000-03-01;;;;97.2;97.2;
2000-04-01;;;;95.2;95.2;
2000-05-01;;;;104.3;104.3;
2000-06-01;;;;99.3;99.3;
2000-07-01;;;;91.2;91.2;
2000-08-01;;;;90.9;90.9;
2000-09-01;;;;97.9;97.9;
2000-10-01;;;;104.3;104.3;
2000-11-01;;;;103.2;103.2;
2000-12-01;;;;105;105;
2001-01-01;;;;110.4;110.4;
2001-02-01;;;;106.7;106.7;
2001-03-01;;;;103.5;103.5;
2001-04-01;;;;101.1;101.1;
2001-05-01;;;;102.6;102.6;
2001-06-01;;;;97.4;97.4;
2001-07-01;;;;108;108;
2001-08-01;;;;105.9;105.9;
2001-09-01;;;;107.6;107.6;
2001-10-01;;;;115;115;
2001-11-01;;;;116.4;116.4;
2001-12-01;;;;118.2;118.2;
2002-01-01;;;;121.7;121.7;
2002-02-01;;;;113.4;113.4;
2002-03-01;;;;116.6;116.6;
2002-04-01;;;;113;113;
2002-05-01;;;;110.9;110.9;
2002-06-01;;;;115.4;115.4;
2002-07-01;;;;123.5;123.5;
2002-08-01;;;;130.1;130.1;
2002-09-01;;;;151.8;151.8;
2002-10-01;;;;156.8;156.8;
2002-11-01;;;;160;160;
2002-12-01;;;;146.2;146.2;
2003-01-01;;;;137.5;137.5;
2003-02-01;;;;140.8;140.8;
2003-03-01;;;;129.4;129.4;
2003-04-01;;;;125.8;125.8;
2003-05-01;;;;129.2;129.2;
2003-06-01;;;;126.3;126.3;
2003-07-01;;;;129;129;
2003-08-01;;;;144.2;144.2;
2003-09-01;;;;138.4;138.4;
2003-10-01;;;;142.8;142.8;
2003-11-01;;;;160.9;160.9;
2003-12-01;;;;158.8;158.8;
2004-01-01;;;;155.9;155.9;
2004-02-01;;;;157.5;157.5;
2004-03-01;;;;156.5;156.5;
2004-04-01;;;;157.2;157.2;
2004-05-01;;;;148.3;148.3;
2004-06-01;;;;137.2;137.2;
2004-07-01;;;;131.6;131.6;
2004-08-01;;;;129.1;129.1;
2004-09-01;;;;138.2;138.2;
2004-10-01;;;;141.4;141.4;
2004-11-01;;;;140.8;140.8;
2004-12-01;;;;139.5;139.5;
2005-01-01;;;;142.5;142.5;
2005-02-01;;;;141.6;141.6;
2005-03-01;;;;152.2;152.2;
2005-04-01;;;;132.1;132.1;
2005-05-01;;;;133.1;133.1;
2005-06-01;;;;131.1;131.1;
2005-07-01;;;;130.9;130.9;
2005-08-01;;;;131.8;131.8;
2005-09-01;;;;128.2;128.2;
2005-10-01;;;;135.3;135.3;
2005-11-01;;;;132.3;132.3;
2005-12-01;;;;137.6;137.6;
2006-01-01;;;;144.2;144.2;
2006-02-01;;;;149.2;149.2;
2006-03-01;;;;142.7;142.7;
2006-04-01;;;;140.8;140.8;
2006-05-01;;;;150.9;150.9;
2006-06-01;;;;140.1;140.1;
2006-07-01;;;;143.9;143.9;
2006-08-01;;;;148.4;148.4;
2006-09-01;;;;166.9;166.9;
2006-10-01;;;;197.8;197.8;
2006-11-01;;;;192.9;192.9;
2006-12-01;;;;189.8;189.8;
2007-01-01;;;;176;176;
2007-02-01;;;;176.5;176.5;
2007-03-01;;;;168.5;168.5;
2007-04-01;;;;175.3;175.3;
2007-05-01;;;;180.8;180.8;
2007-06-01;;;;205;205;
2007-07-01;;;;225.6;225.6;
2007-08-01;;;;253.9;253.9;
2007-09-01;;;;323;323;
2007-10-01;;;;325.5;325.5;
2007-11-01;;;;307.7;307.7;
2007-12-01;;;;345.3;345.3;
2008-01-01;;;;343.8;343.8;
2008-02-01;;;;388.7;388.7;
2008-03-01;;;;419.6;419.6;
2008-04-01;;;;323.4;323.4;
2008-05-01;;;;255.1;255.1;
2008-06-01;;;;254.7;254.7;
2008-07-01;;;;245.4;245.4;
2008-08-01;;;;255.4;255.4;
2008-09-01;;;;223.8;223.8;
2008-10-01;;;;185.9;185.9;
2008-11-01;;;;183;183;
2008-12-01;;;;179.3;179.3;
2009-01-01;;;;195.1;195.1;
2009-02-01;;;;183.4;183.4;
2009-03-01;;;;183.7;183.7;
2009-04-01;;;;182.6;182.6;
2009-05-01;;;;202.5;202.5;
2009-06-01;;;;201.7;201.7;
2009-07-01;;;;175.6;175.6;
2009-08-01;;;;161.7;161.7;
2009-09-01;;;;158.4;158.4;
2009-10-01;;;;175.6;175.6;
2009-11-01;;;;204.7;204.7;
2009-12-01;;;;206.5;206.5;
2010-01-01;;;;198.8;198.8;
2010-02-01;;;;191.8;191.8;
2010-03-01;;;;190;190;
2010-04-01;;;;187.8;187.8;
2010-05-01;;;;190.3;190.3;
2010-06-01;;;;182.6;182.6;
2010-07-01;;;;222.3;222.3;
2010-08-01;;;;261.6;261.6;
2010-09-01;;;;276.3;276.3;
2010-10-01;;;;267.5;267.5;
2010-11-01;;;;278.5;278.5;
2010-12-01;;;;308.6;308.6;
2011-01-01;;;;320.4;320.4;
2011-02-01;;;;338.8;338.8;
2011-03-01;;;;303.1;303.1;
2011-04-01;;;;314.9;314.9;
2011-05-01;;;;308.6;308.6;
2011-06-01;;;;282.2;282.2;
2011-07-01;;;;266.4;266.4;
2011-08-01;;;;277.6;277.6;
2011-09-01;;;;267.5;267.5;
2011-10-01;;;;253.5;253.5;
2011-11-01;;;;253.2;253.2;
2011-12-01;;;;244.7;244.7;
2012-01-01;;;;253.9;253.9;
2012-02-01;;;;263.1;263.1;
2012-03-01;;;;259.8;259.8;
2012-04-01;;;;254.6;254.6;
2012-05-01;;;;251.3;251.3;
2012-06-01;;;;249.5;249.5;
2012-07-01;;;;323;323;
2012-08-01;;;;333.7;333.7;
2012-09-01;;;;343.6;343.6;
2012-10-01;;;;340.2;340.2;
2012-11-01;;;;346.5;346.5;
2012-12-01;;;;325.2;325.2;
2013-01-01;;;;309;309;
2013-02-01;;;;298;298;
2013-03-01;;;;285.9;285.9;
2013-04-01;;;;278.1;278.1;
2013-05-01;;;;279.3;279.3;
2013-06-01;;;;268.2;268.2;
2013-07-01;;;;260.9;260.9;
2013-08-01;;;;252.4;252.4;
2013-09-01;;;;259.8;259.8;
2013-10-01;;;;287.7;287.7;
2013-11-01;;;;274.4;274.4;
2013-12-01;;;;267;267;
2014-01-01;;;;246.5;246.5;
2014-02-01;;;;258.7;258.7;
2014-03-01;;;;286.9;286.9;
2014-04-01;;;;277.1;277.1;
2014-05-01;;;;277.2;277.2;
2014-06-01;;;;236.6;236.6;
2014-07-01;;;;218.3;218.3;
2014-08-01;;;;220.4;220.4;
2014-09-01;;;;202.8;202.8;
2014-10-01;;;;220.1;220.1;
2014-11-01;;;;236;236;
2014-12-01;;;;261.8;261.8;
2015-01-01;;;;231.5;231.5;
2015-02-01;;;;219.8;219.8;
2015-03-01;;;;218.8;218.8;
2015-04-01;;;;209.7;209.7;
2015-05-01;;;;200.8;200.8;
2015-06-01;;;;205;205;
2015-07-01;;;;207.4;207.4;
2015-08-01;;;;187.9;187.9;
2015-09-01;;;;194;194;
2015-10-01;;;;206.3;206.3;
2015-11-01;;;;203.4;203.4;
2015-12-01;;;;192;192;
2016-01-01;;;;191.7;191.7;
2016-02-01;;;;188.4;188.4;
2016-03-01;;;;189.7;189.7;
2016-04-01;;;;192.8;192.8;
2016-05-01;;;;189.9;189.9;
2016-06-01;;;;187;187;
2016-07-01;;;;166.5;166.5;
2016-08-01;;;;159.3;159.3;
2016-09-01;;;;157.6;157.6;
2016-10-01;;;;164.4;164.4;
2016-11-01;;;;167.3;167.3;
2016-12-01;;;;161.2;161.2;
2017-01-01;;;;173.6;173.6;
2017-02-01;;;;181;181;
2017-03-01;;;;176.5;176.5;
2017-04-01;;;;172.2;172.2;
2017-05-01;;;;175;175;
2017-06-01;;;;183.4;183.4;
2017-07-01;;;;201.8;201.8;
2017-08-01;;;;172.7;172.7;
2017-09-01;;;;176.9;176.9;
2017-10-01;;;;177;177;
2017-11-01;;;;175.7;175.7;
2017-12-01;;;;172.5;172.5;
2018-01-01;;;;178.3;178.3;
2018-02-01;;;;190.6;190.6;
2018-03-01;;;;198.9;198.9;
2018-04-01;;;;198.8;198.8;
2018-05-01;;;;209.9;209.9;
2018-06-01;;;;206;206;
2018-07-01;;;;206.9;206.9;
2018-08-01;;;;217.4;217.4;
2018-09-01;;;;202;202;
2018-10-01;;;;209.1;209.1;
2018-11-01;;;;210.8;210.8;
2018-12-01;;;;217.8;217.8;
2019-01-01;;;;220.2;220.2;
2019-02-01;;;;217.2;217.2;
2019-03-01;;;;200.4;200.4;
2019-04-01;;;;197.3;197.3;
2019-05-01;;;;200.3;200.3;
2019-06-01;;;;222.4;222.4;
2019-07-01;;;;204;204;
2019-08-01;;;;197.5;197.5;
2019-09-01;;;;201.9;201.9;
2019-10-01;;;;212.8;212.8;
2019-11-01;;;;223.5;223.5;
2019-12-01;;;;237.7;237.7;
2020-01-01;;;;248;248;
2020-02-01;;;;239;239;
2020-03-01;;;;228.1;228.1;
2020-04-01;;;;221.7;221.7;
2020-05-01;;;;209.9;209.9;
2020-06-01;;;;200.5;200.5;
2020-07-01;;;;212.7;212.7;
2020-08-01;;;;208.9;208.9;
2020-09-01;;;;219.7;219.7;
2020-10-01;;;;245.2;245.2;
2020-11-01;;;;247.9;247.9;
2020-12-01;;;;251.2;251.2;
2021-01-01;;;;276.4;276.4;
2021-02-01;;;;276.6;276.6;
2021-03-01;;;;272.6;272.6;
2021-04-01;;;;281.4;281.4;
2021-05-01;;;;271;271;
2021-06-01;;;;263.5;263.5;
2021-07-01;;;;254.7;254.7;
2021-08-01;;;;276.2;276.2;
2021-09-01;;;;263.6;263.6;
2021-10-01;;;;262.2;262.2;
2021-11-01;;;;334.5;334.5;
2021-12-01;;;;327.8;327.8;
2022-01-01;;;;325.2;325.2;
2022-02-01;;;;339.3;339.3;
2022-03-01;;;;446.7;446.7;
2022-04-01;;;;427.3;427.3;
2022-05-01;;;;438.4;438.4;
2022-06-01;;;;379.9;379.9;
2022-07-01;;;;316.7;316.7;
2022-08-01;;;;311.5;311.5;
2022-09-01;;;;388.8;388.8;
2022-10-01;;;;423.3;423.3;
2022-11-01;;;;420.6;420.6;
2022-12-01;;;;415.1;415.1;
2023-01-01;;;;410;410;
2023-02-01;;;;311.9;311.9;
2023-03-01;;;;284.7;284.7;
2023-04-01;;;;277.2;277.2;
2023-05-01;;;;260.5;260.5;
2023-06-01;;;;257;257;
2023-07-01;;;;249.9;249.9;
2023-08-01;;;;230.8;230.8;
2023-09-01;;;;230.6;230.6;
2023-10-01;;;;236.6;236.6;
2023-11-01;;;;241;241;
2023-12-01;;;;255;255;
2024-01-01;;;;247.9;247.9;
2024-02-01;;;;246.2;246.2;
2024-03-01;;;;228.5;228.5;
2024-04-01;;;;227.8;227.8;
2024-05-01;;;;253.2;253.2;
2024-06-01;;;;230.6;230.6;
2024-07-01;;;;218.8;218.8;
2024-08-01;;;;205.8;205.8;
2024-09-01;;;;219.2;219.2;
2024-10-01;;;;233.3;233.3;
2024-11-01;;;;229;229;
2024-12-01;;;;230.3;230.3;
2025-01-01;;;;230.6;230.6;
2025-02-01;;;;243.5;243.5;
2025-03-01;;;;227.5;227.5;
2025-04-01;;;;219.6;219.6;
2025-05-01;;;;221.3;221.3;
2025-06-01;;;;217.3;217.3;
2025-07-01;;;;210.6;210.6;
2025-08-01;;;;200.3;200.3;
2025-09-01;;;;207;207;
2025-10-01;;;;209.3;209.3;
2025-11-01;;;;225.2;225.2;
2025-12-01;;;;223.2;223.2;
2026-01-01;;;;217.7;217.7;
2026-02-01;;;;232.4;232.4;
2026-03-01;;;;247.4;247.4;
2026-04-01;;;;246.5;246.5;
2026-05-01;;;;259.5;259.5;
2026-06-01;;;;237.5;237.5;
2026-07-01;;;;258.1;258.1;
2026-08-01;;;;263.2;263.2;
