date,bruto_bp,rt
2021-02-09,-20.7477,0.83
2021-02-10,-35.7857,0.83
2021-02-11,-31.0527,0.83
2021-02-12,-29.6358,0.83
2021-02-15,4.7309,0.83
2021-02-16,-40.3092,0.83
2021-02-17,40.8561,0.83
2021-02-18,-47.4986,0.83
2021-02-19,-9.2526,0.83
2021-02-22,44.3417,0.83
2021-02-23,-24.3232,0.83
2021-02-24,81.0327,0.83
2021-02-25,45.982,0.83
2021-02-26,-48.6916,0.83
2021-03-01,-20.9917,0.83
2021-03-02,-47.2054,0.83
2021-03-03,46.3536,0.83
2021-03-04,-42.3219,0.83
2021-03-05,-53.0152,0.83
2021-03-08,-64.2829,0.83
2021-03-09,10.8637,0.83
2021-03-10,10.7349,0.83
2021-03-11,37.5108,0.83
2021-03-12,-4.3353,0.83
2021-03-15,-34.1005,0.83
2021-03-16,-31.5041,0.83
2021-03-17,-17.4473,0.83
2021-03-18,-31.2143,0.83
2021-03-19,-1.614,0.83
2021-03-23,54.1041,0.83
2021-03-24,-13.9973,0.83
2021-03-25,-3.8048,0.83
2021-03-26,7.6253,0.83
2021-03-29,84.7035,0.83
2021-03-30,-20.3105,0.83
2021-03-31,-29.3307,0.83
2021-04-01,50.0314,0.83
2021-04-05,-28.3306,0.83
2021-04-06,34.0694,0.83
2021-04-07,-40.9318,0.83
2021-04-08,28.3108,0.83
2021-04-09,-17.4754,0.83
2021-04-12,34.5627,0.83
2021-04-13,60.7362,0.83
2021-04-14,-23.7708,0.83
2021-04-15,83.4701,0.83
2021-04-16,-11.2333,0.83
2021-04-19,19.2549,0.83
2021-04-20,-49.1253,0.83
2021-04-21,41.3431,0.83
2021-04-22,-18.6802,0.83
2021-04-23,-38.7225,0.83
2021-04-26,-36.4508,0.83
2021-04-27,-29.3048,0.83
2021-04-28,13.7325,0.83
2021-04-29,-31.1642,0.83
2021-05-03,71.0782,0.83
2021-05-04,32.4575,0.83
2021-05-05,-38.2889,0.83
2021-05-06,95.2837,0.83
2021-05-07,-15.2875,0.83
2021-05-10,-18.9425,0.83
2021-05-11,23.7009,0.83
2021-05-12,-44.8703,0.83
2021-05-13,26.1424,0.83
2021-05-14,0.3265,0.83
2021-05-17,-26.648,0.83
2021-05-18,-32.597,0.83
2021-05-19,118.3464,0.83
2021-05-20,21.9354,0.83
2021-05-21,-14.7314,0.83
2021-05-24,-17.6866,0.83
2021-05-25,25.9316,0.83
2021-05-26,-23.8322,0.83
2021-05-27,-33.0042,0.83
2021-05-28,-26.0393,0.83
2021-05-31,-3.7261,0.83
2021-06-01,-27.3341,0.83
2021-06-02,7.7805,0.83
2021-06-03,98.9706,0.83
2021-06-04,109.7013,0.83
2021-06-07,4.9217,0.83
2021-06-08,-54.377,0.83
2021-06-09,-25.1418,0.83
2021-06-10,-35.7423,0.83
2021-06-11,29.9436,0.83
2021-06-14,-42.9641,0.83
2021-06-15,-17.8969,0.83
2021-06-17,-22.7317,0.83
2021-06-18,60.4888,0.83
2021-06-21,8.3651,0.83
2021-06-22,3.7114,0.83
2021-06-23,-27.3819,0.83
2021-06-24,-41.9526,0.83
2021-06-25,11.0323,0.83
2021-06-28,0.6178,0.83
2021-06-29,-55.4262,0.83
2021-06-30,-31.0863,0.83
2021-07-01,-32.6952,0.83
2021-07-02,-46.8996,0.83
2021-07-06,-42.285,0.83
2021-07-07,36.0605,0.83
2021-07-12,-25.9577,0.83
2021-07-13,-26.8216,0.83
2021-07-14,7.4712,0.83
2021-07-16,-49.8191,0.83
2021-07-19,-51.744,0.83
2021-07-20,-23.198,0.83
2021-07-21,-26.4108,0.83
2021-07-22,-20.7317,0.83
2021-07-23,-22.3557,0.83
2021-07-26,29.5129,0.83
2021-07-27,-29.3828,0.83
2021-07-28,-15.2073,0.83
2021-07-30,26.2822,0.83
2021-08-02,-22.3501,0.83
2021-08-03,-16.2002,0.83
2021-08-04,-35.941,0.83
2021-08-05,47.4104,0.83
2021-08-06,-32.7681,0.83
2021-08-09,4.5428,0.83
2021-08-10,-30.9319,0.83
2021-08-11,16.2659,0.83
2021-08-12,11.5586,0.83
2021-08-13,-25.495,0.83
2021-08-16,51.8499,0.83
2021-08-17,35.9568,0.83
2021-08-18,-36.5469,0.83
2021-08-19,-18.5257,0.83
2021-08-23,41.0396,0.83
2021-08-24,-20.1496,0.83
2021-08-25,-32.3488,0.83
2021-08-26,-44.3809,0.83
2021-08-27,-27.2061,0.83
2021-08-30,23.5315,0.83
2021-08-31,-8.8913,0.83
2021-09-01,-25.3869,0.83
2021-09-02,27.9183,0.83
2021-09-03,73.9611,0.83
2021-09-06,3.6212,0.83
2021-09-07,-21.2449,0.83
2021-09-08,-21.2196,0.83
2021-09-09,35.6842,0.83
2021-09-10,-28.2524,0.83
2021-09-13,-19.2065,0.83
2021-09-14,38.7898,0.83
2021-09-15,-15.3018,0.83
2021-09-16,98.8148,0.83
2021-09-17,46.2963,0.83
2021-09-20,18.6271,0.83
2021-09-21,44.5048,0.83
2021-09-22,-26.5848,0.83
2021-09-23,98.3488,0.83
2021-09-24,-2.7463,0.83
2021-09-27,6.2238,0.83
2021-09-28,-62.7273,0.83
2021-09-29,72.32,0.83
2021-09-30,139.601,0.83
2021-10-01,-33.7112,0.83
2021-10-04,40.409,0.83
2021-10-05,-28.8283,0.83
2021-10-06,18.6662,0.83
2021-10-07,-13.2499,0.83
2021-10-08,-35.4234,0.83
2021-10-11,-21.5728,0.83
2021-10-12,-39.5918,0.83
2021-10-13,-45.6747,0.83
2021-10-14,-21.1261,0.83
2021-10-15,13.6323,0.83
2021-10-18,29.0533,0.83
2021-10-19,-30.9304,0.83
2021-10-20,-31.2279,0.83
2021-10-22,69.8297,0.83
2021-10-25,26.8007,0.83
2021-10-26,-18.0665,0.83
2021-10-27,-50.2473,0.83
2021-10-28,-49.5831,0.83
2021-10-29,81.2232,0.83
2021-11-01,30.898,0.83
2021-11-03,108.0185,0.83
2021-11-04,82.6915,0.83
2021-11-05,-41.3249,0.83
2021-11-08,7.4675,0.83
2021-11-09,-38.3098,0.83
2021-11-10,-22.6612,0.83
2021-11-11,-25.136,0.83
2021-11-12,39.2411,0.83
2021-11-15,-22.4689,0.83
2021-11-16,-39.27,0.83
2021-11-17,-2.84,0.83
2021-11-18,-37.6407,0.83
2021-11-19,-36.4336,0.83
2021-11-22,122.525,0.83
2021-11-23,18.939,0.83
2021-11-24,0.5608,0.83
2021-11-26,36.1639,0.83
2021-11-29,14.2558,0.83
2021-11-30,28.0481,0.83
2021-12-01,-26.3462,0.83
2021-12-02,28.5024,0.83
2021-12-03,-29.7829,0.83
2021-12-07,-21.0851,0.83
2021-12-08,0.7293,0.83
2021-12-09,-27.3948,0.83
2021-12-10,47.388,0.83
2021-12-13,-7.3361,0.83
2021-12-14,43.85,0.83
2021-12-15,-22.8864,0.83
2021-12-16,41.2528,0.83
2021-12-17,-36.8531,0.83
2021-12-20,-25.0078,0.83
2021-12-21,-17.3975,0.83
2021-12-22,-10.3648,0.83
2021-12-23,-21.4691,0.83
2021-12-27,-21.456,0.83
2021-12-28,-13.878,0.83
2021-12-29,-26.1605,0.83
2021-12-30,-21.2122,0.83
2022-01-03,95.0596,0.83
2022-01-04,42.6627,0.83
2022-01-05,-21.5208,0.83
2022-01-06,-5.8092,0.83
2022-01-07,-27.6163,0.83
2022-01-10,-22.8322,0.83
2022-01-11,-21.5133,0.83
2022-01-12,14.1232,0.83
2022-01-13,17.1389,0.83
2022-01-14,-26.7482,0.83
2022-01-18,-46.2433,0.83
2022-01-19,92.3123,0.83
2022-01-20,21.9315,0.83
2022-01-21,-20.0086,0.83
2022-01-24,-27.1525,0.83
2022-01-25,22.5949,0.83
2022-01-26,-25.5494,0.83
2022-01-27,48.2239,0.83
2022-01-28,-44.3898,0.83
2022-01-31,3.2857,0.83
2022-02-01,-2.8282,0.83
2022-02-02,-18.4478,0.83
2022-02-03,-15.9746,0.83
2022-02-04,-21.1185,0.83
2022-02-07,2.6447,0.83
2022-02-08,40.773,0.83
2022-02-09,-29.1091,0.83
2022-02-10,-18.631,0.83
2022-02-11,-35.4846,0.83
2022-02-14,44.1476,0.83
2022-02-16,15.7154,0.83
2022-02-17,26.5335,0.83
2022-02-18,2.6908,0.83
2022-02-22,-14.101,0.83
2022-02-23,47.9581,0.83
2022-02-24,109.0152,0.83
2022-02-25,22.3729,0.83
2022-02-28,-9.9724,0.83
2022-03-02,-48.2752,0.83
2022-03-03,0.9334,0.83
2022-03-04,-39.7994,0.83
2022-03-07,12.2144,0.83
2022-03-08,207.6816,0.83
2022-03-09,37.2596,0.83
2022-03-10,10.1181,0.83
2022-03-11,-85.1776,0.83
2022-03-14,-64.9608,0.83
2022-03-15,64.3032,0.83
2022-03-16,42.0957,0.83
2022-03-17,-51.9932,0.83
2022-03-18,-59.4668,0.83
2022-03-21,-40.0806,0.83
2022-03-22,-28.544,0.83
2022-03-23,-48.6075,0.83
2022-03-24,39.4946,0.83
2022-03-25,-23.2135,0.83
2022-03-28,-3.56,0.83
2022-03-29,-66.5561,0.83
2022-03-30,44.467,0.83
2022-03-31,46.9457,0.83
2022-04-01,17.7753,0.83
2022-04-04,-33.9515,0.83
2022-04-05,-29.4035,0.83
2022-04-06,-27.9179,0.83
2022-04-07,4.6042,0.83
2022-04-08,-24.3943,0.83
2022-04-11,-52.5654,0.83
2022-04-12,50.4465,0.83
2022-04-13,-29.5411,0.83
2022-04-14,-60.5788,0.83
2022-04-18,-23.0691,0.83
2022-04-19,-31.7512,0.83
2022-04-20,-14.2667,0.83
2022-04-21,-11.3518,0.83
2022-04-22,-71.231,0.83
2022-04-25,51.4665,0.83
2022-04-26,-43.5487,0.83
2022-04-27,-38.2366,0.83
2022-04-28,-28.217,0.83
2022-04-29,18.6173,0.83
2022-05-02,50.7498,0.83
2022-05-03,53.4209,0.83
2022-05-04,5.7387,0.83
2022-05-05,-31.559,0.83
2022-05-06,-35.1186,0.83
2022-05-09,-37.9271,0.83
2022-05-10,-8.1904,0.83
2022-05-11,-29.4792,0.83
2022-05-12,-1.0874,0.83
2022-05-13,-30.5635,0.83
2022-05-16,38.2928,0.83
2022-05-17,15.1105,0.83
2022-05-19,41.708,0.83
2022-05-20,19.2852,0.83
2022-05-23,24.3854,0.83
2022-05-24,20.1064,0.83
2022-05-25,2.596,0.83
2022-05-26,12.9836,0.83
2022-05-27,-22.8302,0.83
2022-05-30,-16.1309,0.83
2022-05-31,-39.7417,0.83
2022-06-01,-23.4547,0.83
2022-06-02,-18.4149,0.83
2022-06-03,-21.4844,0.83
2022-06-06,-21.8761,0.83
2022-06-07,-35.1132,0.83
2022-06-08,-26.0812,0.83
2022-06-09,-37.1591,0.83
2022-06-10,-56.9468,0.83
2022-06-13,120.7165,0.83
2022-06-14,13.9872,0.83
2022-06-15,-68.4603,0.83
2022-06-16,-13.0464,0.83
2022-06-17,-30.9151,0.83
2022-06-20,-32.2961,0.83
2022-06-21,12.1256,0.83
2022-06-22,-0.3798,0.83
2022-06-23,54.5688,0.83
2022-06-24,-30.7339,0.83
2022-06-27,36.718,0.83
2022-06-28,-8.9545,0.83
2022-06-29,-81.0309,0.83
2022-06-30,-49.7723,0.83
2022-07-01,-61.6264,0.83
2022-07-04,9.2365,0.83
2022-07-05,129.5722,0.83
2022-07-06,-26.6892,0.83
2022-07-07,-27.0967,0.83
2022-07-08,-46.3823,0.83
2022-07-11,-7.6521,0.83
2022-07-12,18.4836,0.83
2022-07-13,-73.0816,0.83
2022-07-14,33.055,0.83
2022-07-15,-39.5617,0.83
2022-07-18,-13.6027,0.83
2022-07-19,2.4541,0.83
2022-07-21,122.5197,0.83
2022-07-22,-30.9312,0.83
2022-07-25,45.7913,0.83
2022-07-26,-40.4324,0.83
2022-07-27,32.5797,0.83
2022-07-28,-33.8526,0.83
2022-07-29,1.8768,0.83
2022-08-01,-25.7585,0.83
2022-08-02,-16.2458,0.83
2022-08-03,-45.8638,0.83
2022-08-04,-48.4646,0.83
2022-08-05,-26.2222,0.83
2022-08-08,17.7674,0.83
2022-08-09,-32.0294,0.83
2022-08-10,-12.2643,0.83
2022-08-11,-17.1469,0.83
2022-08-12,14.5702,0.83
2022-08-15,-29.7896,0.83
2022-08-16,-23.2852,0.83
2022-08-17,-7.8138,0.83
2022-08-18,18.1045,0.83
2022-08-19,-24.1158,0.83
2022-08-22,-41.7856,0.83
2022-08-23,-33.9171,0.83
2022-08-25,21.9144,0.83
2022-08-26,-41.0082,0.83
2022-08-29,51.5821,0.83
2022-08-30,40.9118,0.83
2022-08-31,29.1836,0.83
2022-09-01,10.911,0.83
2022-09-02,-29.4808,0.83
2022-09-05,-1.4019,0.83
2022-09-06,11.002,0.83
2022-09-07,-40.9978,0.83
2022-09-08,74.6973,0.83
2022-09-09,32.8016,0.83
2022-09-12,-29.7344,0.83
2022-09-13,46.0647,0.83
2022-09-14,-14.1234,0.83
2022-09-15,-47.5274,0.83
2022-09-16,-60.1392,0.83
2022-09-19,7.6211,0.83
2022-09-20,18.8531,0.83
2022-09-21,27.0834,0.83
2022-09-22,4.0028,0.83
2022-09-26,9.3077,0.83
2022-09-28,113.4755,0.83
2022-09-29,-38.1273,0.83
2022-10-03,120.5447,0.83
2022-10-04,26.0403,0.83
2022-10-05,-60.3464,0.83
2022-10-06,-35.2375,0.83
2022-10-07,21.513,0.83
2022-10-10,-10.465,0.83
2022-10-11,-16.0358,0.83
2022-10-12,-24.1673,0.83
2022-10-13,67.1683,0.83
2022-10-14,-63.9708,0.83
2022-10-17,-11.3569,0.83
2022-10-18,-28.0991,0.83
2022-10-19,-23.9622,0.83
2022-10-20,-40.7323,0.83
2022-10-21,-37.4855,0.83
2022-10-24,-40.7747,0.83
2022-10-25,58.2628,0.83
2022-10-26,2.3412,0.83
2022-10-27,-35.7149,0.83
2022-10-28,23.5787,0.83
2022-10-31,-21.2085,0.83
2022-11-01,-35.9347,0.83
2022-11-02,-20.7508,0.83
2022-11-04,102.5307,0.83
2022-11-07,-23.235,0.83
2022-11-08,199.6442,0.83
2022-11-09,-24.3278,0.83
2022-11-10,242.9311,0.83
2022-11-11,9.3045,0.83
2022-11-14,47.3186,0.83
2022-11-15,-66.6383,0.83
2022-11-16,11.4128,0.83
2022-11-17,0.3978,0.83
2022-11-18,-1.9369,0.83
2022-11-21,-17.2776,0.83
2022-11-22,14.7226,0.83
2022-11-23,-24.2574,0.83
2022-11-24,-14.2995,0.83
2022-11-25,-5.2012,0.83
2022-11-28,37.9751,0.83
2022-11-29,-26.6428,0.83
2022-11-30,-31.182,0.83
2022-12-01,63.5034,0.83
2022-12-02,12.0317,0.83
2022-12-05,102.6059,0.83
2022-12-07,26.4071,0.83
2022-12-08,37.9309,0.83
2022-12-09,-48.879,0.83
2022-12-12,4.0837,0.83
2022-12-13,142.8907,0.83
2022-12-14,6.0233,0.83
2022-12-15,-31.4869,0.83
2022-12-16,12.0971,0.83
2022-12-19,2.0084,0.83
2022-12-20,32.124,0.83
2022-12-21,22.293,0.83
2022-12-22,-26.2853,0.83
2022-12-23,-21.6621,0.83
2022-12-27,-21.9631,0.83
2022-12-28,-21.8661,0.83
2022-12-29,34.3405,0.83
2022-12-30,-28.9333,0.83
2023-01-03,-32.3936,0.83
2023-01-05,91.5814,0.83
2023-01-06,67.8111,0.83
2023-01-09,-6.928,0.83
2023-01-10,-3.3031,0.83
2023-01-11,14.2939,0.83
2023-01-12,-51.8507,0.83
2023-01-13,27.2661,0.83
2023-01-16,-5.9563,0.83
2023-01-17,-28.7073,0.83
2023-01-18,-5.8889,0.83
2023-01-19,57.798,0.83
2023-01-20,-13.9666,0.83
2023-01-23,-2.6045,0.83
2023-01-24,20.0602,0.83
2023-01-25,-24.4454,0.83
2023-01-26,-23.327,0.83
2023-01-27,-26.0244,0.83
2023-01-31,60.1809,0.83
2023-02-01,-29.975,0.83
2023-02-02,133.9556,0.83
2023-02-03,104.9746,0.83
2023-02-06,-31.2158,0.83
2023-02-08,40.1959,0.83
2023-02-09,-28.2919,0.83
2023-02-10,-30.4323,0.83
2023-02-13,2.0994,0.83
2023-02-14,-43.1852,0.83
2023-02-15,-22.6417,0.83
2023-02-16,3.0518,0.83
2023-02-20,-17.9841,0.83
2023-02-21,24.4069,0.83
2023-02-23,-26.7042,0.83
2023-02-24,-0.3862,0.83
2023-02-27,15.9832,0.83
2023-02-28,-18.0909,0.83
2023-03-01,-34.2904,0.83
2023-03-03,9.2737,0.83
2023-03-06,-2.3204,0.83
2023-03-07,79.7881,0.83
2023-03-08,-19.359,0.83
2023-03-09,-20.5328,0.83
2023-03-10,142.5691,0.83
2023-03-13,79.8076,0.83
2023-03-14,-29.4261,0.83
2023-03-15,9.6731,0.83
2023-03-16,11.1537,0.83
2023-03-17,98.203,0.83
2023-03-20,10.3863,0.83
2023-03-21,61.2091,0.83
2023-03-22,-31.2484,0.83
2023-03-23,-28.6581,0.83
2023-03-24,-51.0273,0.83
2023-03-27,-48.9347,0.83
2023-03-28,36.2485,0.83
2023-03-29,-27.6138,0.83
2023-03-30,-33.0886,0.83
2023-03-31,-25.4947,0.83
2023-04-03,50.0677,0.83
2023-04-04,170.0891,0.83
2023-04-05,-33.5253,0.83
2023-04-06,35.0691,0.83
2023-04-10,61.3623,0.83
2023-04-11,-26.2689,0.83
2023-04-12,-21.8222,0.83
2023-04-13,67.4733,0.83
2023-04-14,106.7458,0.83
2023-04-17,58.076,0.83
2023-04-18,-29.0629,0.83
2023-04-19,88.5654,0.83
2023-04-20,-27.9096,0.83
2023-04-21,-44.7689,0.83
2023-04-24,6.9611,0.83
2023-04-25,-39.5275,0.83
2023-04-26,-21.9296,0.83
2023-04-27,58.3515,0.83
2023-04-28,-14.38,0.83
2023-05-01,-30.5432,0.83
2023-05-03,-23.7001,0.83
2023-05-04,-44.5523,0.83
2023-05-05,121.9368,0.83
2023-05-08,-21.3249,0.83
2023-05-09,-1.2823,0.83
2023-05-10,-19.921,0.83
2023-05-11,24.2425,0.83
2023-05-12,10.9553,0.83
2023-05-15,-24.7527,0.83
2023-05-16,-27.336,0.83
2023-05-17,-5.244,0.83
2023-05-18,82.5341,0.83
2023-05-19,5.9646,0.83
2023-05-23,40.185,0.83
2023-05-24,-43.9282,0.83
2023-05-25,56.7497,0.83
2023-05-26,7.3998,0.83
2023-05-29,2.1059,0.83
2023-05-30,-43.8071,0.83
2023-05-31,39.7789,0.83
2023-06-01,-45.7276,0.83
2023-06-02,71.4441,0.83
2023-06-05,54.3202,0.83
2023-06-06,-19.8388,0.83
2023-06-07,-28.6629,0.83
2023-06-08,102.4917,0.83
2023-06-09,-31.3548,0.83
2023-06-12,56.0374,0.83
2023-06-13,-33.0146,0.83
2023-06-14,28.7925,0.83
2023-06-15,-49.6069,0.83
2023-06-16,-17.7469,0.83
2023-06-19,4.2009,0.83
2023-06-20,-18.9387,0.83
2023-06-21,-10.16,0.83
2023-06-22,-23.9981,0.83
2023-06-23,28.0516,0.83
2023-06-26,23.7995,0.83
2023-06-27,-26.8081,0.83
2023-06-28,-23.4008,0.83
2023-06-29,-34.0125,0.83
2023-06-30,50.0273,0.83
2023-07-03,65.9709,0.83
2023-07-04,-5.6035,0.83
2023-07-05,-18.189,0.83
2023-07-06,61.924,0.83
2023-07-07,-20.3195,0.83
2023-07-10,-6.2442,0.83
2023-07-11,-1.6024,0.83
2023-07-12,50.1016,0.83
2023-07-13,-25.8743,0.83
2023-07-14,-27.493,0.83
2023-07-17,13.4557,0.83
2023-07-19,-37.0322,0.83
2023-07-20,42.6072,0.83
2023-07-21,-24.7073,0.83
2023-07-24,21.6422,0.83
2023-07-26,19.4027,0.83
2023-07-27,141.0977,0.83
2023-07-31,27.9321,0.83
2023-08-01,40.379,0.83
2023-08-02,60.2437,0.83
2023-08-03,-24.7856,0.83
2023-08-04,-14.1891,0.83
2023-08-07,-17.0399,0.83
2023-08-08,-6.3302,0.83
2023-08-09,-18.7729,0.83
2023-08-10,-15.8612,0.83
2023-08-11,-11.0983,0.83
2023-08-15,-18.6713,0.83
2023-08-16,-13.7816,0.83
2023-08-17,-26.681,0.83
2023-08-18,-24.5916,0.83
2023-08-21,-39.3302,0.83
2023-08-22,47.4607,0.83
2023-08-23,52.294,0.83
2023-08-24,-12.7875,0.83
2023-08-25,-17.5082,0.83
2023-08-29,-41.7456,0.83
2023-08-30,35.2082,0.83
2023-08-31,-17.2558,0.83
2023-09-01,-12.8985,0.83
2023-09-04,4.1767,0.83
2023-09-05,-14.4587,0.83
2023-09-06,-14.1823,0.83
2023-09-07,-16.3843,0.83
2023-09-08,-17.636,0.83
2023-09-12,-18.0036,0.83
2023-09-13,-11.8276,0.83
2023-09-14,-21.9718,0.83
2023-09-15,-19.4132,0.83
2023-09-19,-12.7011,0.83
2023-09-21,-18.3904,0.83
2023-09-22,-0.5189,0.83
2023-09-25,-15.324,0.83
2023-09-26,15.6002,0.83
2023-09-27,35.252,0.83
2023-09-28,-13.5857,0.83
2023-09-29,-33.8343,0.83
2023-10-02,-32.5767,0.83
2023-10-03,-20.4668,0.83
2023-10-04,-37.748,0.83
2023-10-05,10.7156,0.83
2023-10-06,-25.1588,0.83
2023-10-09,-18.8868,0.83
2023-10-10,-21.0839,0.83
2023-10-11,-7.7556,0.83
2023-10-12,37.8391,0.83
2023-10-13,57.7501,0.83
2023-10-16,-46.6362,0.83
2023-10-17,-26.2037,0.83
2023-10-18,14.0636,0.83
2023-10-19,-0.0512,0.83
2023-10-20,-50.4079,0.83
2023-10-23,-24.8963,0.83
2023-10-25,-1.9732,0.83
2023-10-26,30.0232,0.83
2023-10-27,-22.7919,0.83
2023-10-30,-8.5014,0.83
2023-10-31,-22.5392,0.83
2023-11-01,-23.5563,0.83
2023-11-02,-25.0159,0.83
2023-11-03,-15.9287,0.83
2023-11-06,-25.5941,0.83
2023-11-07,-15.2551,0.83
2023-11-08,-21.9219,0.83
2023-11-09,47.4009,0.83
2023-11-10,4.8915,0.83
2023-11-13,-3.0498,0.83
2023-11-14,53.8579,0.83
2023-11-15,34.0461,0.83
2023-11-16,70.4425,0.83
2023-11-17,9.5209,0.83
2023-11-20,-27.615,0.83
2023-11-21,75.9749,0.83
2023-11-22,37.1543,0.83
2023-11-24,-13.7385,0.83
2023-11-27,-20.4895,0.83
2023-11-29,-26.6799,0.83
2023-11-30,-16.7209,0.83
2023-12-04,188.6866,0.83
2023-12-05,-30.1339,0.83
2023-12-06,-5.3666,0.83
2023-12-07,-24.7721,0.83
2023-12-08,20.319,0.83
2023-12-11,49.743,0.83
2023-12-12,-16.1877,0.83
2023-12-13,-16.108,0.83
2023-12-14,-30.5959,0.83
2023-12-15,-0.0,0.83
2023-12-18,-4.8408,0.83
2023-12-19,64.4532,0.83
2023-12-20,-24.762,0.83
2023-12-21,3.9211,0.83
2023-12-22,-17.2246,0.83
2023-12-26,20.1876,0.83
2023-12-27,34.9199,0.83
2023-12-28,-6.4939,0.83
2023-12-29,-1.4051,0.83
