family,symbols,lookback_hold,train_years,mean_bp,day_t,n_days,mean_bp_alldays,day_t_alldays,n_alldays,ftmo_symbol,rt_bp,swap_bp_n,drag_bp,gate_3rt,net_after_drag,cost_flag,promote_to_lane_b,notes,pair,z_win,thr,mode,hold,target
DEFENSIVE_CYCLICAL,XLP/XLY->SPY,z40/thr0.5/defensive_high|hold=1d,19.91,0.608,0.312,3989,0.484,0.312,5012,US500cash,0.78,,,,,N/A_NO_BRUTO,no,NEW_FAMILY; XLP/XLY or XLU/XLI defensive-vs-cyclical relative->equity; != SECTOR_DISP XL*disp; short_hist=no; <=2024; nonoverlap_hold,XLP/XLY,40,0.5,defensive_high,1,SPY
DEFENSIVE_CYCLICAL,XLP/XLY->SPY,z40/thr0.5/fade_extreme|hold=1d,19.91,-0.608,-0.312,3989,-0.484,-0.312,5012,US500cash,0.78,,,,,N/A_NO_BRUTO,no,NEW_FAMILY; XLP/XLY or XLU/XLI defensive-vs-cyclical relative->equity; != SECTOR_DISP XL*disp; short_hist=no; <=2024; nonoverlap_hold,XLP/XLY,40,0.5,fade_extreme,1,SPY
DEFENSIVE_CYCLICAL,XLP/XLY->SPY,z40/thr0.5/risk_on|hold=1d,19.91,1.097,0.644,4997,1.094,0.644,5012,US500cash,0.78,,,,,N/A_NO_BRUTO,no,NEW_FAMILY; XLP/XLY or XLU/XLI defensive-vs-cyclical relative->equity; != SECTOR_DISP XL*disp; short_hist=no; <=2024; nonoverlap_hold,XLP/XLY,40,0.5,risk_on,1,SPY
DEFENSIVE_CYCLICAL,XLP/XLY->NDX,z40/thr0.5/defensive_high|hold=1d,19.91,-0.516,-0.23,3999,-0.412,-0.23,5012,US100cash,0.66,,,,,N/A_NO_BRUTO,no,NEW_FAMILY; XLP/XLY or XLU/XLI defensive-vs-cyclical relative->equity; != SECTOR_DISP XL*disp; short_hist=no; <=2024; nonoverlap_hold,XLP/XLY,40,0.5,defensive_high,1,NDX
DEFENSIVE_CYCLICAL,XLP/XLY->NDX,z40/thr0.5/fade_extreme|hold=1d,19.91,0.516,0.23,3999,0.412,0.23,5012,US100cash,0.66,,,,,N/A_NO_BRUTO,no,NEW_FAMILY; XLP/XLY or XLU/XLI defensive-vs-cyclical relative->equity; != SECTOR_DISP XL*disp; short_hist=no; <=2024; nonoverlap_hold,XLP/XLY,40,0.5,fade_extreme,1,NDX
DEFENSIVE_CYCLICAL,XLP/XLY->NDX,z40/thr0.5/risk_on|hold=1d,19.91,1.383,0.705,5011,1.382,0.705,5012,US100cash,0.66,,,,,N/A_NO_BRUTO,no,NEW_FAMILY; XLP/XLY or XLU/XLI defensive-vs-cyclical relative->equity; != SECTOR_DISP XL*disp; short_hist=no; <=2024; nonoverlap_hold,XLP/XLY,40,0.5,risk_on,1,NDX
DEFENSIVE_CYCLICAL,XLP/XLY->SPY,z40/thr0.5/defensive_high|hold=3d,19.9,1.024,0.207,1458,0.298,0.207,5010,US500cash,0.78,,,,,N/A_NO_BRUTO,no,NEW_FAMILY; XLP/XLY or XLU/XLI defensive-vs-cyclical relative->equity; != SECTOR_DISP XL*disp; short_hist=no; <=2024; nonoverlap_hold,XLP/XLY,40,0.5,defensive_high,3,SPY
DEFENSIVE_CYCLICAL,XLP/XLY->SPY,z40/thr0.5/fade_extreme|hold=3d,19.9,-1.024,-0.207,1458,-0.298,-0.207,5010,US500cash,0.78,,,,,N/A_NO_BRUTO,no,NEW_FAMILY; XLP/XLY or XLU/XLI defensive-vs-cyclical relative->equity; != SECTOR_DISP XL*disp; short_hist=no; <=2024; nonoverlap_hold,XLP/XLY,40,0.5,fade_extreme,3,SPY
DEFENSIVE_CYCLICAL,XLP/XLY->SPY,z40/thr0.5/risk_on|hold=3d,19.9,1.703,0.357,1669,0.567,0.357,5010,US500cash,0.78,,,,,N/A_NO_BRUTO,no,NEW_FAMILY; XLP/XLY or XLU/XLI defensive-vs-cyclical relative->equity; != SECTOR_DISP XL*disp; short_hist=no; <=2024; nonoverlap_hold,XLP/XLY,40,0.5,risk_on,3,SPY
DEFENSIVE_CYCLICAL,XLP/XLY->NDX,z40/thr0.5/defensive_high|hold=3d,19.9,-1.01,-0.172,1462,-0.295,-0.172,5010,US100cash,0.66,,,,,N/A_NO_BRUTO,no,NEW_FAMILY; XLP/XLY or XLU/XLI defensive-vs-cyclical relative->equity; != SECTOR_DISP XL*disp; short_hist=no; <=2024; nonoverlap_hold,XLP/XLY,40,0.5,defensive_high,3,NDX
DEFENSIVE_CYCLICAL,XLP/XLY->NDX,z40/thr0.5/fade_extreme|hold=3d,19.9,1.01,0.172,1462,0.295,0.172,5010,US100cash,0.66,,,,,N/A_NO_BRUTO,no,NEW_FAMILY; XLP/XLY or XLU/XLI defensive-vs-cyclical relative->equity; != SECTOR_DISP XL*disp; short_hist=no; <=2024; nonoverlap_hold,XLP/XLY,40,0.5,fade_extreme,3,NDX
DEFENSIVE_CYCLICAL,XLP/XLY->NDX,z40/thr0.5/risk_on|hold=3d,19.9,2.356,0.43,1670,0.785,0.43,5010,US100cash,0.66,,,,,N/A_NO_BRUTO,no,NEW_FAMILY; XLP/XLY or XLU/XLI defensive-vs-cyclical relative->equity; != SECTOR_DISP XL*disp; short_hist=no; <=2024; nonoverlap_hold,XLP/XLY,40,0.5,risk_on,3,NDX
DEFENSIVE_CYCLICAL,XLP/XLY->SPY,z40/thr0.5/defensive_high|hold=5d,19.89,1.741,0.216,915,0.318,0.216,5008,US500cash,0.78,,,,,N/A_NO_BRUTO,no,NEW_FAMILY; XLP/XLY or XLU/XLI defensive-vs-cyclical relative->equity; != SECTOR_DISP XL*disp; short_hist=no; <=2024; nonoverlap_hold,XLP/XLY,40,0.5,defensive_high,5,SPY
DEFENSIVE_CYCLICAL,XLP/XLY->SPY,z40/thr0.5/fade_extreme|hold=5d,19.89,-1.741,-0.216,915,-0.318,-0.216,5008,US500cash,0.78,,,,,N/A_NO_BRUTO,no,NEW_FAMILY; XLP/XLY or XLU/XLI defensive-vs-cyclical relative->equity; != SECTOR_DISP XL*disp; short_hist=no; <=2024; nonoverlap_hold,XLP/XLY,40,0.5,fade_extreme,5,SPY
DEFENSIVE_CYCLICAL,XLP/XLY->SPY,z40/thr0.5/risk_on|hold=5d,19.89,1.137,0.147,1000,0.227,0.147,5008,US500cash,0.78,,,,,N/A_NO_BRUTO,no,NEW_FAMILY; XLP/XLY or XLU/XLI defensive-vs-cyclical relative->equity; != SECTOR_DISP XL*disp; short_hist=no; <=2024; nonoverlap_hold,XLP/XLY,40,0.5,risk_on,5,SPY
DEFENSIVE_CYCLICAL,XLP/XLY->NDX,z40/thr0.5/defensive_high|hold=5d,19.89,-1.875,-0.201,916,-0.343,-0.201,5008,US100cash,0.66,,,,,N/A_NO_BRUTO,no,NEW_FAMILY; XLP/XLY or XLU/XLI defensive-vs-cyclical relative->equity; != SECTOR_DISP XL*disp; short_hist=no; <=2024; nonoverlap_hold,XLP/XLY,40,0.5,defensive_high,5,NDX
DEFENSIVE_CYCLICAL,XLP/XLY->NDX,z40/thr0.5/fade_extreme|hold=5d,19.89,1.875,0.201,916,0.343,0.201,5008,US100cash,0.66,,,,,N/A_NO_BRUTO,no,NEW_FAMILY; XLP/XLY or XLU/XLI defensive-vs-cyclical relative->equity; != SECTOR_DISP XL*disp; short_hist=no; <=2024; nonoverlap_hold,XLP/XLY,40,0.5,fade_extreme,5,NDX
DEFENSIVE_CYCLICAL,XLP/XLY->NDX,z40/thr0.5/risk_on|hold=5d,19.89,0.037,0.004,1002,0.007,0.004,5008,US100cash,0.66,,,,,N/A_NO_BRUTO,no,NEW_FAMILY; XLP/XLY or XLU/XLI defensive-vs-cyclical relative->equity; != SECTOR_DISP XL*disp; short_hist=no; <=2024; nonoverlap_hold,XLP/XLY,40,0.5,risk_on,5,NDX
DEFENSIVE_CYCLICAL,XLP/XLY->SPY,z40/thr1.0/defensive_high|hold=1d,19.91,0.755,0.31,2794,0.421,0.31,5012,US500cash,0.78,,,,,N/A_NO_BRUTO,no,NEW_FAMILY; XLP/XLY or XLU/XLI defensive-vs-cyclical relative->equity; != SECTOR_DISP XL*disp; short_hist=no; <=2024; nonoverlap_hold,XLP/XLY,40,1.0,defensive_high,1,SPY
DEFENSIVE_CYCLICAL,XLP/XLY->SPY,z40/thr1.0/fade_extreme|hold=1d,19.91,-0.755,-0.31,2794,-0.421,-0.31,5012,US500cash,0.78,,,,,N/A_NO_BRUTO,no,NEW_FAMILY; XLP/XLY or XLU/XLI defensive-vs-cyclical relative->equity; != SECTOR_DISP XL*disp; short_hist=no; <=2024; nonoverlap_hold,XLP/XLY,40,1.0,fade_extreme,1,SPY
DEFENSIVE_CYCLICAL,XLP/XLY->SPY,z40/thr1.0/risk_on|hold=1d,19.91,1.097,0.644,4997,1.094,0.644,5012,US500cash,0.78,,,,,N/A_NO_BRUTO,no,NEW_FAMILY; XLP/XLY or XLU/XLI defensive-vs-cyclical relative->equity; != SECTOR_DISP XL*disp; short_hist=no; <=2024; nonoverlap_hold,XLP/XLY,40,1.0,risk_on,1,SPY
DEFENSIVE_CYCLICAL,XLP/XLY->NDX,z40/thr1.0/defensive_high|hold=1d,19.91,0.007,0.002,2801,0.004,0.002,5012,US100cash,0.66,,,,,N/A_NO_BRUTO,no,NEW_FAMILY; XLP/XLY or XLU/XLI defensive-vs-cyclical relative->equity; != SECTOR_DISP XL*disp; short_hist=no; <=2024; nonoverlap_hold,XLP/XLY,40,1.0,defensive_high,1,NDX
DEFENSIVE_CYCLICAL,XLP/XLY->NDX,z40/thr1.0/fade_extreme|hold=1d,19.91,-0.007,-0.002,2801,-0.004,-0.002,5012,US100cash,0.66,,,,,N/A_NO_BRUTO,no,NEW_FAMILY; XLP/XLY or XLU/XLI defensive-vs-cyclical relative->equity; != SECTOR_DISP XL*disp; short_hist=no; <=2024; nonoverlap_hold,XLP/XLY,40,1.0,fade_extreme,1,NDX
DEFENSIVE_CYCLICAL,XLP/XLY->NDX,z40/thr1.0/risk_on|hold=1d,19.91,1.383,0.705,5011,1.382,0.705,5012,US100cash,0.66,,,,,N/A_NO_BRUTO,no,NEW_FAMILY; XLP/XLY or XLU/XLI defensive-vs-cyclical relative->equity; != SECTOR_DISP XL*disp; short_hist=no; <=2024; nonoverlap_hold,XLP/XLY,40,1.0,risk_on,1,NDX
DEFENSIVE_CYCLICAL,XLP/XLY->SPY,z40/thr1.0/defensive_high|hold=3d,19.9,1.621,0.283,1089,0.352,0.283,5010,US500cash,0.78,,,,,N/A_NO_BRUTO,no,NEW_FAMILY; XLP/XLY or XLU/XLI defensive-vs-cyclical relative->equity; != SECTOR_DISP XL*disp; short_hist=no; <=2024; nonoverlap_hold,XLP/XLY,40,1.0,defensive_high,3,SPY
DEFENSIVE_CYCLICAL,XLP/XLY->SPY,z40/thr1.0/fade_extreme|hold=3d,19.9,-1.621,-0.283,1089,-0.352,-0.283,5010,US500cash,0.78,,,,,N/A_NO_BRUTO,no,NEW_FAMILY; XLP/XLY or XLU/XLI defensive-vs-cyclical relative->equity; != SECTOR_DISP XL*disp; short_hist=no; <=2024; nonoverlap_hold,XLP/XLY,40,1.0,fade_extreme,3,SPY
DEFENSIVE_CYCLICAL,XLP/XLY->SPY,z40/thr1.0/risk_on|hold=3d,19.9,1.703,0.357,1669,0.567,0.357,5010,US500cash,0.78,,,,,N/A_NO_BRUTO,no,NEW_FAMILY; XLP/XLY or XLU/XLI defensive-vs-cyclical relative->equity; != SECTOR_DISP XL*disp; short_hist=no; <=2024; nonoverlap_hold,XLP/XLY,40,1.0,risk_on,3,SPY
DEFENSIVE_CYCLICAL,XLP/XLY->NDX,z40/thr1.0/defensive_high|hold=3d,19.9,-0.22,-0.033,1089,-0.048,-0.033,5010,US100cash,0.66,,,,,N/A_NO_BRUTO,no,NEW_FAMILY; XLP/XLY or XLU/XLI defensive-vs-cyclical relative->equity; != SECTOR_DISP XL*disp; short_hist=no; <=2024; nonoverlap_hold,XLP/XLY,40,1.0,defensive_high,3,NDX
DEFENSIVE_CYCLICAL,XLP/XLY->NDX,z40/thr1.0/fade_extreme|hold=3d,19.9,0.22,0.033,1089,0.048,0.033,5010,US100cash,0.66,,,,,N/A_NO_BRUTO,no,NEW_FAMILY; XLP/XLY or XLU/XLI defensive-vs-cyclical relative->equity; != SECTOR_DISP XL*disp; short_hist=no; <=2024; nonoverlap_hold,XLP/XLY,40,1.0,fade_extreme,3,NDX
DEFENSIVE_CYCLICAL,XLP/XLY->NDX,z40/thr1.0/risk_on|hold=3d,19.9,2.356,0.43,1670,0.785,0.43,5010,US100cash,0.66,,,,,N/A_NO_BRUTO,no,NEW_FAMILY; XLP/XLY or XLU/XLI defensive-vs-cyclical relative->equity; != SECTOR_DISP XL*disp; short_hist=no; <=2024; nonoverlap_hold,XLP/XLY,40,1.0,risk_on,3,NDX
DEFENSIVE_CYCLICAL,XLP/XLY->SPY,z40/thr1.0/defensive_high|hold=5d,19.89,-4.166,-0.428,709,-0.59,-0.428,5008,US500cash,0.78,,,,,N/A_NO_BRUTO,no,NEW_FAMILY; XLP/XLY or XLU/XLI defensive-vs-cyclical relative->equity; != SECTOR_DISP XL*disp; short_hist=no; <=2024; nonoverlap_hold,XLP/XLY,40,1.0,defensive_high,5,SPY
DEFENSIVE_CYCLICAL,XLP/XLY->SPY,z40/thr1.0/fade_extreme|hold=5d,19.89,4.166,0.428,709,0.59,0.428,5008,US500cash,0.78,,,,,N/A_NO_BRUTO,no,NEW_FAMILY; XLP/XLY or XLU/XLI defensive-vs-cyclical relative->equity; != SECTOR_DISP XL*disp; short_hist=no; <=2024; nonoverlap_hold,XLP/XLY,40,1.0,fade_extreme,5,SPY
DEFENSIVE_CYCLICAL,XLP/XLY->SPY,z40/thr1.0/risk_on|hold=5d,19.89,1.137,0.147,1000,0.227,0.147,5008,US500cash,0.78,,,,,N/A_NO_BRUTO,no,NEW_FAMILY; XLP/XLY or XLU/XLI defensive-vs-cyclical relative->equity; != SECTOR_DISP XL*disp; short_hist=no; <=2024; nonoverlap_hold,XLP/XLY,40,1.0,risk_on,5,SPY
DEFENSIVE_CYCLICAL,XLP/XLY->NDX,z40/thr1.0/defensive_high|hold=5d,19.89,-3.918,-0.356,710,-0.555,-0.356,5008,US100cash,0.66,,,,,N/A_NO_BRUTO,no,NEW_FAMILY; XLP/XLY or XLU/XLI defensive-vs-cyclical relative->equity; != SECTOR_DISP XL*disp; short_hist=no; <=2024; nonoverlap_hold,XLP/XLY,40,1.0,defensive_high,5,NDX
DEFENSIVE_CYCLICAL,XLP/XLY->NDX,z40/thr1.0/fade_extreme|hold=5d,19.89,3.918,0.356,710,0.555,0.356,5008,US100cash,0.66,,,,,N/A_NO_BRUTO,no,NEW_FAMILY; XLP/XLY or XLU/XLI defensive-vs-cyclical relative->equity; != SECTOR_DISP XL*disp; short_hist=no; <=2024; nonoverlap_hold,XLP/XLY,40,1.0,fade_extreme,5,NDX
DEFENSIVE_CYCLICAL,XLP/XLY->NDX,z40/thr1.0/risk_on|hold=5d,19.89,0.037,0.004,1002,0.007,0.004,5008,US100cash,0.66,,,,,N/A_NO_BRUTO,no,NEW_FAMILY; XLP/XLY or XLU/XLI defensive-vs-cyclical relative->equity; != SECTOR_DISP XL*disp; short_hist=no; <=2024; nonoverlap_hold,XLP/XLY,40,1.0,risk_on,5,NDX
DEFENSIVE_CYCLICAL,XLP/XLY->SPY,z40/thr1.5/defensive_high|hold=1d,19.91,-0.163,-0.044,1571,-0.051,-0.044,5012,US500cash,0.78,,,,,N/A_NO_BRUTO,no,NEW_FAMILY; XLP/XLY or XLU/XLI defensive-vs-cyclical relative->equity; != SECTOR_DISP XL*disp; short_hist=no; <=2024; nonoverlap_hold,XLP/XLY,40,1.5,defensive_high,1,SPY
DEFENSIVE_CYCLICAL,XLP/XLY->SPY,z40/thr1.5/fade_extreme|hold=1d,19.91,0.163,0.044,1571,0.051,0.044,5012,US500cash,0.78,,,,,N/A_NO_BRUTO,no,NEW_FAMILY; XLP/XLY or XLU/XLI defensive-vs-cyclical relative->equity; != SECTOR_DISP XL*disp; short_hist=no; <=2024; nonoverlap_hold,XLP/XLY,40,1.5,fade_extreme,1,SPY
DEFENSIVE_CYCLICAL,XLP/XLY->SPY,z40/thr1.5/risk_on|hold=1d,19.91,1.097,0.644,4997,1.094,0.644,5012,US500cash,0.78,,,,,N/A_NO_BRUTO,no,NEW_FAMILY; XLP/XLY or XLU/XLI defensive-vs-cyclical relative->equity; != SECTOR_DISP XL*disp; short_hist=no; <=2024; nonoverlap_hold,XLP/XLY,40,1.5,risk_on,1,SPY
DEFENSIVE_CYCLICAL,XLP/XLY->NDX,z40/thr1.5/defensive_high|hold=1d,19.91,-0.074,-0.018,1574,-0.023,-0.018,5012,US100cash,0.66,,,,,N/A_NO_BRUTO,no,NEW_FAMILY; XLP/XLY or XLU/XLI defensive-vs-cyclical relative->equity; != SECTOR_DISP XL*disp; short_hist=no; <=2024; nonoverlap_hold,XLP/XLY,40,1.5,defensive_high,1,NDX
DEFENSIVE_CYCLICAL,XLP/XLY->NDX,z40/thr1.5/fade_extreme|hold=1d,19.91,0.074,0.018,1574,0.023,0.018,5012,US100cash,0.66,,,,,N/A_NO_BRUTO,no,NEW_FAMILY; XLP/XLY or XLU/XLI defensive-vs-cyclical relative->equity; != SECTOR_DISP XL*disp; short_hist=no; <=2024; nonoverlap_hold,XLP/XLY,40,1.5,fade_extreme,1,NDX
DEFENSIVE_CYCLICAL,XLP/XLY->NDX,z40/thr1.5/risk_on|hold=1d,19.91,1.383,0.705,5011,1.382,0.705,5012,US100cash,0.66,,,,,N/A_NO_BRUTO,no,NEW_FAMILY; XLP/XLY or XLU/XLI defensive-vs-cyclical relative->equity; != SECTOR_DISP XL*disp; short_hist=no; <=2024; nonoverlap_hold,XLP/XLY,40,1.5,risk_on,1,NDX
DEFENSIVE_CYCLICAL,XLP/XLY->SPY,z40/thr1.5/defensive_high|hold=3d,19.9,-3.394,-0.426,664,-0.45,-0.426,5010,US500cash,0.78,,,,,N/A_NO_BRUTO,no,NEW_FAMILY; XLP/XLY or XLU/XLI defensive-vs-cyclical relative->equity; != SECTOR_DISP XL*disp; short_hist=no; <=2024; nonoverlap_hold,XLP/XLY,40,1.5,defensive_high,3,SPY
DEFENSIVE_CYCLICAL,XLP/XLY->SPY,z40/thr1.5/fade_extreme|hold=3d,19.9,3.394,0.426,664,0.45,0.426,5010,US500cash,0.78,,,,,N/A_NO_BRUTO,no,NEW_FAMILY; XLP/XLY or XLU/XLI defensive-vs-cyclical relative->equity; != SECTOR_DISP XL*disp; short_hist=no; <=2024; nonoverlap_hold,XLP/XLY,40,1.5,fade_extreme,3,SPY
DEFENSIVE_CYCLICAL,XLP/XLY->SPY,z40/thr1.5/risk_on|hold=3d,19.9,1.703,0.357,1669,0.567,0.357,5010,US500cash,0.78,,,,,N/A_NO_BRUTO,no,NEW_FAMILY; XLP/XLY or XLU/XLI defensive-vs-cyclical relative->equity; != SECTOR_DISP XL*disp; short_hist=no; <=2024; nonoverlap_hold,XLP/XLY,40,1.5,risk_on,3,SPY
DEFENSIVE_CYCLICAL,XLP/XLY->NDX,z40/thr1.5/defensive_high|hold=3d,19.9,-1.944,-0.216,664,-0.258,-0.216,5010,US100cash,0.66,,,,,N/A_NO_BRUTO,no,NEW_FAMILY; XLP/XLY or XLU/XLI defensive-vs-cyclical relative->equity; != SECTOR_DISP XL*disp; short_hist=no; <=2024; nonoverlap_hold,XLP/XLY,40,1.5,defensive_high,3,NDX
DEFENSIVE_CYCLICAL,XLP/XLY->NDX,z40/thr1.5/fade_extreme|hold=3d,19.9,1.944,0.216,664,0.258,0.216,5010,US100cash,0.66,,,,,N/A_NO_BRUTO,no,NEW_FAMILY; XLP/XLY or XLU/XLI defensive-vs-cyclical relative->equity; != SECTOR_DISP XL*disp; short_hist=no; <=2024; nonoverlap_hold,XLP/XLY,40,1.5,fade_extreme,3,NDX
DEFENSIVE_CYCLICAL,XLP/XLY->NDX,z40/thr1.5/risk_on|hold=3d,19.9,2.356,0.43,1670,0.785,0.43,5010,US100cash,0.66,,,,,N/A_NO_BRUTO,no,NEW_FAMILY; XLP/XLY or XLU/XLI defensive-vs-cyclical relative->equity; != SECTOR_DISP XL*disp; short_hist=no; <=2024; nonoverlap_hold,XLP/XLY,40,1.5,risk_on,3,NDX
DEFENSIVE_CYCLICAL,XLP/XLY->SPY,z40/thr1.5/defensive_high|hold=5d,19.89,-7.194,-0.6,466,-0.669,-0.601,5008,US500cash,0.78,,,,,N/A_NO_BRUTO,no,NEW_FAMILY; XLP/XLY or XLU/XLI defensive-vs-cyclical relative->equity; != SECTOR_DISP XL*disp; short_hist=no; <=2024; nonoverlap_hold,XLP/XLY,40,1.5,defensive_high,5,SPY
DEFENSIVE_CYCLICAL,XLP/XLY->SPY,z40/thr1.5/fade_extreme|hold=5d,19.89,7.194,0.6,466,0.669,0.601,5008,US500cash,0.78,,,,,N/A_NO_BRUTO,no,NEW_FAMILY; XLP/XLY or XLU/XLI defensive-vs-cyclical relative->equity; != SECTOR_DISP XL*disp; short_hist=no; <=2024; nonoverlap_hold,XLP/XLY,40,1.5,fade_extreme,5,SPY
DEFENSIVE_CYCLICAL,XLP/XLY->SPY,z40/thr1.5/risk_on|hold=5d,19.89,1.137,0.147,1000,0.227,0.147,5008,US500cash,0.78,,,,,N/A_NO_BRUTO,no,NEW_FAMILY; XLP/XLY or XLU/XLI defensive-vs-cyclical relative->equity; != SECTOR_DISP XL*disp; short_hist=no; <=2024; nonoverlap_hold,XLP/XLY,40,1.5,risk_on,5,SPY
DEFENSIVE_CYCLICAL,XLP/XLY->NDX,z40/thr1.5/defensive_high|hold=5d,19.89,-6.328,-0.464,467,-0.59,-0.464,5008,US100cash,0.66,,,,,N/A_NO_BRUTO,no,NEW_FAMILY; XLP/XLY or XLU/XLI defensive-vs-cyclical relative->equity; != SECTOR_DISP XL*disp; short_hist=no; <=2024; nonoverlap_hold,XLP/XLY,40,1.5,defensive_high,5,NDX
DEFENSIVE_CYCLICAL,XLP/XLY->NDX,z40/thr1.5/fade_extreme|hold=5d,19.89,6.328,0.464,467,0.59,0.464,5008,US100cash,0.66,,,,,N/A_NO_BRUTO,no,NEW_FAMILY; XLP/XLY or XLU/XLI defensive-vs-cyclical relative->equity; != SECTOR_DISP XL*disp; short_hist=no; <=2024; nonoverlap_hold,XLP/XLY,40,1.5,fade_extreme,5,NDX
DEFENSIVE_CYCLICAL,XLP/XLY->NDX,z40/thr1.5/risk_on|hold=5d,19.89,0.037,0.004,1002,0.007,0.004,5008,US100cash,0.66,,,,,N/A_NO_BRUTO,no,NEW_FAMILY; XLP/XLY or XLU/XLI defensive-vs-cyclical relative->equity; != SECTOR_DISP XL*disp; short_hist=no; <=2024; nonoverlap_hold,XLP/XLY,40,1.5,risk_on,5,NDX
DEFENSIVE_CYCLICAL,XLP/XLY->SPY,z60/thr0.5/defensive_high|hold=1d,19.91,-0.159,-0.08,3886,-0.123,-0.08,5012,US500cash,0.78,,,,,N/A_NO_BRUTO,no,NEW_FAMILY; XLP/XLY or XLU/XLI defensive-vs-cyclical relative->equity; != SECTOR_DISP XL*disp; short_hist=no; <=2024; nonoverlap_hold,XLP/XLY,60,0.5,defensive_high,1,SPY
DEFENSIVE_CYCLICAL,XLP/XLY->SPY,z60/thr0.5/fade_extreme|hold=1d,19.91,0.159,0.08,3886,0.123,0.08,5012,US500cash,0.78,,,,,N/A_NO_BRUTO,no,NEW_FAMILY; XLP/XLY or XLU/XLI defensive-vs-cyclical relative->equity; != SECTOR_DISP XL*disp; short_hist=no; <=2024; nonoverlap_hold,XLP/XLY,60,0.5,fade_extreme,1,SPY
DEFENSIVE_CYCLICAL,XLP/XLY->SPY,z60/thr0.5/risk_on|hold=1d,19.91,1.097,0.644,4997,1.094,0.644,5012,US500cash,0.78,,,,,N/A_NO_BRUTO,no,NEW_FAMILY; XLP/XLY or XLU/XLI defensive-vs-cyclical relative->equity; != SECTOR_DISP XL*disp; short_hist=no; <=2024; nonoverlap_hold,XLP/XLY,60,0.5,risk_on,1,SPY
DEFENSIVE_CYCLICAL,XLP/XLY->NDX,z60/thr0.5/defensive_high|hold=1d,19.91,-0.143,-0.063,3897,-0.111,-0.063,5012,US100cash,0.66,,,,,N/A_NO_BRUTO,no,NEW_FAMILY; XLP/XLY or XLU/XLI defensive-vs-cyclical relative->equity; != SECTOR_DISP XL*disp; short_hist=no; <=2024; nonoverlap_hold,XLP/XLY,60,0.5,defensive_high,1,NDX
DEFENSIVE_CYCLICAL,XLP/XLY->NDX,z60/thr0.5/fade_extreme|hold=1d,19.91,0.143,0.063,3897,0.111,0.063,5012,US100cash,0.66,,,,,N/A_NO_BRUTO,no,NEW_FAMILY; XLP/XLY or XLU/XLI defensive-vs-cyclical relative->equity; != SECTOR_DISP XL*disp; short_hist=no; <=2024; nonoverlap_hold,XLP/XLY,60,0.5,fade_extreme,1,NDX
DEFENSIVE_CYCLICAL,XLP/XLY->NDX,z60/thr0.5/risk_on|hold=1d,19.91,1.383,0.705,5011,1.382,0.705,5012,US100cash,0.66,,,,,N/A_NO_BRUTO,no,NEW_FAMILY; XLP/XLY or XLU/XLI defensive-vs-cyclical relative->equity; != SECTOR_DISP XL*disp; short_hist=no; <=2024; nonoverlap_hold,XLP/XLY,60,0.5,risk_on,1,NDX
DEFENSIVE_CYCLICAL,XLP/XLY->SPY,z60/thr0.5/defensive_high|hold=3d,19.9,1.43,0.281,1406,0.401,0.281,5010,US500cash,0.78,,,,,N/A_NO_BRUTO,no,NEW_FAMILY; XLP/XLY or XLU/XLI defensive-vs-cyclical relative->equity; != SECTOR_DISP XL*disp; short_hist=no; <=2024; nonoverlap_hold,XLP/XLY,60,0.5,defensive_high,3,SPY
DEFENSIVE_CYCLICAL,XLP/XLY->SPY,z60/thr0.5/fade_extreme|hold=3d,19.9,-1.43,-0.281,1406,-0.401,-0.281,5010,US500cash,0.78,,,,,N/A_NO_BRUTO,no,NEW_FAMILY; XLP/XLY or XLU/XLI defensive-vs-cyclical relative->equity; != SECTOR_DISP XL*disp; short_hist=no; <=2024; nonoverlap_hold,XLP/XLY,60,0.5,fade_extreme,3,SPY
DEFENSIVE_CYCLICAL,XLP/XLY->SPY,z60/thr0.5/risk_on|hold=3d,19.9,1.703,0.357,1669,0.567,0.357,5010,US500cash,0.78,,,,,N/A_NO_BRUTO,no,NEW_FAMILY; XLP/XLY or XLU/XLI defensive-vs-cyclical relative->equity; != SECTOR_DISP XL*disp; short_hist=no; <=2024; nonoverlap_hold,XLP/XLY,60,0.5,risk_on,3,SPY
DEFENSIVE_CYCLICAL,XLP/XLY->NDX,z60/thr0.5/defensive_high|hold=3d,19.9,1.608,0.274,1408,0.452,0.274,5010,US100cash,0.66,,,,,N/A_NO_BRUTO,no,NEW_FAMILY; XLP/XLY or XLU/XLI defensive-vs-cyclical relative->equity; != SECTOR_DISP XL*disp; short_hist=no; <=2024; nonoverlap_hold,XLP/XLY,60,0.5,defensive_high,3,NDX
DEFENSIVE_CYCLICAL,XLP/XLY->NDX,z60/thr0.5/fade_extreme|hold=3d,19.9,-1.608,-0.274,1408,-0.452,-0.274,5010,US100cash,0.66,,,,,N/A_NO_BRUTO,no,NEW_FAMILY; XLP/XLY or XLU/XLI defensive-vs-cyclical relative->equity; != SECTOR_DISP XL*disp; short_hist=no; <=2024; nonoverlap_hold,XLP/XLY,60,0.5,fade_extreme,3,NDX
DEFENSIVE_CYCLICAL,XLP/XLY->NDX,z60/thr0.5/risk_on|hold=3d,19.9,2.356,0.43,1670,0.785,0.43,5010,US100cash,0.66,,,,,N/A_NO_BRUTO,no,NEW_FAMILY; XLP/XLY or XLU/XLI defensive-vs-cyclical relative->equity; != SECTOR_DISP XL*disp; short_hist=no; <=2024; nonoverlap_hold,XLP/XLY,60,0.5,risk_on,3,NDX
DEFENSIVE_CYCLICAL,XLP/XLY->SPY,z60/thr0.5/defensive_high|hold=5d,19.89,-3.501,-0.42,885,-0.619,-0.42,5008,US500cash,0.78,,,,,N/A_NO_BRUTO,no,NEW_FAMILY; XLP/XLY or XLU/XLI defensive-vs-cyclical relative->equity; != SECTOR_DISP XL*disp; short_hist=no; <=2024; nonoverlap_hold,XLP/XLY,60,0.5,defensive_high,5,SPY
DEFENSIVE_CYCLICAL,XLP/XLY->SPY,z60/thr0.5/fade_extreme|hold=5d,19.89,3.501,0.42,885,0.619,0.42,5008,US500cash,0.78,,,,,N/A_NO_BRUTO,no,NEW_FAMILY; XLP/XLY or XLU/XLI defensive-vs-cyclical relative->equity; != SECTOR_DISP XL*disp; short_hist=no; <=2024; nonoverlap_hold,XLP/XLY,60,0.5,fade_extreme,5,SPY
DEFENSIVE_CYCLICAL,XLP/XLY->SPY,z60/thr0.5/risk_on|hold=5d,19.89,1.137,0.147,1000,0.227,0.147,5008,US500cash,0.78,,,,,N/A_NO_BRUTO,no,NEW_FAMILY; XLP/XLY or XLU/XLI defensive-vs-cyclical relative->equity; != SECTOR_DISP XL*disp; short_hist=no; <=2024; nonoverlap_hold,XLP/XLY,60,0.5,risk_on,5,SPY
DEFENSIVE_CYCLICAL,XLP/XLY->NDX,z60/thr0.5/defensive_high|hold=5d,19.89,-2.511,-0.263,885,-0.444,-0.263,5008,US100cash,0.66,,,,,N/A_NO_BRUTO,no,NEW_FAMILY; XLP/XLY or XLU/XLI defensive-vs-cyclical relative->equity; != SECTOR_DISP XL*disp; short_hist=no; <=2024; nonoverlap_hold,XLP/XLY,60,0.5,defensive_high,5,NDX
DEFENSIVE_CYCLICAL,XLP/XLY->NDX,z60/thr0.5/fade_extreme|hold=5d,19.89,2.511,0.263,885,0.444,0.263,5008,US100cash,0.66,,,,,N/A_NO_BRUTO,no,NEW_FAMILY; XLP/XLY or XLU/XLI defensive-vs-cyclical relative->equity; != SECTOR_DISP XL*disp; short_hist=no; <=2024; nonoverlap_hold,XLP/XLY,60,0.5,fade_extreme,5,NDX
DEFENSIVE_CYCLICAL,XLP/XLY->NDX,z60/thr0.5/risk_on|hold=5d,19.89,0.037,0.004,1002,0.007,0.004,5008,US100cash,0.66,,,,,N/A_NO_BRUTO,no,NEW_FAMILY; XLP/XLY or XLU/XLI defensive-vs-cyclical relative->equity; != SECTOR_DISP XL*disp; short_hist=no; <=2024; nonoverlap_hold,XLP/XLY,60,0.5,risk_on,5,NDX
DEFENSIVE_CYCLICAL,XLP/XLY->SPY,z60/thr1.0/defensive_high|hold=1d,19.91,-0.225,-0.091,2770,-0.125,-0.091,5012,US500cash,0.78,,,,,N/A_NO_BRUTO,no,NEW_FAMILY; XLP/XLY or XLU/XLI defensive-vs-cyclical relative->equity; != SECTOR_DISP XL*disp; short_hist=no; <=2024; nonoverlap_hold,XLP/XLY,60,1.0,defensive_high,1,SPY
DEFENSIVE_CYCLICAL,XLP/XLY->SPY,z60/thr1.0/fade_extreme|hold=1d,19.91,0.225,0.091,2770,0.125,0.091,5012,US500cash,0.78,,,,,N/A_NO_BRUTO,no,NEW_FAMILY; XLP/XLY or XLU/XLI defensive-vs-cyclical relative->equity; != SECTOR_DISP XL*disp; short_hist=no; <=2024; nonoverlap_hold,XLP/XLY,60,1.0,fade_extreme,1,SPY
DEFENSIVE_CYCLICAL,XLP/XLY->SPY,z60/thr1.0/risk_on|hold=1d,19.91,1.097,0.644,4997,1.094,0.644,5012,US500cash,0.78,,,,,N/A_NO_BRUTO,no,NEW_FAMILY; XLP/XLY or XLU/XLI defensive-vs-cyclical relative->equity; != SECTOR_DISP XL*disp; short_hist=no; <=2024; nonoverlap_hold,XLP/XLY,60,1.0,risk_on,1,SPY
DEFENSIVE_CYCLICAL,XLP/XLY->NDX,z60/thr1.0/defensive_high|hold=1d,19.91,-0.402,-0.144,2778,-0.223,-0.144,5012,US100cash,0.66,,,,,N/A_NO_BRUTO,no,NEW_FAMILY; XLP/XLY or XLU/XLI defensive-vs-cyclical relative->equity; != SECTOR_DISP XL*disp; short_hist=no; <=2024; nonoverlap_hold,XLP/XLY,60,1.0,defensive_high,1,NDX
DEFENSIVE_CYCLICAL,XLP/XLY->NDX,z60/thr1.0/fade_extreme|hold=1d,19.91,0.402,0.144,2778,0.223,0.144,5012,US100cash,0.66,,,,,N/A_NO_BRUTO,no,NEW_FAMILY; XLP/XLY or XLU/XLI defensive-vs-cyclical relative->equity; != SECTOR_DISP XL*disp; short_hist=no; <=2024; nonoverlap_hold,XLP/XLY,60,1.0,fade_extreme,1,NDX
DEFENSIVE_CYCLICAL,XLP/XLY->NDX,z60/thr1.0/risk_on|hold=1d,19.91,1.383,0.705,5011,1.382,0.705,5012,US100cash,0.66,,,,,N/A_NO_BRUTO,no,NEW_FAMILY; XLP/XLY or XLU/XLI defensive-vs-cyclical relative->equity; != SECTOR_DISP XL*disp; short_hist=no; <=2024; nonoverlap_hold,XLP/XLY,60,1.0,risk_on,1,NDX
DEFENSIVE_CYCLICAL,XLP/XLY->SPY,z60/thr1.0/defensive_high|hold=3d,19.9,0.155,0.025,1043,0.032,0.025,5010,US500cash,0.78,,,,,N/A_NO_BRUTO,no,NEW_FAMILY; XLP/XLY or XLU/XLI defensive-vs-cyclical relative->equity; != SECTOR_DISP XL*disp; short_hist=no; <=2024; nonoverlap_hold,XLP/XLY,60,1.0,defensive_high,3,SPY
DEFENSIVE_CYCLICAL,XLP/XLY->SPY,z60/thr1.0/fade_extreme|hold=3d,19.9,-0.155,-0.025,1043,-0.032,-0.025,5010,US500cash,0.78,,,,,N/A_NO_BRUTO,no,NEW_FAMILY; XLP/XLY or XLU/XLI defensive-vs-cyclical relative->equity; != SECTOR_DISP XL*disp; short_hist=no; <=2024; nonoverlap_hold,XLP/XLY,60,1.0,fade_extreme,3,SPY
DEFENSIVE_CYCLICAL,XLP/XLY->SPY,z60/thr1.0/risk_on|hold=3d,19.9,1.703,0.357,1669,0.567,0.357,5010,US500cash,0.78,,,,,N/A_NO_BRUTO,no,NEW_FAMILY; XLP/XLY or XLU/XLI defensive-vs-cyclical relative->equity; != SECTOR_DISP XL*disp; short_hist=no; <=2024; nonoverlap_hold,XLP/XLY,60,1.0,risk_on,3,SPY
DEFENSIVE_CYCLICAL,XLP/XLY->NDX,z60/thr1.0/defensive_high|hold=3d,19.9,-0.168,-0.024,1044,-0.035,-0.024,5010,US100cash,0.66,,,,,N/A_NO_BRUTO,no,NEW_FAMILY; XLP/XLY or XLU/XLI defensive-vs-cyclical relative->equity; != SECTOR_DISP XL*disp; short_hist=no; <=2024; nonoverlap_hold,XLP/XLY,60,1.0,defensive_high,3,NDX
DEFENSIVE_CYCLICAL,XLP/XLY->NDX,z60/thr1.0/fade_extreme|hold=3d,19.9,0.168,0.024,1044,0.035,0.024,5010,US100cash,0.66,,,,,N/A_NO_BRUTO,no,NEW_FAMILY; XLP/XLY or XLU/XLI defensive-vs-cyclical relative->equity; != SECTOR_DISP XL*disp; short_hist=no; <=2024; nonoverlap_hold,XLP/XLY,60,1.0,fade_extreme,3,NDX
DEFENSIVE_CYCLICAL,XLP/XLY->NDX,z60/thr1.0/risk_on|hold=3d,19.9,2.356,0.43,1670,0.785,0.43,5010,US100cash,0.66,,,,,N/A_NO_BRUTO,no,NEW_FAMILY; XLP/XLY or XLU/XLI defensive-vs-cyclical relative->equity; != SECTOR_DISP XL*disp; short_hist=no; <=2024; nonoverlap_hold,XLP/XLY,60,1.0,risk_on,3,NDX
DEFENSIVE_CYCLICAL,XLP/XLY->SPY,z60/thr1.0/defensive_high|hold=5d,19.89,-0.823,-0.086,681,-0.112,-0.086,5008,US500cash,0.78,,,,,N/A_NO_BRUTO,no,NEW_FAMILY; XLP/XLY or XLU/XLI defensive-vs-cyclical relative->equity; != SECTOR_DISP XL*disp; short_hist=no; <=2024; nonoverlap_hold,XLP/XLY,60,1.0,defensive_high,5,SPY
DEFENSIVE_CYCLICAL,XLP/XLY->SPY,z60/thr1.0/fade_extreme|hold=5d,19.89,0.823,0.086,681,0.112,0.086,5008,US500cash,0.78,,,,,N/A_NO_BRUTO,no,NEW_FAMILY; XLP/XLY or XLU/XLI defensive-vs-cyclical relative->equity; != SECTOR_DISP XL*disp; short_hist=no; <=2024; nonoverlap_hold,XLP/XLY,60,1.0,fade_extreme,5,SPY
DEFENSIVE_CYCLICAL,XLP/XLY->SPY,z60/thr1.0/risk_on|hold=5d,19.89,1.137,0.147,1000,0.227,0.147,5008,US500cash,0.78,,,,,N/A_NO_BRUTO,no,NEW_FAMILY; XLP/XLY or XLU/XLI defensive-vs-cyclical relative->equity; != SECTOR_DISP XL*disp; short_hist=no; <=2024; nonoverlap_hold,XLP/XLY,60,1.0,risk_on,5,SPY
DEFENSIVE_CYCLICAL,XLP/XLY->NDX,z60/thr1.0/defensive_high|hold=5d,19.89,-1.319,-0.121,681,-0.179,-0.121,5008,US100cash,0.66,,,,,N/A_NO_BRUTO,no,NEW_FAMILY; XLP/XLY or XLU/XLI defensive-vs-cyclical relative->equity; != SECTOR_DISP XL*disp; short_hist=no; <=2024; nonoverlap_hold,XLP/XLY,60,1.0,defensive_high,5,NDX
DEFENSIVE_CYCLICAL,XLP/XLY->NDX,z60/thr1.0/fade_extreme|hold=5d,19.89,1.319,0.121,681,0.179,0.121,5008,US100cash,0.66,,,,,N/A_NO_BRUTO,no,NEW_FAMILY; XLP/XLY or XLU/XLI defensive-vs-cyclical relative->equity; != SECTOR_DISP XL*disp; short_hist=no; <=2024; nonoverlap_hold,XLP/XLY,60,1.0,fade_extreme,5,NDX
DEFENSIVE_CYCLICAL,XLP/XLY->NDX,z60/thr1.0/risk_on|hold=5d,19.89,0.037,0.004,1002,0.007,0.004,5008,US100cash,0.66,,,,,N/A_NO_BRUTO,no,NEW_FAMILY; XLP/XLY or XLU/XLI defensive-vs-cyclical relative->equity; != SECTOR_DISP XL*disp; short_hist=no; <=2024; nonoverlap_hold,XLP/XLY,60,1.0,risk_on,5,NDX
DEFENSIVE_CYCLICAL,XLP/XLY->SPY,z60/thr1.5/defensive_high|hold=1d,19.91,2.954,0.814,1593,0.939,0.814,5012,US500cash,0.78,,,,,N/A_NO_BRUTO,no,NEW_FAMILY; XLP/XLY or XLU/XLI defensive-vs-cyclical relative->equity; != SECTOR_DISP XL*disp; short_hist=no; <=2024; nonoverlap_hold,XLP/XLY,60,1.5,defensive_high,1,SPY
DEFENSIVE_CYCLICAL,XLP/XLY->SPY,z60/thr1.5/fade_extreme|hold=1d,19.91,-2.954,-0.814,1593,-0.939,-0.814,5012,US500cash,0.78,,,,,N/A_NO_BRUTO,no,NEW_FAMILY; XLP/XLY or XLU/XLI defensive-vs-cyclical relative->equity; != SECTOR_DISP XL*disp; short_hist=no; <=2024; nonoverlap_hold,XLP/XLY,60,1.5,fade_extreme,1,SPY
DEFENSIVE_CYCLICAL,XLP/XLY->SPY,z60/thr1.5/risk_on|hold=1d,19.91,1.097,0.644,4997,1.094,0.644,5012,US500cash,0.78,,,,,N/A_NO_BRUTO,no,NEW_FAMILY; XLP/XLY or XLU/XLI defensive-vs-cyclical relative->equity; != SECTOR_DISP XL*disp; short_hist=no; <=2024; nonoverlap_hold,XLP/XLY,60,1.5,risk_on,1,SPY
DEFENSIVE_CYCLICAL,XLP/XLY->NDX,z60/thr1.5/defensive_high|hold=1d,19.91,2.102,0.521,1597,0.67,0.521,5012,US100cash,0.66,,,,,N/A_NO_BRUTO,no,NEW_FAMILY; XLP/XLY or XLU/XLI defensive-vs-cyclical relative->equity; != SECTOR_DISP XL*disp; short_hist=no; <=2024; nonoverlap_hold,XLP/XLY,60,1.5,defensive_high,1,NDX
DEFENSIVE_CYCLICAL,XLP/XLY->NDX,z60/thr1.5/fade_extreme|hold=1d,19.91,-2.102,-0.521,1597,-0.67,-0.521,5012,US100cash,0.66,,,,,N/A_NO_BRUTO,no,NEW_FAMILY; XLP/XLY or XLU/XLI defensive-vs-cyclical relative->equity; != SECTOR_DISP XL*disp; short_hist=no; <=2024; nonoverlap_hold,XLP/XLY,60,1.5,fade_extreme,1,NDX
DEFENSIVE_CYCLICAL,XLP/XLY->NDX,z60/thr1.5/risk_on|hold=1d,19.91,1.383,0.705,5011,1.382,0.705,5012,US100cash,0.66,,,,,N/A_NO_BRUTO,no,NEW_FAMILY; XLP/XLY or XLU/XLI defensive-vs-cyclical relative->equity; != SECTOR_DISP XL*disp; short_hist=no; <=2024; nonoverlap_hold,XLP/XLY,60,1.5,risk_on,1,NDX
DEFENSIVE_CYCLICAL,XLP/XLY->SPY,z60/thr1.5/defensive_high|hold=3d,19.9,1.327,0.163,639,0.169,0.163,5010,US500cash,0.78,,,,,N/A_NO_BRUTO,no,NEW_FAMILY; XLP/XLY or XLU/XLI defensive-vs-cyclical relative->equity; != SECTOR_DISP XL*disp; short_hist=no; <=2024; nonoverlap_hold,XLP/XLY,60,1.5,defensive_high,3,SPY
DEFENSIVE_CYCLICAL,XLP/XLY->SPY,z60/thr1.5/fade_extreme|hold=3d,19.9,-1.327,-0.163,639,-0.169,-0.163,5010,US500cash,0.78,,,,,N/A_NO_BRUTO,no,NEW_FAMILY; XLP/XLY or XLU/XLI defensive-vs-cyclical relative->equity; != SECTOR_DISP XL*disp; short_hist=no; <=2024; nonoverlap_hold,XLP/XLY,60,1.5,fade_extreme,3,SPY
DEFENSIVE_CYCLICAL,XLP/XLY->SPY,z60/thr1.5/risk_on|hold=3d,19.9,1.703,0.357,1669,0.567,0.357,5010,US500cash,0.78,,,,,N/A_NO_BRUTO,no,NEW_FAMILY; XLP/XLY or XLU/XLI defensive-vs-cyclical relative->equity; != SECTOR_DISP XL*disp; short_hist=no; <=2024; nonoverlap_hold,XLP/XLY,60,1.5,risk_on,3,SPY
DEFENSIVE_CYCLICAL,XLP/XLY->NDX,z60/thr1.5/defensive_high|hold=3d,19.9,0.401,0.042,640,0.051,0.042,5010,US100cash,0.66,,,,,N/A_NO_BRUTO,no,NEW_FAMILY; XLP/XLY or XLU/XLI defensive-vs-cyclical relative->equity; != SECTOR_DISP XL*disp; short_hist=no; <=2024; nonoverlap_hold,XLP/XLY,60,1.5,defensive_high,3,NDX
DEFENSIVE_CYCLICAL,XLP/XLY->NDX,z60/thr1.5/fade_extreme|hold=3d,19.9,-0.401,-0.042,640,-0.051,-0.042,5010,US100cash,0.66,,,,,N/A_NO_BRUTO,no,NEW_FAMILY; XLP/XLY or XLU/XLI defensive-vs-cyclical relative->equity; != SECTOR_DISP XL*disp; short_hist=no; <=2024; nonoverlap_hold,XLP/XLY,60,1.5,fade_extreme,3,NDX
DEFENSIVE_CYCLICAL,XLP/XLY->NDX,z60/thr1.5/risk_on|hold=3d,19.9,2.356,0.43,1670,0.785,0.43,5010,US100cash,0.66,,,,,N/A_NO_BRUTO,no,NEW_FAMILY; XLP/XLY or XLU/XLI defensive-vs-cyclical relative->equity; != SECTOR_DISP XL*disp; short_hist=no; <=2024; nonoverlap_hold,XLP/XLY,60,1.5,risk_on,3,NDX
DEFENSIVE_CYCLICAL,XLP/XLY->SPY,z60/thr1.5/defensive_high|hold=5d,19.89,-4.151,-0.31,431,-0.357,-0.31,5008,US500cash,0.78,,,,,N/A_NO_BRUTO,no,NEW_FAMILY; XLP/XLY or XLU/XLI defensive-vs-cyclical relative->equity; != SECTOR_DISP XL*disp; short_hist=no; <=2024; nonoverlap_hold,XLP/XLY,60,1.5,defensive_high,5,SPY
DEFENSIVE_CYCLICAL,XLP/XLY->SPY,z60/thr1.5/fade_extreme|hold=5d,19.89,4.151,0.31,431,0.357,0.31,5008,US500cash,0.78,,,,,N/A_NO_BRUTO,no,NEW_FAMILY; XLP/XLY or XLU/XLI defensive-vs-cyclical relative->equity; != SECTOR_DISP XL*disp; short_hist=no; <=2024; nonoverlap_hold,XLP/XLY,60,1.5,fade_extreme,5,SPY
DEFENSIVE_CYCLICAL,XLP/XLY->SPY,z60/thr1.5/risk_on|hold=5d,19.89,1.137,0.147,1000,0.227,0.147,5008,US500cash,0.78,,,,,N/A_NO_BRUTO,no,NEW_FAMILY; XLP/XLY or XLU/XLI defensive-vs-cyclical relative->equity; != SECTOR_DISP XL*disp; short_hist=no; <=2024; nonoverlap_hold,XLP/XLY,60,1.5,risk_on,5,SPY
DEFENSIVE_CYCLICAL,XLP/XLY->NDX,z60/thr1.5/defensive_high|hold=5d,19.89,-5.806,-0.384,431,-0.5,-0.384,5008,US100cash,0.66,,,,,N/A_NO_BRUTO,no,NEW_FAMILY; XLP/XLY or XLU/XLI defensive-vs-cyclical relative->equity; != SECTOR_DISP XL*disp; short_hist=no; <=2024; nonoverlap_hold,XLP/XLY,60,1.5,defensive_high,5,NDX
DEFENSIVE_CYCLICAL,XLP/XLY->NDX,z60/thr1.5/fade_extreme|hold=5d,19.89,5.806,0.384,431,0.5,0.384,5008,US100cash,0.66,,,,,N/A_NO_BRUTO,no,NEW_FAMILY; XLP/XLY or XLU/XLI defensive-vs-cyclical relative->equity; != SECTOR_DISP XL*disp; short_hist=no; <=2024; nonoverlap_hold,XLP/XLY,60,1.5,fade_extreme,5,NDX
DEFENSIVE_CYCLICAL,XLP/XLY->NDX,z60/thr1.5/risk_on|hold=5d,19.89,0.037,0.004,1002,0.007,0.004,5008,US100cash,0.66,,,,,N/A_NO_BRUTO,no,NEW_FAMILY; XLP/XLY or XLU/XLI defensive-vs-cyclical relative->equity; != SECTOR_DISP XL*disp; short_hist=no; <=2024; nonoverlap_hold,XLP/XLY,60,1.5,risk_on,5,NDX
DEFENSIVE_CYCLICAL,XLP/XLY->SPY,z120/thr0.5/defensive_high|hold=1d,19.83,0.925,0.452,3844,0.712,0.452,4993,US500cash,0.78,,,,,N/A_NO_BRUTO,no,NEW_FAMILY; XLP/XLY or XLU/XLI defensive-vs-cyclical relative->equity; != SECTOR_DISP XL*disp; short_hist=no; <=2024; nonoverlap_hold,XLP/XLY,120,0.5,defensive_high,1,SPY
DEFENSIVE_CYCLICAL,XLP/XLY->SPY,z120/thr0.5/fade_extreme|hold=1d,19.83,-0.925,-0.452,3844,-0.712,-0.452,4993,US500cash,0.78,,,,,N/A_NO_BRUTO,no,NEW_FAMILY; XLP/XLY or XLU/XLI defensive-vs-cyclical relative->equity; != SECTOR_DISP XL*disp; short_hist=no; <=2024; nonoverlap_hold,XLP/XLY,120,0.5,fade_extreme,1,SPY
DEFENSIVE_CYCLICAL,XLP/XLY->SPY,z120/thr0.5/risk_on|hold=1d,19.83,1.116,0.653,4978,1.112,0.653,4993,US500cash,0.78,,,,,N/A_NO_BRUTO,no,NEW_FAMILY; XLP/XLY or XLU/XLI defensive-vs-cyclical relative->equity; != SECTOR_DISP XL*disp; short_hist=no; <=2024; nonoverlap_hold,XLP/XLY,120,0.5,risk_on,1,SPY
DEFENSIVE_CYCLICAL,XLP/XLY->NDX,z120/thr0.5/defensive_high|hold=1d,19.83,-0.004,-0.002,3855,-0.003,-0.002,4993,US100cash,0.66,,,,,N/A_NO_BRUTO,no,NEW_FAMILY; XLP/XLY or XLU/XLI defensive-vs-cyclical relative->equity; != SECTOR_DISP XL*disp; short_hist=no; <=2024; nonoverlap_hold,XLP/XLY,120,0.5,defensive_high,1,NDX
DEFENSIVE_CYCLICAL,XLP/XLY->NDX,z120/thr0.5/fade_extreme|hold=1d,19.83,0.004,0.002,3855,0.003,0.002,4993,US100cash,0.66,,,,,N/A_NO_BRUTO,no,NEW_FAMILY; XLP/XLY or XLU/XLI defensive-vs-cyclical relative->equity; != SECTOR_DISP XL*disp; short_hist=no; <=2024; nonoverlap_hold,XLP/XLY,120,0.5,fade_extreme,1,NDX
DEFENSIVE_CYCLICAL,XLP/XLY->NDX,z120/thr0.5/risk_on|hold=1d,19.83,1.348,0.685,4992,1.348,0.685,4993,US100cash,0.66,,,,,N/A_NO_BRUTO,no,NEW_FAMILY; XLP/XLY or XLU/XLI defensive-vs-cyclical relative->equity; != SECTOR_DISP XL*disp; short_hist=no; <=2024; nonoverlap_hold,XLP/XLY,120,0.5,risk_on,1,NDX
DEFENSIVE_CYCLICAL,XLP/XLY->SPY,z120/thr0.5/defensive_high|hold=3d,19.82,3.595,0.637,1364,0.982,0.638,4991,US500cash,0.78,,,,,N/A_NO_BRUTO,no,NEW_FAMILY; XLP/XLY or XLU/XLI defensive-vs-cyclical relative->equity; != SECTOR_DISP XL*disp; short_hist=no; <=2024; nonoverlap_hold,XLP/XLY,120,0.5,defensive_high,3,SPY
DEFENSIVE_CYCLICAL,XLP/XLY->SPY,z120/thr0.5/fade_extreme|hold=3d,19.82,-3.595,-0.637,1364,-0.982,-0.638,4991,US500cash,0.78,,,,,N/A_NO_BRUTO,no,NEW_FAMILY; XLP/XLY or XLU/XLI defensive-vs-cyclical relative->equity; != SECTOR_DISP XL*disp; short_hist=no; <=2024; nonoverlap_hold,XLP/XLY,120,0.5,fade_extreme,3,SPY
DEFENSIVE_CYCLICAL,XLP/XLY->SPY,z120/thr0.5/risk_on|hold=3d,19.82,-0.051,-0.012,1660,-0.017,-0.012,4991,US500cash,0.78,,,,,N/A_NO_BRUTO,no,NEW_FAMILY; XLP/XLY or XLU/XLI defensive-vs-cyclical relative->equity; != SECTOR_DISP XL*disp; short_hist=no; <=2024; nonoverlap_hold,XLP/XLY,120,0.5,risk_on,3,SPY
DEFENSIVE_CYCLICAL,XLP/XLY->NDX,z120/thr0.5/defensive_high|hold=3d,19.82,1.06,0.169,1365,0.29,0.169,4991,US100cash,0.66,,,,,N/A_NO_BRUTO,no,NEW_FAMILY; XLP/XLY or XLU/XLI defensive-vs-cyclical relative->equity; != SECTOR_DISP XL*disp; short_hist=no; <=2024; nonoverlap_hold,XLP/XLY,120,0.5,defensive_high,3,NDX
DEFENSIVE_CYCLICAL,XLP/XLY->NDX,z120/thr0.5/fade_extreme|hold=3d,19.82,-1.06,-0.169,1365,-0.29,-0.169,4991,US100cash,0.66,,,,,N/A_NO_BRUTO,no,NEW_FAMILY; XLP/XLY or XLU/XLI defensive-vs-cyclical relative->equity; != SECTOR_DISP XL*disp; short_hist=no; <=2024; nonoverlap_hold,XLP/XLY,120,0.5,fade_extreme,3,NDX
DEFENSIVE_CYCLICAL,XLP/XLY->NDX,z120/thr0.5/risk_on|hold=3d,19.82,-1.321,-0.249,1664,-0.441,-0.249,4991,US100cash,0.66,,,,,N/A_NO_BRUTO,no,NEW_FAMILY; XLP/XLY or XLU/XLI defensive-vs-cyclical relative->equity; != SECTOR_DISP XL*disp; short_hist=no; <=2024; nonoverlap_hold,XLP/XLY,120,0.5,risk_on,3,NDX
DEFENSIVE_CYCLICAL,XLP/XLY->SPY,z120/thr0.5/defensive_high|hold=5d,19.81,0.696,0.084,845,0.118,0.084,4989,US500cash,0.78,,,,,N/A_NO_BRUTO,no,NEW_FAMILY; XLP/XLY or XLU/XLI defensive-vs-cyclical relative->equity; != SECTOR_DISP XL*disp; short_hist=no; <=2024; nonoverlap_hold,XLP/XLY,120,0.5,defensive_high,5,SPY
DEFENSIVE_CYCLICAL,XLP/XLY->SPY,z120/thr0.5/fade_extreme|hold=5d,19.81,-0.696,-0.084,845,-0.118,-0.084,4989,US500cash,0.78,,,,,N/A_NO_BRUTO,no,NEW_FAMILY; XLP/XLY or XLU/XLI defensive-vs-cyclical relative->equity; != SECTOR_DISP XL*disp; short_hist=no; <=2024; nonoverlap_hold,XLP/XLY,120,0.5,fade_extreme,5,SPY
DEFENSIVE_CYCLICAL,XLP/XLY->SPY,z120/thr0.5/risk_on|hold=5d,19.81,-0.806,-0.099,996,-0.161,-0.099,4989,US500cash,0.78,,,,,N/A_NO_BRUTO,no,NEW_FAMILY; XLP/XLY or XLU/XLI defensive-vs-cyclical relative->equity; != SECTOR_DISP XL*disp; short_hist=no; <=2024; nonoverlap_hold,XLP/XLY,120,0.5,risk_on,5,SPY
DEFENSIVE_CYCLICAL,XLP/XLY->NDX,z120/thr0.5/defensive_high|hold=5d,19.81,-1.426,-0.147,847,-0.242,-0.147,4989,US100cash,0.66,,,,,N/A_NO_BRUTO,no,NEW_FAMILY; XLP/XLY or XLU/XLI defensive-vs-cyclical relative->equity; != SECTOR_DISP XL*disp; short_hist=no; <=2024; nonoverlap_hold,XLP/XLY,120,0.5,defensive_high,5,NDX
DEFENSIVE_CYCLICAL,XLP/XLY->NDX,z120/thr0.5/fade_extreme|hold=5d,19.81,1.426,0.147,847,0.242,0.147,4989,US100cash,0.66,,,,,N/A_NO_BRUTO,no,NEW_FAMILY; XLP/XLY or XLU/XLI defensive-vs-cyclical relative->equity; != SECTOR_DISP XL*disp; short_hist=no; <=2024; nonoverlap_hold,XLP/XLY,120,0.5,fade_extreme,5,NDX
DEFENSIVE_CYCLICAL,XLP/XLY->NDX,z120/thr0.5/risk_on|hold=5d,19.81,-2.502,-0.272,998,-0.501,-0.272,4989,US100cash,0.66,,,,,N/A_NO_BRUTO,no,NEW_FAMILY; XLP/XLY or XLU/XLI defensive-vs-cyclical relative->equity; != SECTOR_DISP XL*disp; short_hist=no; <=2024; nonoverlap_hold,XLP/XLY,120,0.5,risk_on,5,NDX
DEFENSIVE_CYCLICAL,XLP/XLY->SPY,z120/thr1.0/defensive_high|hold=1d,19.83,1.445,0.562,2683,0.776,0.562,4993,US500cash,0.78,,,,,N/A_NO_BRUTO,no,NEW_FAMILY; XLP/XLY or XLU/XLI defensive-vs-cyclical relative->equity; != SECTOR_DISP XL*disp; short_hist=no; <=2024; nonoverlap_hold,XLP/XLY,120,1.0,defensive_high,1,SPY
DEFENSIVE_CYCLICAL,XLP/XLY->SPY,z120/thr1.0/fade_extreme|hold=1d,19.83,-1.445,-0.562,2683,-0.776,-0.562,4993,US500cash,0.78,,,,,N/A_NO_BRUTO,no,NEW_FAMILY; XLP/XLY or XLU/XLI defensive-vs-cyclical relative->equity; != SECTOR_DISP XL*disp; short_hist=no; <=2024; nonoverlap_hold,XLP/XLY,120,1.0,fade_extreme,1,SPY
DEFENSIVE_CYCLICAL,XLP/XLY->SPY,z120/thr1.0/risk_on|hold=1d,19.83,1.116,0.653,4978,1.112,0.653,4993,US500cash,0.78,,,,,N/A_NO_BRUTO,no,NEW_FAMILY; XLP/XLY or XLU/XLI defensive-vs-cyclical relative->equity; != SECTOR_DISP XL*disp; short_hist=no; <=2024; nonoverlap_hold,XLP/XLY,120,1.0,risk_on,1,SPY
DEFENSIVE_CYCLICAL,XLP/XLY->NDX,z120/thr1.0/defensive_high|hold=1d,19.83,0.521,0.179,2690,0.281,0.179,4993,US100cash,0.66,,,,,N/A_NO_BRUTO,no,NEW_FAMILY; XLP/XLY or XLU/XLI defensive-vs-cyclical relative->equity; != SECTOR_DISP XL*disp; short_hist=no; <=2024; nonoverlap_hold,XLP/XLY,120,1.0,defensive_high,1,NDX
DEFENSIVE_CYCLICAL,XLP/XLY->NDX,z120/thr1.0/fade_extreme|hold=1d,19.83,-0.521,-0.179,2690,-0.281,-0.179,4993,US100cash,0.66,,,,,N/A_NO_BRUTO,no,NEW_FAMILY; XLP/XLY or XLU/XLI defensive-vs-cyclical relative->equity; != SECTOR_DISP XL*disp; short_hist=no; <=2024; nonoverlap_hold,XLP/XLY,120,1.0,fade_extreme,1,NDX
DEFENSIVE_CYCLICAL,XLP/XLY->NDX,z120/thr1.0/risk_on|hold=1d,19.83,1.348,0.685,4992,1.348,0.685,4993,US100cash,0.66,,,,,N/A_NO_BRUTO,no,NEW_FAMILY; XLP/XLY or XLU/XLI defensive-vs-cyclical relative->equity; != SECTOR_DISP XL*disp; short_hist=no; <=2024; nonoverlap_hold,XLP/XLY,120,1.0,risk_on,1,NDX
DEFENSIVE_CYCLICAL,XLP/XLY->SPY,z120/thr1.0/defensive_high|hold=3d,19.82,0.26,0.04,978,0.051,0.04,4991,US500cash,0.78,,,,,N/A_NO_BRUTO,no,NEW_FAMILY; XLP/XLY or XLU/XLI defensive-vs-cyclical relative->equity; != SECTOR_DISP XL*disp; short_hist=no; <=2024; nonoverlap_hold,XLP/XLY,120,1.0,defensive_high,3,SPY
DEFENSIVE_CYCLICAL,XLP/XLY->SPY,z120/thr1.0/fade_extreme|hold=3d,19.82,-0.26,-0.04,978,-0.051,-0.04,4991,US500cash,0.78,,,,,N/A_NO_BRUTO,no,NEW_FAMILY; XLP/XLY or XLU/XLI defensive-vs-cyclical relative->equity; != SECTOR_DISP XL*disp; short_hist=no; <=2024; nonoverlap_hold,XLP/XLY,120,1.0,fade_extreme,3,SPY
DEFENSIVE_CYCLICAL,XLP/XLY->SPY,z120/thr1.0/risk_on|hold=3d,19.82,-0.051,-0.012,1660,-0.017,-0.012,4991,US500cash,0.78,,,,,N/A_NO_BRUTO,no,NEW_FAMILY; XLP/XLY or XLU/XLI defensive-vs-cyclical relative->equity; != SECTOR_DISP XL*disp; short_hist=no; <=2024; nonoverlap_hold,XLP/XLY,120,1.0,risk_on,3,SPY
DEFENSIVE_CYCLICAL,XLP/XLY->NDX,z120/thr1.0/defensive_high|hold=3d,19.82,-2.739,-0.364,981,-0.538,-0.365,4991,US100cash,0.66,,,,,N/A_NO_BRUTO,no,NEW_FAMILY; XLP/XLY or XLU/XLI defensive-vs-cyclical relative->equity; != SECTOR_DISP XL*disp; short_hist=no; <=2024; nonoverlap_hold,XLP/XLY,120,1.0,defensive_high,3,NDX
DEFENSIVE_CYCLICAL,XLP/XLY->NDX,z120/thr1.0/fade_extreme|hold=3d,19.82,2.739,0.364,981,0.538,0.365,4991,US100cash,0.66,,,,,N/A_NO_BRUTO,no,NEW_FAMILY; XLP/XLY or XLU/XLI defensive-vs-cyclical relative->equity; != SECTOR_DISP XL*disp; short_hist=no; <=2024; nonoverlap_hold,XLP/XLY,120,1.0,fade_extreme,3,NDX
DEFENSIVE_CYCLICAL,XLP/XLY->NDX,z120/thr1.0/risk_on|hold=3d,19.82,-1.321,-0.249,1664,-0.441,-0.249,4991,US100cash,0.66,,,,,N/A_NO_BRUTO,no,NEW_FAMILY; XLP/XLY or XLU/XLI defensive-vs-cyclical relative->equity; != SECTOR_DISP XL*disp; short_hist=no; <=2024; nonoverlap_hold,XLP/XLY,120,1.0,risk_on,3,NDX
DEFENSIVE_CYCLICAL,XLP/XLY->SPY,z120/thr1.0/defensive_high|hold=5d,19.81,0.669,0.063,615,0.082,0.063,4989,US500cash,0.78,,,,,N/A_NO_BRUTO,no,NEW_FAMILY; XLP/XLY or XLU/XLI defensive-vs-cyclical relative->equity; != SECTOR_DISP XL*disp; short_hist=no; <=2024; nonoverlap_hold,XLP/XLY,120,1.0,defensive_high,5,SPY
DEFENSIVE_CYCLICAL,XLP/XLY->SPY,z120/thr1.0/fade_extreme|hold=5d,19.81,-0.669,-0.063,615,-0.082,-0.063,4989,US500cash,0.78,,,,,N/A_NO_BRUTO,no,NEW_FAMILY; XLP/XLY or XLU/XLI defensive-vs-cyclical relative->equity; != SECTOR_DISP XL*disp; short_hist=no; <=2024; nonoverlap_hold,XLP/XLY,120,1.0,fade_extreme,5,SPY
DEFENSIVE_CYCLICAL,XLP/XLY->SPY,z120/thr1.0/risk_on|hold=5d,19.81,-0.806,-0.099,996,-0.161,-0.099,4989,US500cash,0.78,,,,,N/A_NO_BRUTO,no,NEW_FAMILY; XLP/XLY or XLU/XLI defensive-vs-cyclical relative->equity; != SECTOR_DISP XL*disp; short_hist=no; <=2024; nonoverlap_hold,XLP/XLY,120,1.0,risk_on,5,SPY
DEFENSIVE_CYCLICAL,XLP/XLY->NDX,z120/thr1.0/defensive_high|hold=5d,19.81,-1.895,-0.159,618,-0.235,-0.159,4989,US100cash,0.66,,,,,N/A_NO_BRUTO,no,NEW_FAMILY; XLP/XLY or XLU/XLI defensive-vs-cyclical relative->equity; != SECTOR_DISP XL*disp; short_hist=no; <=2024; nonoverlap_hold,XLP/XLY,120,1.0,defensive_high,5,NDX
DEFENSIVE_CYCLICAL,XLP/XLY->NDX,z120/thr1.0/fade_extreme|hold=5d,19.81,1.895,0.159,618,0.235,0.159,4989,US100cash,0.66,,,,,N/A_NO_BRUTO,no,NEW_FAMILY; XLP/XLY or XLU/XLI defensive-vs-cyclical relative->equity; != SECTOR_DISP XL*disp; short_hist=no; <=2024; nonoverlap_hold,XLP/XLY,120,1.0,fade_extreme,5,NDX
DEFENSIVE_CYCLICAL,XLP/XLY->NDX,z120/thr1.0/risk_on|hold=5d,19.81,-2.502,-0.272,998,-0.501,-0.272,4989,US100cash,0.66,,,,,N/A_NO_BRUTO,no,NEW_FAMILY; XLP/XLY or XLU/XLI defensive-vs-cyclical relative->equity; != SECTOR_DISP XL*disp; short_hist=no; <=2024; nonoverlap_hold,XLP/XLY,120,1.0,risk_on,5,NDX
DEFENSIVE_CYCLICAL,XLP/XLY->SPY,z120/thr1.5/defensive_high|hold=1d,19.83,1.528,0.402,1567,0.48,0.402,4993,US500cash,0.78,,,,,N/A_NO_BRUTO,no,NEW_FAMILY; XLP/XLY or XLU/XLI defensive-vs-cyclical relative->equity; != SECTOR_DISP XL*disp; short_hist=no; <=2024; nonoverlap_hold,XLP/XLY,120,1.5,defensive_high,1,SPY
DEFENSIVE_CYCLICAL,XLP/XLY->SPY,z120/thr1.5/fade_extreme|hold=1d,19.83,-1.528,-0.402,1567,-0.48,-0.402,4993,US500cash,0.78,,,,,N/A_NO_BRUTO,no,NEW_FAMILY; XLP/XLY or XLU/XLI defensive-vs-cyclical relative->equity; != SECTOR_DISP XL*disp; short_hist=no; <=2024; nonoverlap_hold,XLP/XLY,120,1.5,fade_extreme,1,SPY
DEFENSIVE_CYCLICAL,XLP/XLY->SPY,z120/thr1.5/risk_on|hold=1d,19.83,1.116,0.653,4978,1.112,0.653,4993,US500cash,0.78,,,,,N/A_NO_BRUTO,no,NEW_FAMILY; XLP/XLY or XLU/XLI defensive-vs-cyclical relative->equity; != SECTOR_DISP XL*disp; short_hist=no; <=2024; nonoverlap_hold,XLP/XLY,120,1.5,risk_on,1,SPY
DEFENSIVE_CYCLICAL,XLP/XLY->NDX,z120/thr1.5/defensive_high|hold=1d,19.83,0.662,0.158,1571,0.208,0.158,4993,US100cash,0.66,,,,,N/A_NO_BRUTO,no,NEW_FAMILY; XLP/XLY or XLU/XLI defensive-vs-cyclical relative->equity; != SECTOR_DISP XL*disp; short_hist=no; <=2024; nonoverlap_hold,XLP/XLY,120,1.5,defensive_high,1,NDX
DEFENSIVE_CYCLICAL,XLP/XLY->NDX,z120/thr1.5/fade_extreme|hold=1d,19.83,-0.662,-0.158,1571,-0.208,-0.158,4993,US100cash,0.66,,,,,N/A_NO_BRUTO,no,NEW_FAMILY; XLP/XLY or XLU/XLI defensive-vs-cyclical relative->equity; != SECTOR_DISP XL*disp; short_hist=no; <=2024; nonoverlap_hold,XLP/XLY,120,1.5,fade_extreme,1,NDX
DEFENSIVE_CYCLICAL,XLP/XLY->NDX,z120/thr1.5/risk_on|hold=1d,19.83,1.348,0.685,4992,1.348,0.685,4993,US100cash,0.66,,,,,N/A_NO_BRUTO,no,NEW_FAMILY; XLP/XLY or XLU/XLI defensive-vs-cyclical relative->equity; != SECTOR_DISP XL*disp; short_hist=no; <=2024; nonoverlap_hold,XLP/XLY,120,1.5,risk_on,1,NDX
DEFENSIVE_CYCLICAL,XLP/XLY->SPY,z120/thr1.5/defensive_high|hold=3d,19.82,4.787,0.553,587,0.563,0.553,4991,US500cash,0.78,,,,,N/A_NO_BRUTO,no,NEW_FAMILY; XLP/XLY or XLU/XLI defensive-vs-cyclical relative->equity; != SECTOR_DISP XL*disp; short_hist=no; <=2024; nonoverlap_hold,XLP/XLY,120,1.5,defensive_high,3,SPY
DEFENSIVE_CYCLICAL,XLP/XLY->SPY,z120/thr1.5/fade_extreme|hold=3d,19.82,-4.787,-0.553,587,-0.563,-0.553,4991,US500cash,0.78,,,,,N/A_NO_BRUTO,no,NEW_FAMILY; XLP/XLY or XLU/XLI defensive-vs-cyclical relative->equity; != SECTOR_DISP XL*disp; short_hist=no; <=2024; nonoverlap_hold,XLP/XLY,120,1.5,fade_extreme,3,SPY
DEFENSIVE_CYCLICAL,XLP/XLY->SPY,z120/thr1.5/risk_on|hold=3d,19.82,-0.051,-0.012,1660,-0.017,-0.012,4991,US500cash,0.78,,,,,N/A_NO_BRUTO,no,NEW_FAMILY; XLP/XLY or XLU/XLI defensive-vs-cyclical relative->equity; != SECTOR_DISP XL*disp; short_hist=no; <=2024; nonoverlap_hold,XLP/XLY,120,1.5,risk_on,3,SPY
DEFENSIVE_CYCLICAL,XLP/XLY->NDX,z120/thr1.5/defensive_high|hold=3d,19.82,3.845,0.389,587,0.452,0.389,4991,US100cash,0.66,,,,,N/A_NO_BRUTO,no,NEW_FAMILY; XLP/XLY or XLU/XLI defensive-vs-cyclical relative->equity; != SECTOR_DISP XL*disp; short_hist=no; <=2024; nonoverlap_hold,XLP/XLY,120,1.5,defensive_high,3,NDX
DEFENSIVE_CYCLICAL,XLP/XLY->NDX,z120/thr1.5/fade_extreme|hold=3d,19.82,-3.845,-0.389,587,-0.452,-0.389,4991,US100cash,0.66,,,,,N/A_NO_BRUTO,no,NEW_FAMILY; XLP/XLY or XLU/XLI defensive-vs-cyclical relative->equity; != SECTOR_DISP XL*disp; short_hist=no; <=2024; nonoverlap_hold,XLP/XLY,120,1.5,fade_extreme,3,NDX
DEFENSIVE_CYCLICAL,XLP/XLY->NDX,z120/thr1.5/risk_on|hold=3d,19.82,-1.321,-0.249,1664,-0.441,-0.249,4991,US100cash,0.66,,,,,N/A_NO_BRUTO,no,NEW_FAMILY; XLP/XLY or XLU/XLI defensive-vs-cyclical relative->equity; != SECTOR_DISP XL*disp; short_hist=no; <=2024; nonoverlap_hold,XLP/XLY,120,1.5,risk_on,3,NDX
DEFENSIVE_CYCLICAL,XLP/XLY->SPY,z120/thr1.5/defensive_high|hold=5d,19.81,7.085,0.507,379,0.538,0.508,4989,US500cash,0.78,,,,,N/A_NO_BRUTO,no,NEW_FAMILY; XLP/XLY or XLU/XLI defensive-vs-cyclical relative->equity; != SECTOR_DISP XL*disp; short_hist=no; <=2024; nonoverlap_hold,XLP/XLY,120,1.5,defensive_high,5,SPY
DEFENSIVE_CYCLICAL,XLP/XLY->SPY,z120/thr1.5/fade_extreme|hold=5d,19.81,-7.085,-0.507,379,-0.538,-0.508,4989,US500cash,0.78,,,,,N/A_NO_BRUTO,no,NEW_FAMILY; XLP/XLY or XLU/XLI defensive-vs-cyclical relative->equity; != SECTOR_DISP XL*disp; short_hist=no; <=2024; nonoverlap_hold,XLP/XLY,120,1.5,fade_extreme,5,SPY
DEFENSIVE_CYCLICAL,XLP/XLY->SPY,z120/thr1.5/risk_on|hold=5d,19.81,-0.806,-0.099,996,-0.161,-0.099,4989,US500cash,0.78,,,,,N/A_NO_BRUTO,no,NEW_FAMILY; XLP/XLY or XLU/XLI defensive-vs-cyclical relative->equity; != SECTOR_DISP XL*disp; short_hist=no; <=2024; nonoverlap_hold,XLP/XLY,120,1.5,risk_on,5,SPY
DEFENSIVE_CYCLICAL,XLP/XLY->NDX,z120/thr1.5/defensive_high|hold=5d,19.81,4.147,0.256,379,0.315,0.256,4989,US100cash,0.66,,,,,N/A_NO_BRUTO,no,NEW_FAMILY; XLP/XLY or XLU/XLI defensive-vs-cyclical relative->equity; != SECTOR_DISP XL*disp; short_hist=no; <=2024; nonoverlap_hold,XLP/XLY,120,1.5,defensive_high,5,NDX
DEFENSIVE_CYCLICAL,XLP/XLY->NDX,z120/thr1.5/fade_extreme|hold=5d,19.81,-4.147,-0.256,379,-0.315,-0.256,4989,US100cash,0.66,,,,,N/A_NO_BRUTO,no,NEW_FAMILY; XLP/XLY or XLU/XLI defensive-vs-cyclical relative->equity; != SECTOR_DISP XL*disp; short_hist=no; <=2024; nonoverlap_hold,XLP/XLY,120,1.5,fade_extreme,5,NDX
DEFENSIVE_CYCLICAL,XLP/XLY->NDX,z120/thr1.5/risk_on|hold=5d,19.81,-2.502,-0.272,998,-0.501,-0.272,4989,US100cash,0.66,,,,,N/A_NO_BRUTO,no,NEW_FAMILY; XLP/XLY or XLU/XLI defensive-vs-cyclical relative->equity; != SECTOR_DISP XL*disp; short_hist=no; <=2024; nonoverlap_hold,XLP/XLY,120,1.5,risk_on,5,NDX
DEFENSIVE_CYCLICAL,XLU/XLI->SPY,z40/thr0.5/defensive_high|hold=1d,19.91,3.116,1.572,3987,2.478,1.572,5012,US500cash,0.78,,,,,N/A_NO_BRUTO,no,NEW_FAMILY; XLP/XLY or XLU/XLI defensive-vs-cyclical relative->equity; != SECTOR_DISP XL*disp; short_hist=no; <=2024; nonoverlap_hold,XLU/XLI,40,0.5,defensive_high,1,SPY
DEFENSIVE_CYCLICAL,XLU/XLI->SPY,z40/thr0.5/fade_extreme|hold=1d,19.91,-3.116,-1.572,3987,-2.478,-1.572,5012,US500cash,0.78,,,,,N/A_NO_BRUTO,no,NEW_FAMILY; XLP/XLY or XLU/XLI defensive-vs-cyclical relative->equity; != SECTOR_DISP XL*disp; short_hist=no; <=2024; nonoverlap_hold,XLU/XLI,40,0.5,fade_extreme,1,SPY
DEFENSIVE_CYCLICAL,XLU/XLI->SPY,z40/thr0.5/risk_on|hold=1d,19.91,1.486,0.873,4997,1.481,0.873,5012,US500cash,0.78,,,,,N/A_NO_BRUTO,no,NEW_FAMILY; XLP/XLY or XLU/XLI defensive-vs-cyclical relative->equity; != SECTOR_DISP XL*disp; short_hist=no; <=2024; nonoverlap_hold,XLU/XLI,40,0.5,risk_on,1,SPY
DEFENSIVE_CYCLICAL,XLU/XLI->NDX,z40/thr0.5/defensive_high|hold=1d,19.91,2.907,1.288,4000,2.32,1.288,5012,US100cash,0.66,,,,,N/A_NO_BRUTO,no,NEW_FAMILY; XLP/XLY or XLU/XLI defensive-vs-cyclical relative->equity; != SECTOR_DISP XL*disp; short_hist=no; <=2024; nonoverlap_hold,XLU/XLI,40,0.5,defensive_high,1,NDX
DEFENSIVE_CYCLICAL,XLU/XLI->NDX,z40/thr0.5/fade_extreme|hold=1d,19.91,-2.907,-1.288,4000,-2.32,-1.288,5012,US100cash,0.66,,,,,N/A_NO_BRUTO,no,NEW_FAMILY; XLP/XLY or XLU/XLI defensive-vs-cyclical relative->equity; != SECTOR_DISP XL*disp; short_hist=no; <=2024; nonoverlap_hold,XLU/XLI,40,0.5,fade_extreme,1,NDX
DEFENSIVE_CYCLICAL,XLU/XLI->NDX,z40/thr0.5/risk_on|hold=1d,19.91,1.034,0.527,5011,1.034,0.527,5012,US100cash,0.66,,,,,N/A_NO_BRUTO,no,NEW_FAMILY; XLP/XLY or XLU/XLI defensive-vs-cyclical relative->equity; != SECTOR_DISP XL*disp; short_hist=no; <=2024; nonoverlap_hold,XLU/XLI,40,0.5,risk_on,1,NDX
DEFENSIVE_CYCLICAL,XLU/XLI->SPY,z40/thr0.5/defensive_high|hold=3d,19.9,7.842,1.529,1453,2.274,1.528,5010,US500cash,0.78,,,,,N/A_NO_BRUTO,no,NEW_FAMILY; XLP/XLY or XLU/XLI defensive-vs-cyclical relative->equity; != SECTOR_DISP XL*disp; short_hist=no; <=2024; nonoverlap_hold,XLU/XLI,40,0.5,defensive_high,3,SPY
DEFENSIVE_CYCLICAL,XLU/XLI->SPY,z40/thr0.5/fade_extreme|hold=3d,19.9,-7.842,-1.529,1453,-2.274,-1.528,5010,US500cash,0.78,,,,,N/A_NO_BRUTO,no,NEW_FAMILY; XLP/XLY or XLU/XLI defensive-vs-cyclical relative->equity; != SECTOR_DISP XL*disp; short_hist=no; <=2024; nonoverlap_hold,XLU/XLI,40,0.5,fade_extreme,3,SPY
DEFENSIVE_CYCLICAL,XLU/XLI->SPY,z40/thr0.5/risk_on|hold=3d,19.9,4.191,0.879,1669,1.396,0.879,5010,US500cash,0.78,,,,,N/A_NO_BRUTO,no,NEW_FAMILY; XLP/XLY or XLU/XLI defensive-vs-cyclical relative->equity; != SECTOR_DISP XL*disp; short_hist=no; <=2024; nonoverlap_hold,XLU/XLI,40,0.5,risk_on,3,SPY
DEFENSIVE_CYCLICAL,XLU/XLI->NDX,z40/thr0.5/defensive_high|hold=3d,19.9,8.91,1.483,1456,2.589,1.483,5010,US100cash,0.66,,,,,N/A_NO_BRUTO,no,NEW_FAMILY; XLP/XLY or XLU/XLI defensive-vs-cyclical relative->equity; != SECTOR_DISP XL*disp; short_hist=no; <=2024; nonoverlap_hold,XLU/XLI,40,0.5,defensive_high,3,NDX
DEFENSIVE_CYCLICAL,XLU/XLI->NDX,z40/thr0.5/fade_extreme|hold=3d,19.9,-8.91,-1.483,1456,-2.589,-1.483,5010,US100cash,0.66,,,,,N/A_NO_BRUTO,no,NEW_FAMILY; XLP/XLY or XLU/XLI defensive-vs-cyclical relative->equity; != SECTOR_DISP XL*disp; short_hist=no; <=2024; nonoverlap_hold,XLU/XLI,40,0.5,fade_extreme,3,NDX
DEFENSIVE_CYCLICAL,XLU/XLI->NDX,z40/thr0.5/risk_on|hold=3d,19.9,2.592,0.473,1670,0.864,0.473,5010,US100cash,0.66,,,,,N/A_NO_BRUTO,no,NEW_FAMILY; XLP/XLY or XLU/XLI defensive-vs-cyclical relative->equity; != SECTOR_DISP XL*disp; short_hist=no; <=2024; nonoverlap_hold,XLU/XLI,40,0.5,risk_on,3,NDX
DEFENSIVE_CYCLICAL,XLU/XLI->SPY,z40/thr0.5/defensive_high|hold=5d,19.89,16.483,2.02,910,2.995,2.017,5008,US500cash,0.78,4.041,4.821,2.34,11.662,COST_OK,yes,NEW_FAMILY; XLP/XLY or XLU/XLI defensive-vs-cyclical relative->equity; != SECTOR_DISP XL*disp; short_hist=no; <=2024; nonoverlap_hold; cost=COST_OK,XLU/XLI,40,0.5,defensive_high,5,SPY
DEFENSIVE_CYCLICAL,XLU/XLI->SPY,z40/thr0.5/fade_extreme|hold=5d,19.89,-16.483,-2.02,910,-2.995,-2.017,5008,US500cash,0.78,,,,,N/A_NO_BRUTO,no,NEW_FAMILY; XLP/XLY or XLU/XLI defensive-vs-cyclical relative->equity; != SECTOR_DISP XL*disp; short_hist=no; <=2024; nonoverlap_hold,XLU/XLI,40,0.5,fade_extreme,5,SPY
DEFENSIVE_CYCLICAL,XLU/XLI->SPY,z40/thr0.5/risk_on|hold=5d,19.89,6.894,0.892,1000,1.377,0.892,5008,US500cash,0.78,,,,,N/A_NO_BRUTO,no,NEW_FAMILY; XLP/XLY or XLU/XLI defensive-vs-cyclical relative->equity; != SECTOR_DISP XL*disp; short_hist=no; <=2024; nonoverlap_hold,XLU/XLI,40,0.5,risk_on,5,SPY
DEFENSIVE_CYCLICAL,XLU/XLI->NDX,z40/thr0.5/defensive_high|hold=5d,19.89,19.754,2.077,911,3.593,2.074,5008,US100cash,0.66,1.027,1.687,1.98,18.067,COST_OK,yes,NEW_FAMILY; XLP/XLY or XLU/XLI defensive-vs-cyclical relative->equity; != SECTOR_DISP XL*disp; short_hist=no; <=2024; nonoverlap_hold; cost=COST_OK,XLU/XLI,40,0.5,defensive_high,5,NDX
DEFENSIVE_CYCLICAL,XLU/XLI->NDX,z40/thr0.5/fade_extreme|hold=5d,19.89,-19.754,-2.077,911,-3.593,-2.074,5008,US100cash,0.66,,,,,N/A_NO_BRUTO,no,NEW_FAMILY; XLP/XLY or XLU/XLI defensive-vs-cyclical relative->equity; != SECTOR_DISP XL*disp; short_hist=no; <=2024; nonoverlap_hold,XLU/XLI,40,0.5,fade_extreme,5,NDX
DEFENSIVE_CYCLICAL,XLU/XLI->NDX,z40/thr0.5/risk_on|hold=5d,19.89,7.399,0.839,1002,1.48,0.839,5008,US100cash,0.66,,,,,N/A_NO_BRUTO,no,NEW_FAMILY; XLP/XLY or XLU/XLI defensive-vs-cyclical relative->equity; != SECTOR_DISP XL*disp; short_hist=no; <=2024; nonoverlap_hold,XLU/XLI,40,0.5,risk_on,5,NDX
DEFENSIVE_CYCLICAL,XLU/XLI->SPY,z40/thr1.0/defensive_high|hold=1d,19.91,2.6,1.086,2802,1.454,1.086,5012,US500cash,0.78,,,,,N/A_NO_BRUTO,no,NEW_FAMILY; XLP/XLY or XLU/XLI defensive-vs-cyclical relative->equity; != SECTOR_DISP XL*disp; short_hist=no; <=2024; nonoverlap_hold,XLU/XLI,40,1.0,defensive_high,1,SPY
DEFENSIVE_CYCLICAL,XLU/XLI->SPY,z40/thr1.0/fade_extreme|hold=1d,19.91,-2.6,-1.086,2802,-1.454,-1.086,5012,US500cash,0.78,,,,,N/A_NO_BRUTO,no,NEW_FAMILY; XLP/XLY or XLU/XLI defensive-vs-cyclical relative->equity; != SECTOR_DISP XL*disp; short_hist=no; <=2024; nonoverlap_hold,XLU/XLI,40,1.0,fade_extreme,1,SPY
DEFENSIVE_CYCLICAL,XLU/XLI->SPY,z40/thr1.0/risk_on|hold=1d,19.91,1.486,0.873,4997,1.481,0.873,5012,US500cash,0.78,,,,,N/A_NO_BRUTO,no,NEW_FAMILY; XLP/XLY or XLU/XLI defensive-vs-cyclical relative->equity; != SECTOR_DISP XL*disp; short_hist=no; <=2024; nonoverlap_hold,XLU/XLI,40,1.0,risk_on,1,SPY
DEFENSIVE_CYCLICAL,XLU/XLI->NDX,z40/thr1.0/defensive_high|hold=1d,19.91,1.473,0.54,2811,0.826,0.54,5012,US100cash,0.66,,,,,N/A_NO_BRUTO,no,NEW_FAMILY; XLP/XLY or XLU/XLI defensive-vs-cyclical relative->equity; != SECTOR_DISP XL*disp; short_hist=no; <=2024; nonoverlap_hold,XLU/XLI,40,1.0,defensive_high,1,NDX
DEFENSIVE_CYCLICAL,XLU/XLI->NDX,z40/thr1.0/fade_extreme|hold=1d,19.91,-1.473,-0.54,2811,-0.826,-0.54,5012,US100cash,0.66,,,,,N/A_NO_BRUTO,no,NEW_FAMILY; XLP/XLY or XLU/XLI defensive-vs-cyclical relative->equity; != SECTOR_DISP XL*disp; short_hist=no; <=2024; nonoverlap_hold,XLU/XLI,40,1.0,fade_extreme,1,NDX
DEFENSIVE_CYCLICAL,XLU/XLI->NDX,z40/thr1.0/risk_on|hold=1d,19.91,1.034,0.527,5011,1.034,0.527,5012,US100cash,0.66,,,,,N/A_NO_BRUTO,no,NEW_FAMILY; XLP/XLY or XLU/XLI defensive-vs-cyclical relative->equity; != SECTOR_DISP XL*disp; short_hist=no; <=2024; nonoverlap_hold,XLU/XLI,40,1.0,risk_on,1,NDX
DEFENSIVE_CYCLICAL,XLU/XLI->SPY,z40/thr1.0/defensive_high|hold=3d,19.9,3.932,0.633,1086,0.852,0.633,5010,US500cash,0.78,,,,,N/A_NO_BRUTO,no,NEW_FAMILY; XLP/XLY or XLU/XLI defensive-vs-cyclical relative->equity; != SECTOR_DISP XL*disp; short_hist=no; <=2024; nonoverlap_hold,XLU/XLI,40,1.0,defensive_high,3,SPY
DEFENSIVE_CYCLICAL,XLU/XLI->SPY,z40/thr1.0/fade_extreme|hold=3d,19.9,-3.932,-0.633,1086,-0.852,-0.633,5010,US500cash,0.78,,,,,N/A_NO_BRUTO,no,NEW_FAMILY; XLP/XLY or XLU/XLI defensive-vs-cyclical relative->equity; != SECTOR_DISP XL*disp; short_hist=no; <=2024; nonoverlap_hold,XLU/XLI,40,1.0,fade_extreme,3,SPY
DEFENSIVE_CYCLICAL,XLU/XLI->SPY,z40/thr1.0/risk_on|hold=3d,19.9,4.191,0.879,1669,1.396,0.879,5010,US500cash,0.78,,,,,N/A_NO_BRUTO,no,NEW_FAMILY; XLP/XLY or XLU/XLI defensive-vs-cyclical relative->equity; != SECTOR_DISP XL*disp; short_hist=no; <=2024; nonoverlap_hold,XLU/XLI,40,1.0,risk_on,3,SPY
DEFENSIVE_CYCLICAL,XLU/XLI->NDX,z40/thr1.0/defensive_high|hold=3d,19.9,1.727,0.244,1088,0.375,0.244,5010,US100cash,0.66,,,,,N/A_NO_BRUTO,no,NEW_FAMILY; XLP/XLY or XLU/XLI defensive-vs-cyclical relative->equity; != SECTOR_DISP XL*disp; short_hist=no; <=2024; nonoverlap_hold,XLU/XLI,40,1.0,defensive_high,3,NDX
DEFENSIVE_CYCLICAL,XLU/XLI->NDX,z40/thr1.0/fade_extreme|hold=3d,19.9,-1.727,-0.244,1088,-0.375,-0.244,5010,US100cash,0.66,,,,,N/A_NO_BRUTO,no,NEW_FAMILY; XLP/XLY or XLU/XLI defensive-vs-cyclical relative->equity; != SECTOR_DISP XL*disp; short_hist=no; <=2024; nonoverlap_hold,XLU/XLI,40,1.0,fade_extreme,3,NDX
DEFENSIVE_CYCLICAL,XLU/XLI->NDX,z40/thr1.0/risk_on|hold=3d,19.9,2.592,0.473,1670,0.864,0.473,5010,US100cash,0.66,,,,,N/A_NO_BRUTO,no,NEW_FAMILY; XLP/XLY or XLU/XLI defensive-vs-cyclical relative->equity; != SECTOR_DISP XL*disp; short_hist=no; <=2024; nonoverlap_hold,XLU/XLI,40,1.0,risk_on,3,NDX
DEFENSIVE_CYCLICAL,XLU/XLI->SPY,z40/thr1.0/defensive_high|hold=5d,19.89,5.505,0.578,707,0.777,0.578,5008,US500cash,0.78,,,,,N/A_NO_BRUTO,no,NEW_FAMILY; XLP/XLY or XLU/XLI defensive-vs-cyclical relative->equity; != SECTOR_DISP XL*disp; short_hist=no; <=2024; nonoverlap_hold,XLU/XLI,40,1.0,defensive_high,5,SPY
DEFENSIVE_CYCLICAL,XLU/XLI->SPY,z40/thr1.0/fade_extreme|hold=5d,19.89,-5.505,-0.578,707,-0.777,-0.578,5008,US500cash,0.78,,,,,N/A_NO_BRUTO,no,NEW_FAMILY; XLP/XLY or XLU/XLI defensive-vs-cyclical relative->equity; != SECTOR_DISP XL*disp; short_hist=no; <=2024; nonoverlap_hold,XLU/XLI,40,1.0,fade_extreme,5,SPY
DEFENSIVE_CYCLICAL,XLU/XLI->SPY,z40/thr1.0/risk_on|hold=5d,19.89,6.894,0.892,1000,1.377,0.892,5008,US500cash,0.78,,,,,N/A_NO_BRUTO,no,NEW_FAMILY; XLP/XLY or XLU/XLI defensive-vs-cyclical relative->equity; != SECTOR_DISP XL*disp; short_hist=no; <=2024; nonoverlap_hold,XLU/XLI,40,1.0,risk_on,5,SPY
DEFENSIVE_CYCLICAL,XLU/XLI->NDX,z40/thr1.0/defensive_high|hold=5d,19.89,4.235,0.393,707,0.598,0.393,5008,US100cash,0.66,,,,,N/A_NO_BRUTO,no,NEW_FAMILY; XLP/XLY or XLU/XLI defensive-vs-cyclical relative->equity; != SECTOR_DISP XL*disp; short_hist=no; <=2024; nonoverlap_hold,XLU/XLI,40,1.0,defensive_high,5,NDX
DEFENSIVE_CYCLICAL,XLU/XLI->NDX,z40/thr1.0/fade_extreme|hold=5d,19.89,-4.235,-0.393,707,-0.598,-0.393,5008,US100cash,0.66,,,,,N/A_NO_BRUTO,no,NEW_FAMILY; XLP/XLY or XLU/XLI defensive-vs-cyclical relative->equity; != SECTOR_DISP XL*disp; short_hist=no; <=2024; nonoverlap_hold,XLU/XLI,40,1.0,fade_extreme,5,NDX
DEFENSIVE_CYCLICAL,XLU/XLI->NDX,z40/thr1.0/risk_on|hold=5d,19.89,7.399,0.839,1002,1.48,0.839,5008,US100cash,0.66,,,,,N/A_NO_BRUTO,no,NEW_FAMILY; XLP/XLY or XLU/XLI defensive-vs-cyclical relative->equity; != SECTOR_DISP XL*disp; short_hist=no; <=2024; nonoverlap_hold,XLU/XLI,40,1.0,risk_on,5,NDX
DEFENSIVE_CYCLICAL,XLU/XLI->SPY,z40/thr1.5/defensive_high|hold=1d,19.91,5.077,1.534,1628,1.649,1.533,5012,US500cash,0.78,,,,,N/A_NO_BRUTO,no,NEW_FAMILY; XLP/XLY or XLU/XLI defensive-vs-cyclical relative->equity; != SECTOR_DISP XL*disp; short_hist=no; <=2024; nonoverlap_hold,XLU/XLI,40,1.5,defensive_high,1,SPY
DEFENSIVE_CYCLICAL,XLU/XLI->SPY,z40/thr1.5/fade_extreme|hold=1d,19.91,-5.077,-1.534,1628,-1.649,-1.533,5012,US500cash,0.78,,,,,N/A_NO_BRUTO,no,NEW_FAMILY; XLP/XLY or XLU/XLI defensive-vs-cyclical relative->equity; != SECTOR_DISP XL*disp; short_hist=no; <=2024; nonoverlap_hold,XLU/XLI,40,1.5,fade_extreme,1,SPY
DEFENSIVE_CYCLICAL,XLU/XLI->SPY,z40/thr1.5/risk_on|hold=1d,19.91,1.486,0.873,4997,1.481,0.873,5012,US500cash,0.78,,,,,N/A_NO_BRUTO,no,NEW_FAMILY; XLP/XLY or XLU/XLI defensive-vs-cyclical relative->equity; != SECTOR_DISP XL*disp; short_hist=no; <=2024; nonoverlap_hold,XLU/XLI,40,1.5,risk_on,1,SPY
DEFENSIVE_CYCLICAL,XLU/XLI->NDX,z40/thr1.5/defensive_high|hold=1d,19.91,3.932,1.055,1631,1.28,1.055,5012,US100cash,0.66,,,,,N/A_NO_BRUTO,no,NEW_FAMILY; XLP/XLY or XLU/XLI defensive-vs-cyclical relative->equity; != SECTOR_DISP XL*disp; short_hist=no; <=2024; nonoverlap_hold,XLU/XLI,40,1.5,defensive_high,1,NDX
DEFENSIVE_CYCLICAL,XLU/XLI->NDX,z40/thr1.5/fade_extreme|hold=1d,19.91,-3.932,-1.055,1631,-1.28,-1.055,5012,US100cash,0.66,,,,,N/A_NO_BRUTO,no,NEW_FAMILY; XLP/XLY or XLU/XLI defensive-vs-cyclical relative->equity; != SECTOR_DISP XL*disp; short_hist=no; <=2024; nonoverlap_hold,XLU/XLI,40,1.5,fade_extreme,1,NDX
DEFENSIVE_CYCLICAL,XLU/XLI->NDX,z40/thr1.5/risk_on|hold=1d,19.91,1.034,0.527,5011,1.034,0.527,5012,US100cash,0.66,,,,,N/A_NO_BRUTO,no,NEW_FAMILY; XLP/XLY or XLU/XLI defensive-vs-cyclical relative->equity; != SECTOR_DISP XL*disp; short_hist=no; <=2024; nonoverlap_hold,XLU/XLI,40,1.5,risk_on,1,NDX
DEFENSIVE_CYCLICAL,XLU/XLI->SPY,z40/thr1.5/defensive_high|hold=3d,19.9,10.707,1.244,660,1.411,1.244,5010,US500cash,0.78,,,,,N/A_NO_BRUTO,no,NEW_FAMILY; XLP/XLY or XLU/XLI defensive-vs-cyclical relative->equity; != SECTOR_DISP XL*disp; short_hist=no; <=2024; nonoverlap_hold,XLU/XLI,40,1.5,defensive_high,3,SPY
DEFENSIVE_CYCLICAL,XLU/XLI->SPY,z40/thr1.5/fade_extreme|hold=3d,19.9,-10.707,-1.244,660,-1.411,-1.244,5010,US500cash,0.78,,,,,N/A_NO_BRUTO,no,NEW_FAMILY; XLP/XLY or XLU/XLI defensive-vs-cyclical relative->equity; != SECTOR_DISP XL*disp; short_hist=no; <=2024; nonoverlap_hold,XLU/XLI,40,1.5,fade_extreme,3,SPY
DEFENSIVE_CYCLICAL,XLU/XLI->SPY,z40/thr1.5/risk_on|hold=3d,19.9,4.191,0.879,1669,1.396,0.879,5010,US500cash,0.78,,,,,N/A_NO_BRUTO,no,NEW_FAMILY; XLP/XLY or XLU/XLI defensive-vs-cyclical relative->equity; != SECTOR_DISP XL*disp; short_hist=no; <=2024; nonoverlap_hold,XLU/XLI,40,1.5,risk_on,3,SPY
DEFENSIVE_CYCLICAL,XLU/XLI->NDX,z40/thr1.5/defensive_high|hold=3d,19.9,8.66,0.926,662,1.144,0.926,5010,US100cash,0.66,,,,,N/A_NO_BRUTO,no,NEW_FAMILY; XLP/XLY or XLU/XLI defensive-vs-cyclical relative->equity; != SECTOR_DISP XL*disp; short_hist=no; <=2024; nonoverlap_hold,XLU/XLI,40,1.5,defensive_high,3,NDX
DEFENSIVE_CYCLICAL,XLU/XLI->NDX,z40/thr1.5/fade_extreme|hold=3d,19.9,-8.66,-0.926,662,-1.144,-0.926,5010,US100cash,0.66,,,,,N/A_NO_BRUTO,no,NEW_FAMILY; XLP/XLY or XLU/XLI defensive-vs-cyclical relative->equity; != SECTOR_DISP XL*disp; short_hist=no; <=2024; nonoverlap_hold,XLU/XLI,40,1.5,fade_extreme,3,NDX
DEFENSIVE_CYCLICAL,XLU/XLI->NDX,z40/thr1.5/risk_on|hold=3d,19.9,2.592,0.473,1670,0.864,0.473,5010,US100cash,0.66,,,,,N/A_NO_BRUTO,no,NEW_FAMILY; XLP/XLY or XLU/XLI defensive-vs-cyclical relative->equity; != SECTOR_DISP XL*disp; short_hist=no; <=2024; nonoverlap_hold,XLU/XLI,40,1.5,risk_on,3,NDX
DEFENSIVE_CYCLICAL,XLU/XLI->SPY,z40/thr1.5/defensive_high|hold=5d,19.89,14.63,1.262,463,1.353,1.261,5008,US500cash,0.78,,,,,N/A_NO_BRUTO,no,NEW_FAMILY; XLP/XLY or XLU/XLI defensive-vs-cyclical relative->equity; != SECTOR_DISP XL*disp; short_hist=no; <=2024; nonoverlap_hold,XLU/XLI,40,1.5,defensive_high,5,SPY
DEFENSIVE_CYCLICAL,XLU/XLI->SPY,z40/thr1.5/fade_extreme|hold=5d,19.89,-14.63,-1.262,463,-1.353,-1.261,5008,US500cash,0.78,,,,,N/A_NO_BRUTO,no,NEW_FAMILY; XLP/XLY or XLU/XLI defensive-vs-cyclical relative->equity; != SECTOR_DISP XL*disp; short_hist=no; <=2024; nonoverlap_hold,XLU/XLI,40,1.5,fade_extreme,5,SPY
DEFENSIVE_CYCLICAL,XLU/XLI->SPY,z40/thr1.5/risk_on|hold=5d,19.89,6.894,0.892,1000,1.377,0.892,5008,US500cash,0.78,,,,,N/A_NO_BRUTO,no,NEW_FAMILY; XLP/XLY or XLU/XLI defensive-vs-cyclical relative->equity; != SECTOR_DISP XL*disp; short_hist=no; <=2024; nonoverlap_hold,XLU/XLI,40,1.5,risk_on,5,SPY
DEFENSIVE_CYCLICAL,XLU/XLI->NDX,z40/thr1.5/defensive_high|hold=5d,19.89,11.792,0.867,463,1.09,0.868,5008,US100cash,0.66,,,,,N/A_NO_BRUTO,no,NEW_FAMILY; XLP/XLY or XLU/XLI defensive-vs-cyclical relative->equity; != SECTOR_DISP XL*disp; short_hist=no; <=2024; nonoverlap_hold,XLU/XLI,40,1.5,defensive_high,5,NDX
DEFENSIVE_CYCLICAL,XLU/XLI->NDX,z40/thr1.5/fade_extreme|hold=5d,19.89,-11.792,-0.867,463,-1.09,-0.868,5008,US100cash,0.66,,,,,N/A_NO_BRUTO,no,NEW_FAMILY; XLP/XLY or XLU/XLI defensive-vs-cyclical relative->equity; != SECTOR_DISP XL*disp; short_hist=no; <=2024; nonoverlap_hold,XLU/XLI,40,1.5,fade_extreme,5,NDX
DEFENSIVE_CYCLICAL,XLU/XLI->NDX,z40/thr1.5/risk_on|hold=5d,19.89,7.399,0.839,1002,1.48,0.839,5008,US100cash,0.66,,,,,N/A_NO_BRUTO,no,NEW_FAMILY; XLP/XLY or XLU/XLI defensive-vs-cyclical relative->equity; != SECTOR_DISP XL*disp; short_hist=no; <=2024; nonoverlap_hold,XLU/XLI,40,1.5,risk_on,5,NDX
DEFENSIVE_CYCLICAL,XLU/XLI->SPY,z60/thr0.5/defensive_high|hold=1d,19.91,2.486,1.236,3918,1.944,1.236,5012,US500cash,0.78,,,,,N/A_NO_BRUTO,no,NEW_FAMILY; XLP/XLY or XLU/XLI defensive-vs-cyclical relative->equity; != SECTOR_DISP XL*disp; short_hist=no; <=2024; nonoverlap_hold,XLU/XLI,60,0.5,defensive_high,1,SPY
DEFENSIVE_CYCLICAL,XLU/XLI->SPY,z60/thr0.5/fade_extreme|hold=1d,19.91,-2.486,-1.236,3918,-1.944,-1.236,5012,US500cash,0.78,,,,,N/A_NO_BRUTO,no,NEW_FAMILY; XLP/XLY or XLU/XLI defensive-vs-cyclical relative->equity; != SECTOR_DISP XL*disp; short_hist=no; <=2024; nonoverlap_hold,XLU/XLI,60,0.5,fade_extreme,1,SPY
DEFENSIVE_CYCLICAL,XLU/XLI->SPY,z60/thr0.5/risk_on|hold=1d,19.91,1.486,0.873,4997,1.481,0.873,5012,US500cash,0.78,,,,,N/A_NO_BRUTO,no,NEW_FAMILY; XLP/XLY or XLU/XLI defensive-vs-cyclical relative->equity; != SECTOR_DISP XL*disp; short_hist=no; <=2024; nonoverlap_hold,XLU/XLI,60,0.5,risk_on,1,SPY
DEFENSIVE_CYCLICAL,XLU/XLI->NDX,z60/thr0.5/defensive_high|hold=1d,19.91,2.067,0.904,3929,1.62,0.904,5012,US100cash,0.66,,,,,N/A_NO_BRUTO,no,NEW_FAMILY; XLP/XLY or XLU/XLI defensive-vs-cyclical relative->equity; != SECTOR_DISP XL*disp; short_hist=no; <=2024; nonoverlap_hold,XLU/XLI,60,0.5,defensive_high,1,NDX
DEFENSIVE_CYCLICAL,XLU/XLI->NDX,z60/thr0.5/fade_extreme|hold=1d,19.91,-2.067,-0.904,3929,-1.62,-0.904,5012,US100cash,0.66,,,,,N/A_NO_BRUTO,no,NEW_FAMILY; XLP/XLY or XLU/XLI defensive-vs-cyclical relative->equity; != SECTOR_DISP XL*disp; short_hist=no; <=2024; nonoverlap_hold,XLU/XLI,60,0.5,fade_extreme,1,NDX
DEFENSIVE_CYCLICAL,XLU/XLI->NDX,z60/thr0.5/risk_on|hold=1d,19.91,1.034,0.527,5011,1.034,0.527,5012,US100cash,0.66,,,,,N/A_NO_BRUTO,no,NEW_FAMILY; XLP/XLY or XLU/XLI defensive-vs-cyclical relative->equity; != SECTOR_DISP XL*disp; short_hist=no; <=2024; nonoverlap_hold,XLU/XLI,60,0.5,risk_on,1,NDX
DEFENSIVE_CYCLICAL,XLU/XLI->SPY,z60/thr0.5/defensive_high|hold=3d,19.9,6.582,1.282,1400,1.839,1.282,5010,US500cash,0.78,,,,,N/A_NO_BRUTO,no,NEW_FAMILY; XLP/XLY or XLU/XLI defensive-vs-cyclical relative->equity; != SECTOR_DISP XL*disp; short_hist=no; <=2024; nonoverlap_hold,XLU/XLI,60,0.5,defensive_high,3,SPY
DEFENSIVE_CYCLICAL,XLU/XLI->SPY,z60/thr0.5/fade_extreme|hold=3d,19.9,-6.582,-1.282,1400,-1.839,-1.282,5010,US500cash,0.78,,,,,N/A_NO_BRUTO,no,NEW_FAMILY; XLP/XLY or XLU/XLI defensive-vs-cyclical relative->equity; != SECTOR_DISP XL*disp; short_hist=no; <=2024; nonoverlap_hold,XLU/XLI,60,0.5,fade_extreme,3,SPY
DEFENSIVE_CYCLICAL,XLU/XLI->SPY,z60/thr0.5/risk_on|hold=3d,19.9,4.191,0.879,1669,1.396,0.879,5010,US500cash,0.78,,,,,N/A_NO_BRUTO,no,NEW_FAMILY; XLP/XLY or XLU/XLI defensive-vs-cyclical relative->equity; != SECTOR_DISP XL*disp; short_hist=no; <=2024; nonoverlap_hold,XLU/XLI,60,0.5,risk_on,3,SPY
DEFENSIVE_CYCLICAL,XLU/XLI->NDX,z60/thr0.5/defensive_high|hold=3d,19.9,6.179,1.032,1404,1.732,1.032,5010,US100cash,0.66,,,,,N/A_NO_BRUTO,no,NEW_FAMILY; XLP/XLY or XLU/XLI defensive-vs-cyclical relative->equity; != SECTOR_DISP XL*disp; short_hist=no; <=2024; nonoverlap_hold,XLU/XLI,60,0.5,defensive_high,3,NDX
DEFENSIVE_CYCLICAL,XLU/XLI->NDX,z60/thr0.5/fade_extreme|hold=3d,19.9,-6.179,-1.032,1404,-1.732,-1.032,5010,US100cash,0.66,,,,,N/A_NO_BRUTO,no,NEW_FAMILY; XLP/XLY or XLU/XLI defensive-vs-cyclical relative->equity; != SECTOR_DISP XL*disp; short_hist=no; <=2024; nonoverlap_hold,XLU/XLI,60,0.5,fade_extreme,3,NDX
DEFENSIVE_CYCLICAL,XLU/XLI->NDX,z60/thr0.5/risk_on|hold=3d,19.9,2.592,0.473,1670,0.864,0.473,5010,US100cash,0.66,,,,,N/A_NO_BRUTO,no,NEW_FAMILY; XLP/XLY or XLU/XLI defensive-vs-cyclical relative->equity; != SECTOR_DISP XL*disp; short_hist=no; <=2024; nonoverlap_hold,XLU/XLI,60,0.5,risk_on,3,NDX
DEFENSIVE_CYCLICAL,XLU/XLI->SPY,z60/thr0.5/defensive_high|hold=5d,19.89,12.271,1.483,886,2.171,1.482,5008,US500cash,0.78,,,,,N/A_NO_BRUTO,no,NEW_FAMILY; XLP/XLY or XLU/XLI defensive-vs-cyclical relative->equity; != SECTOR_DISP XL*disp; short_hist=no; <=2024; nonoverlap_hold,XLU/XLI,60,0.5,defensive_high,5,SPY
DEFENSIVE_CYCLICAL,XLU/XLI->SPY,z60/thr0.5/fade_extreme|hold=5d,19.89,-12.271,-1.483,886,-2.171,-1.482,5008,US500cash,0.78,,,,,N/A_NO_BRUTO,no,NEW_FAMILY; XLP/XLY or XLU/XLI defensive-vs-cyclical relative->equity; != SECTOR_DISP XL*disp; short_hist=no; <=2024; nonoverlap_hold,XLU/XLI,60,0.5,fade_extreme,5,SPY
DEFENSIVE_CYCLICAL,XLU/XLI->SPY,z60/thr0.5/risk_on|hold=5d,19.89,6.894,0.892,1000,1.377,0.892,5008,US500cash,0.78,,,,,N/A_NO_BRUTO,no,NEW_FAMILY; XLP/XLY or XLU/XLI defensive-vs-cyclical relative->equity; != SECTOR_DISP XL*disp; short_hist=no; <=2024; nonoverlap_hold,XLU/XLI,60,0.5,risk_on,5,SPY
DEFENSIVE_CYCLICAL,XLU/XLI->NDX,z60/thr0.5/defensive_high|hold=5d,19.89,12.947,1.361,888,2.296,1.36,5008,US100cash,0.66,,,,,N/A_NO_BRUTO,no,NEW_FAMILY; XLP/XLY or XLU/XLI defensive-vs-cyclical relative->equity; != SECTOR_DISP XL*disp; short_hist=no; <=2024; nonoverlap_hold,XLU/XLI,60,0.5,defensive_high,5,NDX
DEFENSIVE_CYCLICAL,XLU/XLI->NDX,z60/thr0.5/fade_extreme|hold=5d,19.89,-12.947,-1.361,888,-2.296,-1.36,5008,US100cash,0.66,,,,,N/A_NO_BRUTO,no,NEW_FAMILY; XLP/XLY or XLU/XLI defensive-vs-cyclical relative->equity; != SECTOR_DISP XL*disp; short_hist=no; <=2024; nonoverlap_hold,XLU/XLI,60,0.5,fade_extreme,5,NDX
DEFENSIVE_CYCLICAL,XLU/XLI->NDX,z60/thr0.5/risk_on|hold=5d,19.89,7.399,0.839,1002,1.48,0.839,5008,US100cash,0.66,,,,,N/A_NO_BRUTO,no,NEW_FAMILY; XLP/XLY or XLU/XLI defensive-vs-cyclical relative->equity; != SECTOR_DISP XL*disp; short_hist=no; <=2024; nonoverlap_hold,XLU/XLI,60,0.5,risk_on,5,NDX
DEFENSIVE_CYCLICAL,XLU/XLI->SPY,z60/thr1.0/defensive_high|hold=1d,19.91,1.889,0.768,2776,1.046,0.768,5012,US500cash,0.78,,,,,N/A_NO_BRUTO,no,NEW_FAMILY; XLP/XLY or XLU/XLI defensive-vs-cyclical relative->equity; != SECTOR_DISP XL*disp; short_hist=no; <=2024; nonoverlap_hold,XLU/XLI,60,1.0,defensive_high,1,SPY
DEFENSIVE_CYCLICAL,XLU/XLI->SPY,z60/thr1.0/fade_extreme|hold=1d,19.91,-1.889,-0.768,2776,-1.046,-0.768,5012,US500cash,0.78,,,,,N/A_NO_BRUTO,no,NEW_FAMILY; XLP/XLY or XLU/XLI defensive-vs-cyclical relative->equity; != SECTOR_DISP XL*disp; short_hist=no; <=2024; nonoverlap_hold,XLU/XLI,60,1.0,fade_extreme,1,SPY
DEFENSIVE_CYCLICAL,XLU/XLI->SPY,z60/thr1.0/risk_on|hold=1d,19.91,1.486,0.873,4997,1.481,0.873,5012,US500cash,0.78,,,,,N/A_NO_BRUTO,no,NEW_FAMILY; XLP/XLY or XLU/XLI defensive-vs-cyclical relative->equity; != SECTOR_DISP XL*disp; short_hist=no; <=2024; nonoverlap_hold,XLU/XLI,60,1.0,risk_on,1,SPY
DEFENSIVE_CYCLICAL,XLU/XLI->NDX,z60/thr1.0/defensive_high|hold=1d,19.91,0.466,0.167,2784,0.259,0.167,5012,US100cash,0.66,,,,,N/A_NO_BRUTO,no,NEW_FAMILY; XLP/XLY or XLU/XLI defensive-vs-cyclical relative->equity; != SECTOR_DISP XL*disp; short_hist=no; <=2024; nonoverlap_hold,XLU/XLI,60,1.0,defensive_high,1,NDX
DEFENSIVE_CYCLICAL,XLU/XLI->NDX,z60/thr1.0/fade_extreme|hold=1d,19.91,-0.466,-0.167,2784,-0.259,-0.167,5012,US100cash,0.66,,,,,N/A_NO_BRUTO,no,NEW_FAMILY; XLP/XLY or XLU/XLI defensive-vs-cyclical relative->equity; != SECTOR_DISP XL*disp; short_hist=no; <=2024; nonoverlap_hold,XLU/XLI,60,1.0,fade_extreme,1,NDX
DEFENSIVE_CYCLICAL,XLU/XLI->NDX,z60/thr1.0/risk_on|hold=1d,19.91,1.034,0.527,5011,1.034,0.527,5012,US100cash,0.66,,,,,N/A_NO_BRUTO,no,NEW_FAMILY; XLP/XLY or XLU/XLI defensive-vs-cyclical relative->equity; != SECTOR_DISP XL*disp; short_hist=no; <=2024; nonoverlap_hold,XLU/XLI,60,1.0,risk_on,1,NDX
DEFENSIVE_CYCLICAL,XLU/XLI->SPY,z60/thr1.0/defensive_high|hold=3d,19.9,5.357,0.824,1045,1.117,0.824,5010,US500cash,0.78,,,,,N/A_NO_BRUTO,no,NEW_FAMILY; XLP/XLY or XLU/XLI defensive-vs-cyclical relative->equity; != SECTOR_DISP XL*disp; short_hist=no; <=2024; nonoverlap_hold,XLU/XLI,60,1.0,defensive_high,3,SPY
DEFENSIVE_CYCLICAL,XLU/XLI->SPY,z60/thr1.0/fade_extreme|hold=3d,19.9,-5.357,-0.824,1045,-1.117,-0.824,5010,US500cash,0.78,,,,,N/A_NO_BRUTO,no,NEW_FAMILY; XLP/XLY or XLU/XLI defensive-vs-cyclical relative->equity; != SECTOR_DISP XL*disp; short_hist=no; <=2024; nonoverlap_hold,XLU/XLI,60,1.0,fade_extreme,3,SPY
DEFENSIVE_CYCLICAL,XLU/XLI->SPY,z60/thr1.0/risk_on|hold=3d,19.9,4.191,0.879,1669,1.396,0.879,5010,US500cash,0.78,,,,,N/A_NO_BRUTO,no,NEW_FAMILY; XLP/XLY or XLU/XLI defensive-vs-cyclical relative->equity; != SECTOR_DISP XL*disp; short_hist=no; <=2024; nonoverlap_hold,XLU/XLI,60,1.0,risk_on,3,SPY
DEFENSIVE_CYCLICAL,XLU/XLI->NDX,z60/thr1.0/defensive_high|hold=3d,19.9,4.145,0.561,1047,0.866,0.561,5010,US100cash,0.66,,,,,N/A_NO_BRUTO,no,NEW_FAMILY; XLP/XLY or XLU/XLI defensive-vs-cyclical relative->equity; != SECTOR_DISP XL*disp; short_hist=no; <=2024; nonoverlap_hold,XLU/XLI,60,1.0,defensive_high,3,NDX
DEFENSIVE_CYCLICAL,XLU/XLI->NDX,z60/thr1.0/fade_extreme|hold=3d,19.9,-4.145,-0.561,1047,-0.866,-0.561,5010,US100cash,0.66,,,,,N/A_NO_BRUTO,no,NEW_FAMILY; XLP/XLY or XLU/XLI defensive-vs-cyclical relative->equity; != SECTOR_DISP XL*disp; short_hist=no; <=2024; nonoverlap_hold,XLU/XLI,60,1.0,fade_extreme,3,NDX
DEFENSIVE_CYCLICAL,XLU/XLI->NDX,z60/thr1.0/risk_on|hold=3d,19.9,2.592,0.473,1670,0.864,0.473,5010,US100cash,0.66,,,,,N/A_NO_BRUTO,no,NEW_FAMILY; XLP/XLY or XLU/XLI defensive-vs-cyclical relative->equity; != SECTOR_DISP XL*disp; short_hist=no; <=2024; nonoverlap_hold,XLU/XLI,60,1.0,risk_on,3,NDX
DEFENSIVE_CYCLICAL,XLU/XLI->SPY,z60/thr1.0/defensive_high|hold=5d,19.89,11.365,1.148,673,1.527,1.148,5008,US500cash,0.78,,,,,N/A_NO_BRUTO,no,NEW_FAMILY; XLP/XLY or XLU/XLI defensive-vs-cyclical relative->equity; != SECTOR_DISP XL*disp; short_hist=no; <=2024; nonoverlap_hold,XLU/XLI,60,1.0,defensive_high,5,SPY
DEFENSIVE_CYCLICAL,XLU/XLI->SPY,z60/thr1.0/fade_extreme|hold=5d,19.89,-11.365,-1.148,673,-1.527,-1.148,5008,US500cash,0.78,,,,,N/A_NO_BRUTO,no,NEW_FAMILY; XLP/XLY or XLU/XLI defensive-vs-cyclical relative->equity; != SECTOR_DISP XL*disp; short_hist=no; <=2024; nonoverlap_hold,XLU/XLI,60,1.0,fade_extreme,5,SPY
DEFENSIVE_CYCLICAL,XLU/XLI->SPY,z60/thr1.0/risk_on|hold=5d,19.89,6.894,0.892,1000,1.377,0.892,5008,US500cash,0.78,,,,,N/A_NO_BRUTO,no,NEW_FAMILY; XLP/XLY or XLU/XLI defensive-vs-cyclical relative->equity; != SECTOR_DISP XL*disp; short_hist=no; <=2024; nonoverlap_hold,XLU/XLI,60,1.0,risk_on,5,SPY
DEFENSIVE_CYCLICAL,XLU/XLI->NDX,z60/thr1.0/defensive_high|hold=5d,19.89,12.372,1.096,673,1.663,1.096,5008,US100cash,0.66,,,,,N/A_NO_BRUTO,no,NEW_FAMILY; XLP/XLY or XLU/XLI defensive-vs-cyclical relative->equity; != SECTOR_DISP XL*disp; short_hist=no; <=2024; nonoverlap_hold,XLU/XLI,60,1.0,defensive_high,5,NDX
DEFENSIVE_CYCLICAL,XLU/XLI->NDX,z60/thr1.0/fade_extreme|hold=5d,19.89,-12.372,-1.096,673,-1.663,-1.096,5008,US100cash,0.66,,,,,N/A_NO_BRUTO,no,NEW_FAMILY; XLP/XLY or XLU/XLI defensive-vs-cyclical relative->equity; != SECTOR_DISP XL*disp; short_hist=no; <=2024; nonoverlap_hold,XLU/XLI,60,1.0,fade_extreme,5,NDX
DEFENSIVE_CYCLICAL,XLU/XLI->NDX,z60/thr1.0/risk_on|hold=5d,19.89,7.399,0.839,1002,1.48,0.839,5008,US100cash,0.66,,,,,N/A_NO_BRUTO,no,NEW_FAMILY; XLP/XLY or XLU/XLI defensive-vs-cyclical relative->equity; != SECTOR_DISP XL*disp; short_hist=no; <=2024; nonoverlap_hold,XLU/XLI,60,1.0,risk_on,5,NDX
DEFENSIVE_CYCLICAL,XLU/XLI->SPY,z60/thr1.5/defensive_high|hold=1d,19.91,3.046,0.891,1609,0.978,0.891,5012,US500cash,0.78,,,,,N/A_NO_BRUTO,no,NEW_FAMILY; XLP/XLY or XLU/XLI defensive-vs-cyclical relative->equity; != SECTOR_DISP XL*disp; short_hist=no; <=2024; nonoverlap_hold,XLU/XLI,60,1.5,defensive_high,1,SPY
DEFENSIVE_CYCLICAL,XLU/XLI->SPY,z60/thr1.5/fade_extreme|hold=1d,19.91,-3.046,-0.891,1609,-0.978,-0.891,5012,US500cash,0.78,,,,,N/A_NO_BRUTO,no,NEW_FAMILY; XLP/XLY or XLU/XLI defensive-vs-cyclical relative->equity; != SECTOR_DISP XL*disp; short_hist=no; <=2024; nonoverlap_hold,XLU/XLI,60,1.5,fade_extreme,1,SPY
DEFENSIVE_CYCLICAL,XLU/XLI->SPY,z60/thr1.5/risk_on|hold=1d,19.91,1.486,0.873,4997,1.481,0.873,5012,US500cash,0.78,,,,,N/A_NO_BRUTO,no,NEW_FAMILY; XLP/XLY or XLU/XLI defensive-vs-cyclical relative->equity; != SECTOR_DISP XL*disp; short_hist=no; <=2024; nonoverlap_hold,XLU/XLI,60,1.5,risk_on,1,SPY
DEFENSIVE_CYCLICAL,XLU/XLI->NDX,z60/thr1.5/defensive_high|hold=1d,19.91,1.426,0.371,1615,0.459,0.371,5012,US100cash,0.66,,,,,N/A_NO_BRUTO,no,NEW_FAMILY; XLP/XLY or XLU/XLI defensive-vs-cyclical relative->equity; != SECTOR_DISP XL*disp; short_hist=no; <=2024; nonoverlap_hold,XLU/XLI,60,1.5,defensive_high,1,NDX
DEFENSIVE_CYCLICAL,XLU/XLI->NDX,z60/thr1.5/fade_extreme|hold=1d,19.91,-1.426,-0.371,1615,-0.459,-0.371,5012,US100cash,0.66,,,,,N/A_NO_BRUTO,no,NEW_FAMILY; XLP/XLY or XLU/XLI defensive-vs-cyclical relative->equity; != SECTOR_DISP XL*disp; short_hist=no; <=2024; nonoverlap_hold,XLU/XLI,60,1.5,fade_extreme,1,NDX
DEFENSIVE_CYCLICAL,XLU/XLI->NDX,z60/thr1.5/risk_on|hold=1d,19.91,1.034,0.527,5011,1.034,0.527,5012,US100cash,0.66,,,,,N/A_NO_BRUTO,no,NEW_FAMILY; XLP/XLY or XLU/XLI defensive-vs-cyclical relative->equity; != SECTOR_DISP XL*disp; short_hist=no; <=2024; nonoverlap_hold,XLU/XLI,60,1.5,risk_on,1,NDX
DEFENSIVE_CYCLICAL,XLU/XLI->SPY,z60/thr1.5/defensive_high|hold=3d,19.9,10.542,1.161,622,1.309,1.161,5010,US500cash,0.78,,,,,N/A_NO_BRUTO,no,NEW_FAMILY; XLP/XLY or XLU/XLI defensive-vs-cyclical relative->equity; != SECTOR_DISP XL*disp; short_hist=no; <=2024; nonoverlap_hold,XLU/XLI,60,1.5,defensive_high,3,SPY
DEFENSIVE_CYCLICAL,XLU/XLI->SPY,z60/thr1.5/fade_extreme|hold=3d,19.9,-10.542,-1.161,622,-1.309,-1.161,5010,US500cash,0.78,,,,,N/A_NO_BRUTO,no,NEW_FAMILY; XLP/XLY or XLU/XLI defensive-vs-cyclical relative->equity; != SECTOR_DISP XL*disp; short_hist=no; <=2024; nonoverlap_hold,XLU/XLI,60,1.5,fade_extreme,3,SPY
DEFENSIVE_CYCLICAL,XLU/XLI->SPY,z60/thr1.5/risk_on|hold=3d,19.9,4.191,0.879,1669,1.396,0.879,5010,US500cash,0.78,,,,,N/A_NO_BRUTO,no,NEW_FAMILY; XLP/XLY or XLU/XLI defensive-vs-cyclical relative->equity; != SECTOR_DISP XL*disp; short_hist=no; <=2024; nonoverlap_hold,XLU/XLI,60,1.5,risk_on,3,SPY
DEFENSIVE_CYCLICAL,XLU/XLI->NDX,z60/thr1.5/defensive_high|hold=3d,19.9,5.352,0.533,625,0.668,0.534,5010,US100cash,0.66,,,,,N/A_NO_BRUTO,no,NEW_FAMILY; XLP/XLY or XLU/XLI defensive-vs-cyclical relative->equity; != SECTOR_DISP XL*disp; short_hist=no; <=2024; nonoverlap_hold,XLU/XLI,60,1.5,defensive_high,3,NDX
DEFENSIVE_CYCLICAL,XLU/XLI->NDX,z60/thr1.5/fade_extreme|hold=3d,19.9,-5.352,-0.533,625,-0.668,-0.534,5010,US100cash,0.66,,,,,N/A_NO_BRUTO,no,NEW_FAMILY; XLP/XLY or XLU/XLI defensive-vs-cyclical relative->equity; != SECTOR_DISP XL*disp; short_hist=no; <=2024; nonoverlap_hold,XLU/XLI,60,1.5,fade_extreme,3,NDX
DEFENSIVE_CYCLICAL,XLU/XLI->NDX,z60/thr1.5/risk_on|hold=3d,19.9,2.592,0.473,1670,0.864,0.473,5010,US100cash,0.66,,,,,N/A_NO_BRUTO,no,NEW_FAMILY; XLP/XLY or XLU/XLI defensive-vs-cyclical relative->equity; != SECTOR_DISP XL*disp; short_hist=no; <=2024; nonoverlap_hold,XLU/XLI,60,1.5,risk_on,3,NDX
DEFENSIVE_CYCLICAL,XLU/XLI->SPY,z60/thr1.5/defensive_high|hold=5d,19.89,19.411,1.497,424,1.643,1.495,5008,US500cash,0.78,,,,,N/A_NO_BRUTO,no,NEW_FAMILY; XLP/XLY or XLU/XLI defensive-vs-cyclical relative->equity; != SECTOR_DISP XL*disp; short_hist=no; <=2024; nonoverlap_hold,XLU/XLI,60,1.5,defensive_high,5,SPY
DEFENSIVE_CYCLICAL,XLU/XLI->SPY,z60/thr1.5/fade_extreme|hold=5d,19.89,-19.411,-1.497,424,-1.643,-1.495,5008,US500cash,0.78,,,,,N/A_NO_BRUTO,no,NEW_FAMILY; XLP/XLY or XLU/XLI defensive-vs-cyclical relative->equity; != SECTOR_DISP XL*disp; short_hist=no; <=2024; nonoverlap_hold,XLU/XLI,60,1.5,fade_extreme,5,SPY
DEFENSIVE_CYCLICAL,XLU/XLI->SPY,z60/thr1.5/risk_on|hold=5d,19.89,6.894,0.892,1000,1.377,0.892,5008,US500cash,0.78,,,,,N/A_NO_BRUTO,no,NEW_FAMILY; XLP/XLY or XLU/XLI defensive-vs-cyclical relative->equity; != SECTOR_DISP XL*disp; short_hist=no; <=2024; nonoverlap_hold,XLU/XLI,60,1.5,risk_on,5,SPY
DEFENSIVE_CYCLICAL,XLU/XLI->NDX,z60/thr1.5/defensive_high|hold=5d,19.89,13.421,0.923,424,1.136,0.923,5008,US100cash,0.66,,,,,N/A_NO_BRUTO,no,NEW_FAMILY; XLP/XLY or XLU/XLI defensive-vs-cyclical relative->equity; != SECTOR_DISP XL*disp; short_hist=no; <=2024; nonoverlap_hold,XLU/XLI,60,1.5,defensive_high,5,NDX
DEFENSIVE_CYCLICAL,XLU/XLI->NDX,z60/thr1.5/fade_extreme|hold=5d,19.89,-13.421,-0.923,424,-1.136,-0.923,5008,US100cash,0.66,,,,,N/A_NO_BRUTO,no,NEW_FAMILY; XLP/XLY or XLU/XLI defensive-vs-cyclical relative->equity; != SECTOR_DISP XL*disp; short_hist=no; <=2024; nonoverlap_hold,XLU/XLI,60,1.5,fade_extreme,5,NDX
DEFENSIVE_CYCLICAL,XLU/XLI->NDX,z60/thr1.5/risk_on|hold=5d,19.89,7.399,0.839,1002,1.48,0.839,5008,US100cash,0.66,,,,,N/A_NO_BRUTO,no,NEW_FAMILY; XLP/XLY or XLU/XLI defensive-vs-cyclical relative->equity; != SECTOR_DISP XL*disp; short_hist=no; <=2024; nonoverlap_hold,XLU/XLI,60,1.5,risk_on,5,NDX
DEFENSIVE_CYCLICAL,XLU/XLI->SPY,z120/thr0.5/defensive_high|hold=1d,19.83,1.99,1.02,3952,1.575,1.02,4993,US500cash,0.78,,,,,N/A_NO_BRUTO,no,NEW_FAMILY; XLP/XLY or XLU/XLI defensive-vs-cyclical relative->equity; != SECTOR_DISP XL*disp; short_hist=no; <=2024; nonoverlap_hold,XLU/XLI,120,0.5,defensive_high,1,SPY
DEFENSIVE_CYCLICAL,XLU/XLI->SPY,z120/thr0.5/fade_extreme|hold=1d,19.83,-1.99,-1.02,3952,-1.575,-1.02,4993,US500cash,0.78,,,,,N/A_NO_BRUTO,no,NEW_FAMILY; XLP/XLY or XLU/XLI defensive-vs-cyclical relative->equity; != SECTOR_DISP XL*disp; short_hist=no; <=2024; nonoverlap_hold,XLU/XLI,120,0.5,fade_extreme,1,SPY
DEFENSIVE_CYCLICAL,XLU/XLI->SPY,z120/thr0.5/risk_on|hold=1d,19.83,1.531,0.896,4978,1.526,0.896,4993,US500cash,0.78,,,,,N/A_NO_BRUTO,no,NEW_FAMILY; XLP/XLY or XLU/XLI defensive-vs-cyclical relative->equity; != SECTOR_DISP XL*disp; short_hist=no; <=2024; nonoverlap_hold,XLU/XLI,120,0.5,risk_on,1,SPY
DEFENSIVE_CYCLICAL,XLU/XLI->NDX,z120/thr0.5/defensive_high|hold=1d,19.83,2.153,0.957,3960,1.708,0.957,4993,US100cash,0.66,,,,,N/A_NO_BRUTO,no,NEW_FAMILY; XLP/XLY or XLU/XLI defensive-vs-cyclical relative->equity; != SECTOR_DISP XL*disp; short_hist=no; <=2024; nonoverlap_hold,XLU/XLI,120,0.5,defensive_high,1,NDX
DEFENSIVE_CYCLICAL,XLU/XLI->NDX,z120/thr0.5/fade_extreme|hold=1d,19.83,-2.153,-0.957,3960,-1.708,-0.957,4993,US100cash,0.66,,,,,N/A_NO_BRUTO,no,NEW_FAMILY; XLP/XLY or XLU/XLI defensive-vs-cyclical relative->equity; != SECTOR_DISP XL*disp; short_hist=no; <=2024; nonoverlap_hold,XLU/XLI,120,0.5,fade_extreme,1,NDX
DEFENSIVE_CYCLICAL,XLU/XLI->NDX,z120/thr0.5/risk_on|hold=1d,19.83,1.045,0.531,4992,1.045,0.531,4993,US100cash,0.66,,,,,N/A_NO_BRUTO,no,NEW_FAMILY; XLP/XLY or XLU/XLI defensive-vs-cyclical relative->equity; != SECTOR_DISP XL*disp; short_hist=no; <=2024; nonoverlap_hold,XLU/XLI,120,0.5,risk_on,1,NDX
DEFENSIVE_CYCLICAL,XLU/XLI->SPY,z120/thr0.5/defensive_high|hold=3d,19.82,6.639,1.285,1393,1.853,1.285,4991,US500cash,0.78,,,,,N/A_NO_BRUTO,no,NEW_FAMILY; XLP/XLY or XLU/XLI defensive-vs-cyclical relative->equity; != SECTOR_DISP XL*disp; short_hist=no; <=2024; nonoverlap_hold,XLU/XLI,120,0.5,defensive_high,3,SPY
DEFENSIVE_CYCLICAL,XLU/XLI->SPY,z120/thr0.5/fade_extreme|hold=3d,19.82,-6.639,-1.285,1393,-1.853,-1.285,4991,US500cash,0.78,,,,,N/A_NO_BRUTO,no,NEW_FAMILY; XLP/XLY or XLU/XLI defensive-vs-cyclical relative->equity; != SECTOR_DISP XL*disp; short_hist=no; <=2024; nonoverlap_hold,XLU/XLI,120,0.5,fade_extreme,3,SPY
DEFENSIVE_CYCLICAL,XLU/XLI->SPY,z120/thr0.5/risk_on|hold=3d,19.82,4.428,0.991,1660,1.473,0.991,4991,US500cash,0.78,,,,,N/A_NO_BRUTO,no,NEW_FAMILY; XLP/XLY or XLU/XLI defensive-vs-cyclical relative->equity; != SECTOR_DISP XL*disp; short_hist=no; <=2024; nonoverlap_hold,XLU/XLI,120,0.5,risk_on,3,SPY
DEFENSIVE_CYCLICAL,XLU/XLI->NDX,z120/thr0.5/defensive_high|hold=3d,19.82,7.488,1.243,1394,2.091,1.243,4991,US100cash,0.66,,,,,N/A_NO_BRUTO,no,NEW_FAMILY; XLP/XLY or XLU/XLI defensive-vs-cyclical relative->equity; != SECTOR_DISP XL*disp; short_hist=no; <=2024; nonoverlap_hold,XLU/XLI,120,0.5,defensive_high,3,NDX
DEFENSIVE_CYCLICAL,XLU/XLI->NDX,z120/thr0.5/fade_extreme|hold=3d,19.82,-7.488,-1.243,1394,-2.091,-1.243,4991,US100cash,0.66,,,,,N/A_NO_BRUTO,no,NEW_FAMILY; XLP/XLY or XLU/XLI defensive-vs-cyclical relative->equity; != SECTOR_DISP XL*disp; short_hist=no; <=2024; nonoverlap_hold,XLU/XLI,120,0.5,fade_extreme,3,NDX
DEFENSIVE_CYCLICAL,XLU/XLI->NDX,z120/thr0.5/risk_on|hold=3d,19.82,5.765,1.087,1664,1.922,1.087,4991,US100cash,0.66,,,,,N/A_NO_BRUTO,no,NEW_FAMILY; XLP/XLY or XLU/XLI defensive-vs-cyclical relative->equity; != SECTOR_DISP XL*disp; short_hist=no; <=2024; nonoverlap_hold,XLU/XLI,120,0.5,risk_on,3,NDX
DEFENSIVE_CYCLICAL,XLU/XLI->SPY,z120/thr0.5/defensive_high|hold=5d,19.81,6.185,0.711,867,1.075,0.711,4989,US500cash,0.78,,,,,N/A_NO_BRUTO,no,NEW_FAMILY; XLP/XLY or XLU/XLI defensive-vs-cyclical relative->equity; != SECTOR_DISP XL*disp; short_hist=no; <=2024; nonoverlap_hold,XLU/XLI,120,0.5,defensive_high,5,SPY
DEFENSIVE_CYCLICAL,XLU/XLI->SPY,z120/thr0.5/fade_extreme|hold=5d,19.81,-6.185,-0.711,867,-1.075,-0.711,4989,US500cash,0.78,,,,,N/A_NO_BRUTO,no,NEW_FAMILY; XLP/XLY or XLU/XLI defensive-vs-cyclical relative->equity; != SECTOR_DISP XL*disp; short_hist=no; <=2024; nonoverlap_hold,XLU/XLI,120,0.5,fade_extreme,5,SPY
DEFENSIVE_CYCLICAL,XLU/XLI->SPY,z120/thr0.5/risk_on|hold=5d,19.81,-1.834,-0.226,996,-0.366,-0.226,4989,US500cash,0.78,,,,,N/A_NO_BRUTO,no,NEW_FAMILY; XLP/XLY or XLU/XLI defensive-vs-cyclical relative->equity; != SECTOR_DISP XL*disp; short_hist=no; <=2024; nonoverlap_hold,XLU/XLI,120,0.5,risk_on,5,SPY
DEFENSIVE_CYCLICAL,XLU/XLI->NDX,z120/thr0.5/defensive_high|hold=5d,19.81,7.067,0.719,868,1.23,0.72,4989,US100cash,0.66,,,,,N/A_NO_BRUTO,no,NEW_FAMILY; XLP/XLY or XLU/XLI defensive-vs-cyclical relative->equity; != SECTOR_DISP XL*disp; short_hist=no; <=2024; nonoverlap_hold,XLU/XLI,120,0.5,defensive_high,5,NDX
DEFENSIVE_CYCLICAL,XLU/XLI->NDX,z120/thr0.5/fade_extreme|hold=5d,19.81,-7.067,-0.719,868,-1.23,-0.72,4989,US100cash,0.66,,,,,N/A_NO_BRUTO,no,NEW_FAMILY; XLP/XLY or XLU/XLI defensive-vs-cyclical relative->equity; != SECTOR_DISP XL*disp; short_hist=no; <=2024; nonoverlap_hold,XLU/XLI,120,0.5,fade_extreme,5,NDX
DEFENSIVE_CYCLICAL,XLU/XLI->NDX,z120/thr0.5/risk_on|hold=5d,19.81,-3.323,-0.361,998,-0.665,-0.361,4989,US100cash,0.66,,,,,N/A_NO_BRUTO,no,NEW_FAMILY; XLP/XLY or XLU/XLI defensive-vs-cyclical relative->equity; != SECTOR_DISP XL*disp; short_hist=no; <=2024; nonoverlap_hold,XLU/XLI,120,0.5,risk_on,5,NDX
DEFENSIVE_CYCLICAL,XLU/XLI->SPY,z120/thr1.0/defensive_high|hold=1d,19.83,2.738,1.085,2717,1.49,1.085,4993,US500cash,0.78,,,,,N/A_NO_BRUTO,no,NEW_FAMILY; XLP/XLY or XLU/XLI defensive-vs-cyclical relative->equity; != SECTOR_DISP XL*disp; short_hist=no; <=2024; nonoverlap_hold,XLU/XLI,120,1.0,defensive_high,1,SPY
DEFENSIVE_CYCLICAL,XLU/XLI->SPY,z120/thr1.0/fade_extreme|hold=1d,19.83,-2.738,-1.085,2717,-1.49,-1.085,4993,US500cash,0.78,,,,,N/A_NO_BRUTO,no,NEW_FAMILY; XLP/XLY or XLU/XLI defensive-vs-cyclical relative->equity; != SECTOR_DISP XL*disp; short_hist=no; <=2024; nonoverlap_hold,XLU/XLI,120,1.0,fade_extreme,1,SPY
DEFENSIVE_CYCLICAL,XLU/XLI->SPY,z120/thr1.0/risk_on|hold=1d,19.83,1.531,0.896,4978,1.526,0.896,4993,US500cash,0.78,,,,,N/A_NO_BRUTO,no,NEW_FAMILY; XLP/XLY or XLU/XLI defensive-vs-cyclical relative->equity; != SECTOR_DISP XL*disp; short_hist=no; <=2024; nonoverlap_hold,XLU/XLI,120,1.0,risk_on,1,SPY
DEFENSIVE_CYCLICAL,XLU/XLI->NDX,z120/thr1.0/defensive_high|hold=1d,19.83,2.715,0.946,2722,1.48,0.946,4993,US100cash,0.66,,,,,N/A_NO_BRUTO,no,NEW_FAMILY; XLP/XLY or XLU/XLI defensive-vs-cyclical relative->equity; != SECTOR_DISP XL*disp; short_hist=no; <=2024; nonoverlap_hold,XLU/XLI,120,1.0,defensive_high,1,NDX
DEFENSIVE_CYCLICAL,XLU/XLI->NDX,z120/thr1.0/fade_extreme|hold=1d,19.83,-2.715,-0.946,2722,-1.48,-0.946,4993,US100cash,0.66,,,,,N/A_NO_BRUTO,no,NEW_FAMILY; XLP/XLY or XLU/XLI defensive-vs-cyclical relative->equity; != SECTOR_DISP XL*disp; short_hist=no; <=2024; nonoverlap_hold,XLU/XLI,120,1.0,fade_extreme,1,NDX
DEFENSIVE_CYCLICAL,XLU/XLI->NDX,z120/thr1.0/risk_on|hold=1d,19.83,1.045,0.531,4992,1.045,0.531,4993,US100cash,0.66,,,,,N/A_NO_BRUTO,no,NEW_FAMILY; XLP/XLY or XLU/XLI defensive-vs-cyclical relative->equity; != SECTOR_DISP XL*disp; short_hist=no; <=2024; nonoverlap_hold,XLU/XLI,120,1.0,risk_on,1,NDX
DEFENSIVE_CYCLICAL,XLU/XLI->SPY,z120/thr1.0/defensive_high|hold=3d,19.82,7.486,1.129,989,1.483,1.129,4991,US500cash,0.78,,,,,N/A_NO_BRUTO,no,NEW_FAMILY; XLP/XLY or XLU/XLI defensive-vs-cyclical relative->equity; != SECTOR_DISP XL*disp; short_hist=no; <=2024; nonoverlap_hold,XLU/XLI,120,1.0,defensive_high,3,SPY
DEFENSIVE_CYCLICAL,XLU/XLI->SPY,z120/thr1.0/fade_extreme|hold=3d,19.82,-7.486,-1.129,989,-1.483,-1.129,4991,US500cash,0.78,,,,,N/A_NO_BRUTO,no,NEW_FAMILY; XLP/XLY or XLU/XLI defensive-vs-cyclical relative->equity; != SECTOR_DISP XL*disp; short_hist=no; <=2024; nonoverlap_hold,XLU/XLI,120,1.0,fade_extreme,3,SPY
DEFENSIVE_CYCLICAL,XLU/XLI->SPY,z120/thr1.0/risk_on|hold=3d,19.82,4.428,0.991,1660,1.473,0.991,4991,US500cash,0.78,,,,,N/A_NO_BRUTO,no,NEW_FAMILY; XLP/XLY or XLU/XLI defensive-vs-cyclical relative->equity; != SECTOR_DISP XL*disp; short_hist=no; <=2024; nonoverlap_hold,XLU/XLI,120,1.0,risk_on,3,SPY
DEFENSIVE_CYCLICAL,XLU/XLI->NDX,z120/thr1.0/defensive_high|hold=3d,19.82,8.714,1.16,990,1.728,1.16,4991,US100cash,0.66,,,,,N/A_NO_BRUTO,no,NEW_FAMILY; XLP/XLY or XLU/XLI defensive-vs-cyclical relative->equity; != SECTOR_DISP XL*disp; short_hist=no; <=2024; nonoverlap_hold,XLU/XLI,120,1.0,defensive_high,3,NDX
DEFENSIVE_CYCLICAL,XLU/XLI->NDX,z120/thr1.0/fade_extreme|hold=3d,19.82,-8.714,-1.16,990,-1.728,-1.16,4991,US100cash,0.66,,,,,N/A_NO_BRUTO,no,NEW_FAMILY; XLP/XLY or XLU/XLI defensive-vs-cyclical relative->equity; != SECTOR_DISP XL*disp; short_hist=no; <=2024; nonoverlap_hold,XLU/XLI,120,1.0,fade_extreme,3,NDX
DEFENSIVE_CYCLICAL,XLU/XLI->NDX,z120/thr1.0/risk_on|hold=3d,19.82,5.765,1.087,1664,1.922,1.087,4991,US100cash,0.66,,,,,N/A_NO_BRUTO,no,NEW_FAMILY; XLP/XLY or XLU/XLI defensive-vs-cyclical relative->equity; != SECTOR_DISP XL*disp; short_hist=no; <=2024; nonoverlap_hold,XLU/XLI,120,1.0,risk_on,3,NDX
DEFENSIVE_CYCLICAL,XLU/XLI->SPY,z120/thr1.0/defensive_high|hold=5d,19.81,10.279,0.966,634,1.306,0.966,4989,US500cash,0.78,,,,,N/A_NO_BRUTO,no,NEW_FAMILY; XLP/XLY or XLU/XLI defensive-vs-cyclical relative->equity; != SECTOR_DISP XL*disp; short_hist=no; <=2024; nonoverlap_hold,XLU/XLI,120,1.0,defensive_high,5,SPY
DEFENSIVE_CYCLICAL,XLU/XLI->SPY,z120/thr1.0/fade_extreme|hold=5d,19.81,-10.279,-0.966,634,-1.306,-0.966,4989,US500cash,0.78,,,,,N/A_NO_BRUTO,no,NEW_FAMILY; XLP/XLY or XLU/XLI defensive-vs-cyclical relative->equity; != SECTOR_DISP XL*disp; short_hist=no; <=2024; nonoverlap_hold,XLU/XLI,120,1.0,fade_extreme,5,SPY
DEFENSIVE_CYCLICAL,XLU/XLI->SPY,z120/thr1.0/risk_on|hold=5d,19.81,-1.834,-0.226,996,-0.366,-0.226,4989,US500cash,0.78,,,,,N/A_NO_BRUTO,no,NEW_FAMILY; XLP/XLY or XLU/XLI defensive-vs-cyclical relative->equity; != SECTOR_DISP XL*disp; short_hist=no; <=2024; nonoverlap_hold,XLU/XLI,120,1.0,risk_on,5,SPY
DEFENSIVE_CYCLICAL,XLU/XLI->NDX,z120/thr1.0/defensive_high|hold=5d,19.81,10.934,0.921,634,1.39,0.921,4989,US100cash,0.66,,,,,N/A_NO_BRUTO,no,NEW_FAMILY; XLP/XLY or XLU/XLI defensive-vs-cyclical relative->equity; != SECTOR_DISP XL*disp; short_hist=no; <=2024; nonoverlap_hold,XLU/XLI,120,1.0,defensive_high,5,NDX
DEFENSIVE_CYCLICAL,XLU/XLI->NDX,z120/thr1.0/fade_extreme|hold=5d,19.81,-10.934,-0.921,634,-1.39,-0.921,4989,US100cash,0.66,,,,,N/A_NO_BRUTO,no,NEW_FAMILY; XLP/XLY or XLU/XLI defensive-vs-cyclical relative->equity; != SECTOR_DISP XL*disp; short_hist=no; <=2024; nonoverlap_hold,XLU/XLI,120,1.0,fade_extreme,5,NDX
DEFENSIVE_CYCLICAL,XLU/XLI->NDX,z120/thr1.0/risk_on|hold=5d,19.81,-3.323,-0.361,998,-0.665,-0.361,4989,US100cash,0.66,,,,,N/A_NO_BRUTO,no,NEW_FAMILY; XLP/XLY or XLU/XLI defensive-vs-cyclical relative->equity; != SECTOR_DISP XL*disp; short_hist=no; <=2024; nonoverlap_hold,XLU/XLI,120,1.0,risk_on,5,NDX
DEFENSIVE_CYCLICAL,XLU/XLI->SPY,z120/thr1.5/defensive_high|hold=1d,19.83,2.616,0.703,1550,0.812,0.703,4993,US500cash,0.78,,,,,N/A_NO_BRUTO,no,NEW_FAMILY; XLP/XLY or XLU/XLI defensive-vs-cyclical relative->equity; != SECTOR_DISP XL*disp; short_hist=no; <=2024; nonoverlap_hold,XLU/XLI,120,1.5,defensive_high,1,SPY
DEFENSIVE_CYCLICAL,XLU/XLI->SPY,z120/thr1.5/fade_extreme|hold=1d,19.83,-2.616,-0.703,1550,-0.812,-0.703,4993,US500cash,0.78,,,,,N/A_NO_BRUTO,no,NEW_FAMILY; XLP/XLY or XLU/XLI defensive-vs-cyclical relative->equity; != SECTOR_DISP XL*disp; short_hist=no; <=2024; nonoverlap_hold,XLU/XLI,120,1.5,fade_extreme,1,SPY
DEFENSIVE_CYCLICAL,XLU/XLI->SPY,z120/thr1.5/risk_on|hold=1d,19.83,1.531,0.896,4978,1.526,0.896,4993,US500cash,0.78,,,,,N/A_NO_BRUTO,no,NEW_FAMILY; XLP/XLY or XLU/XLI defensive-vs-cyclical relative->equity; != SECTOR_DISP XL*disp; short_hist=no; <=2024; nonoverlap_hold,XLU/XLI,120,1.5,risk_on,1,SPY
DEFENSIVE_CYCLICAL,XLU/XLI->NDX,z120/thr1.5/defensive_high|hold=1d,19.83,-0.268,-0.064,1554,-0.083,-0.064,4993,US100cash,0.66,,,,,N/A_NO_BRUTO,no,NEW_FAMILY; XLP/XLY or XLU/XLI defensive-vs-cyclical relative->equity; != SECTOR_DISP XL*disp; short_hist=no; <=2024; nonoverlap_hold,XLU/XLI,120,1.5,defensive_high,1,NDX
DEFENSIVE_CYCLICAL,XLU/XLI->NDX,z120/thr1.5/fade_extreme|hold=1d,19.83,0.268,0.064,1554,0.083,0.064,4993,US100cash,0.66,,,,,N/A_NO_BRUTO,no,NEW_FAMILY; XLP/XLY or XLU/XLI defensive-vs-cyclical relative->equity; != SECTOR_DISP XL*disp; short_hist=no; <=2024; nonoverlap_hold,XLU/XLI,120,1.5,fade_extreme,1,NDX
DEFENSIVE_CYCLICAL,XLU/XLI->NDX,z120/thr1.5/risk_on|hold=1d,19.83,1.045,0.531,4992,1.045,0.531,4993,US100cash,0.66,,,,,N/A_NO_BRUTO,no,NEW_FAMILY; XLP/XLY or XLU/XLI defensive-vs-cyclical relative->equity; != SECTOR_DISP XL*disp; short_hist=no; <=2024; nonoverlap_hold,XLU/XLI,120,1.5,risk_on,1,NDX
DEFENSIVE_CYCLICAL,XLU/XLI->SPY,z120/thr1.5/defensive_high|hold=3d,19.82,4.282,0.457,585,0.502,0.458,4991,US500cash,0.78,,,,,N/A_NO_BRUTO,no,NEW_FAMILY; XLP/XLY or XLU/XLI defensive-vs-cyclical relative->equity; != SECTOR_DISP XL*disp; short_hist=no; <=2024; nonoverlap_hold,XLU/XLI,120,1.5,defensive_high,3,SPY
DEFENSIVE_CYCLICAL,XLU/XLI->SPY,z120/thr1.5/fade_extreme|hold=3d,19.82,-4.282,-0.457,585,-0.502,-0.458,4991,US500cash,0.78,,,,,N/A_NO_BRUTO,no,NEW_FAMILY; XLP/XLY or XLU/XLI defensive-vs-cyclical relative->equity; != SECTOR_DISP XL*disp; short_hist=no; <=2024; nonoverlap_hold,XLU/XLI,120,1.5,fade_extreme,3,SPY
DEFENSIVE_CYCLICAL,XLU/XLI->SPY,z120/thr1.5/risk_on|hold=3d,19.82,4.428,0.991,1660,1.473,0.991,4991,US500cash,0.78,,,,,N/A_NO_BRUTO,no,NEW_FAMILY; XLP/XLY or XLU/XLI defensive-vs-cyclical relative->equity; != SECTOR_DISP XL*disp; short_hist=no; <=2024; nonoverlap_hold,XLU/XLI,120,1.5,risk_on,3,SPY
DEFENSIVE_CYCLICAL,XLU/XLI->NDX,z120/thr1.5/defensive_high|hold=3d,19.82,-0.754,-0.072,586,-0.089,-0.072,4991,US100cash,0.66,,,,,N/A_NO_BRUTO,no,NEW_FAMILY; XLP/XLY or XLU/XLI defensive-vs-cyclical relative->equity; != SECTOR_DISP XL*disp; short_hist=no; <=2024; nonoverlap_hold,XLU/XLI,120,1.5,defensive_high,3,NDX
DEFENSIVE_CYCLICAL,XLU/XLI->NDX,z120/thr1.5/fade_extreme|hold=3d,19.82,0.754,0.072,586,0.089,0.072,4991,US100cash,0.66,,,,,N/A_NO_BRUTO,no,NEW_FAMILY; XLP/XLY or XLU/XLI defensive-vs-cyclical relative->equity; != SECTOR_DISP XL*disp; short_hist=no; <=2024; nonoverlap_hold,XLU/XLI,120,1.5,fade_extreme,3,NDX
DEFENSIVE_CYCLICAL,XLU/XLI->NDX,z120/thr1.5/risk_on|hold=3d,19.82,5.765,1.087,1664,1.922,1.087,4991,US100cash,0.66,,,,,N/A_NO_BRUTO,no,NEW_FAMILY; XLP/XLY or XLU/XLI defensive-vs-cyclical relative->equity; != SECTOR_DISP XL*disp; short_hist=no; <=2024; nonoverlap_hold,XLU/XLI,120,1.5,risk_on,3,NDX
DEFENSIVE_CYCLICAL,XLU/XLI->SPY,z120/thr1.5/defensive_high|hold=5d,19.81,8.135,0.542,382,0.623,0.543,4989,US500cash,0.78,,,,,N/A_NO_BRUTO,no,NEW_FAMILY; XLP/XLY or XLU/XLI defensive-vs-cyclical relative->equity; != SECTOR_DISP XL*disp; short_hist=no; <=2024; nonoverlap_hold,XLU/XLI,120,1.5,defensive_high,5,SPY
DEFENSIVE_CYCLICAL,XLU/XLI->SPY,z120/thr1.5/fade_extreme|hold=5d,19.81,-8.135,-0.542,382,-0.623,-0.543,4989,US500cash,0.78,,,,,N/A_NO_BRUTO,no,NEW_FAMILY; XLP/XLY or XLU/XLI defensive-vs-cyclical relative->equity; != SECTOR_DISP XL*disp; short_hist=no; <=2024; nonoverlap_hold,XLU/XLI,120,1.5,fade_extreme,5,SPY
DEFENSIVE_CYCLICAL,XLU/XLI->SPY,z120/thr1.5/risk_on|hold=5d,19.81,-1.834,-0.226,996,-0.366,-0.226,4989,US500cash,0.78,,,,,N/A_NO_BRUTO,no,NEW_FAMILY; XLP/XLY or XLU/XLI defensive-vs-cyclical relative->equity; != SECTOR_DISP XL*disp; short_hist=no; <=2024; nonoverlap_hold,XLU/XLI,120,1.5,risk_on,5,SPY
DEFENSIVE_CYCLICAL,XLU/XLI->NDX,z120/thr1.5/defensive_high|hold=5d,19.81,2.346,0.145,382,0.18,0.145,4989,US100cash,0.66,,,,,N/A_NO_BRUTO,no,NEW_FAMILY; XLP/XLY or XLU/XLI defensive-vs-cyclical relative->equity; != SECTOR_DISP XL*disp; short_hist=no; <=2024; nonoverlap_hold,XLU/XLI,120,1.5,defensive_high,5,NDX
DEFENSIVE_CYCLICAL,XLU/XLI->NDX,z120/thr1.5/fade_extreme|hold=5d,19.81,-2.346,-0.145,382,-0.18,-0.145,4989,US100cash,0.66,,,,,N/A_NO_BRUTO,no,NEW_FAMILY; XLP/XLY or XLU/XLI defensive-vs-cyclical relative->equity; != SECTOR_DISP XL*disp; short_hist=no; <=2024; nonoverlap_hold,XLU/XLI,120,1.5,fade_extreme,5,NDX
DEFENSIVE_CYCLICAL,XLU/XLI->NDX,z120/thr1.5/risk_on|hold=5d,19.81,-3.323,-0.361,998,-0.665,-0.361,4989,US100cash,0.66,,,,,N/A_NO_BRUTO,no,NEW_FAMILY; XLP/XLY or XLU/XLI defensive-vs-cyclical relative->equity; != SECTOR_DISP XL*disp; short_hist=no; <=2024; nonoverlap_hold,XLU/XLI,120,1.5,risk_on,5,NDX
