close_time;symbol;profit;raw_profit;swap;commission
2021.02.01 01:00;EURUSD;-42.03;-31.80;-9.98;-0.25
2021.02.01 02:00;XAUUSD;-57.07;-34.62;-22.41;-0.04
2021.02.01 02:00;US100.cash;-303.39;-268.50;-34.89;0.00
2021.03.01 17:00;MSFT;-80.17;26.07;-106.08;-0.16
2021.03.01 17:00;TSLA;-304.53;-284.16;-20.34;-0.03
2021.03.01 17:00;AAPL;-348.03;-275.76;-72.21;-0.06
2021.04.01 02:00;USOIL.cash;1260.44;908.88;351.56;0.00
2021.04.01 17:00;GOOG;501.27;804.67;-303.26;-0.14
2021.05.03 02:00;GER40.cash;-31.13;40.92;-72.05;0.00
2021.05.03 02:00;US30.cash;527.06;709.76;-182.70;0.00
2021.05.03 10:00;EU50.cash;432.52;571.12;-138.60;0.00
2021.06.01 02:00;US500.cash;370.26;667.55;-297.29;0.00
2021.06.01 17:00;AAPL;-435.08;-349.98;-85.01;-0.09
2021.06.01 17:00;AMZN;-406.92;-358.73;-48.10;-0.09
2021.06.01 17:00;GOOG;-80.13;11.07;-91.10;-0.10
2021.06.01 17:00;META;170.94;264.42;-93.42;-0.06
2021.07.01 01:00;EURUSD;-409.32;-373.60;-35.47;-0.25
2021.07.01 02:00;GER40.cash;-3.02;36.27;-39.29;0.00
2021.07.01 02:00;US30.cash;-43.76;12.00;-55.76;0.00
2021.07.01 02:00;USOIL.cash;273.61;221.45;52.16;0.00
2021.07.01 02:00;XAUUSD;-330.10;-276.96;-53.12;-0.02
2021.08.02 17:00;AMZN;-249.62;-185.50;-64.00;-0.12
2021.08.02 17:00;NVDA;-387.75;-111.89;-275.79;-0.07
2021.09.01 02:00;XAUUSD;-101.17;-1.52;-99.60;-0.05
2021.09.01 02:00;US100.cash;316.59;534.21;-217.62;0.00
2021.09.01 17:00;AAPL;585.68;805.92;-220.10;-0.14
2021.10.01 01:05;US500.cash;-624.02;-503.72;-120.30;0.00
2021.10.01 16:35;META;-510.36;-449.04;-61.24;-0.08
2021.10.01 16:35;NVDA;-432.92;-245.63;-187.24;-0.05
2021.10.01 16:35;GOOG;-215.03;-30.80;-184.12;-0.11
2021.10.01 16:35;MSFT;43.37;296.64;-253.13;-0.14
2021.11.01 01:05;GER40.cash;158.23;219.92;-61.69;0.00
2021.11.01 01:05;UK100.cash;116.90;206.07;-89.17;0.00
2021.11.01 01:05;USOIL.cash;515.40;427.67;87.73;0.00
2021.11.01 09:05;EU50.cash;327.59;380.24;-52.65;0.00
2021.12.01 01:05;US500.cash;-148.80;-42.00;-106.80;0.00
2021.12.01 16:35;TSLA;1840.81;1920.75;-79.82;-0.12
2022.01.03 01:05;US100.cash;36.63;228.06;-191.43;0.00
2022.01.03 16:35;AMZN;-323.12;-272.16;-50.87;-0.09
2022.01.03 16:35;NVDA;258.30;752.40;-494.01;-0.09
2022.01.03 16:35;MSFT;-9.22;128.25;-137.34;-0.13
2022.02.01 01:05;US500.cash;-600.80;-511.15;-89.65;0.00
2022.02.01 01:05;US30.cash;-456.32;-368.78;-87.54;0.00
2022.02.01 16:35;META;-363.96;-304.68;-59.20;-0.08
2022.03.01 01:05;GER40.cash;-602.42;-546.70;-55.72;0.00
2022.03.01 01:05;UK100.cash;-197.81;-124.56;-73.25;0.00
2022.03.01 01:05;USOIL.cash;1041.35;911.31;130.04;0.00
2022.03.01 09:05;EU50.cash;-468.00;-422.04;-45.96;0.00
2022.03.01 16:35;AAPL;-314.82;-29.52;-285.16;-0.14
2022.05.02 16:35;AAPL;-929.53;-816.86;-112.52;-0.15
2022.05.02 16:35;META;-813.88;-671.22;-142.55;-0.11
2022.05.02 16:35;NVDA;-1602.13;-1352.52;-249.55;-0.06
2022.05.02 16:35;AMZN;-1775.64;-1704.80;-70.74;-0.10
2022.05.02 16:35;TSLA;-1004.30;-969.15;-35.08;-0.07
2023.01.03 01:05;XAUUSD;62.01;111.84;-49.80;-0.03
2023.01.03 01:05;EURUSD;114.27;130.95;-16.55;-0.13
2023.01.03 01:05;UK100.cash;-207.29;-142.38;-64.91;0.00
2023.01.03 01:05;GER40.cash;-210.49;-165.92;-44.57;0.00
2023.01.03 09:05;EU50.cash;-248.00;-205.95;-42.05;0.00
2023.03.01 01:05;GER40.cash;38.01;120.65;-82.64;0.00
2023.04.03 09:05;EU50.cash;180.59;336.23;-155.64;0.00
2023.04.03 16:35;AAPL;712.70;825.00;-112.15;-0.15
2023.04.03 16:35;TSLA;279.85;338.36;-58.47;-0.04
2023.05.01 01:05;US100.cash;-42.91;53.45;-96.36;0.00
2023.05.01 01:05;XAUUSD;-12.62;80.40;-92.96;-0.06
2023.05.01 16:35;NVDA;509.16;1138.47;-629.23;-0.08
2023.06.01 01:05;US30.cash;-413.28;-319.70;-93.58;0.00
2023.06.01 01:05;UK100.cash;-617.54;-522.22;-95.32;0.00
2023.06.01 16:35;MSFT;669.88;805.20;-135.19;-0.13
2023.06.01 16:35;META;2483.09;2994.25;-511.03;-0.13
2023.07.03 16:35;GOOG;-271.24;-163.24;-107.89;-0.11
2023.07.03 16:35;NVDA;273.87;443.93;-169.97;-0.09
2023.07.03 16:35;AMZN;632.73;733.60;-100.80;-0.07
2023.08.01 01:05;EURUSD;50.31;79.29;-28.75;-0.23
2023.08.01 01:05;US100.cash;774.44;1062.88;-288.44;0.00
2023.08.01 16:35;AAPL;19.68;75.75;-55.97;-0.10
2023.08.01 16:35;TSLA;1079.06;1179.90;-100.74;-0.10
2023.09.01 01:05;US30.cash;-332.76;-232.01;-100.75;0.00
2023.09.01 01:05;US500.cash;-81.65;97.75;-179.40;0.00
2023.09.01 16:35;META;-186.41;-144.16;-42.20;-0.05
2023.10.02 01:05;US100.cash;-476.95;-366.02;-110.93;0.00
2023.10.02 16:35;AMZN;-531.72;-462.54;-69.08;-0.10
2023.10.02 16:35;NVDA;-468.53;-358.11;-110.36;-0.06
2023.11.01 01:05;UK100.cash;-475.72;-376.94;-98.78;0.00
2023.11.01 01:05;USOIL.cash;203.59;2.90;200.69;0.00
2023.11.01 16:35;TSLA;-476.94;-448.14;-28.76;-0.04
2023.11.01 16:35;META;-85.24;-13.72;-71.44;-0.08
2023.11.01 16:35;GOOG;-329.32;-152.75;-176.51;-0.06
2024.01.02 01:05;GER40.cash;140.54;191.63;-51.09;0.00
2024.01.02 09:05;EU50.cash;127.02;170.79;-43.77;0.00
2024.02.01 01:05;US100.cash;213.65;322.66;-109.01;0.00
2024.02.01 01:05;US500.cash;237.50;381.23;-143.73;0.00
2024.02.01 01:05;US30.cash;286.92;423.43;-136.51;0.00
2024.03.01 01:05;USOIL.cash;209.39;136.02;73.37;0.00
2024.03.01 16:35;MSFT;94.78;161.40;-66.45;-0.17
2024.03.01 16:35;GOOG;-116.77;-15.40;-101.31;-0.06
2024.04.01 01:05;US500.cash;198.00;275.52;-77.52;0.00
2024.04.01 16:35;NVDA;1884.55;2096.64;-211.96;-0.13
2024.04.01 16:35;META;1008.12;1128.00;-119.80;-0.08
2024.05.01 01:05;GER40.cash;-81.25;55.48;-136.73;0.00
2024.05.01 09:05;EU50.cash;-120.11;2.50;-122.61;0.00
2024.06.03 01:05;XAUUSD;93.27;199.54;-106.24;-0.03
2024.06.03 01:05;UK100.cash;150.30;298.73;-148.43;0.00
2024.06.03 16:35;TSLA;-28.16;9.23;-37.34;-0.05
2024.06.03 16:35;GOOG;286.14;382.47;-96.26;-0.07
2024.07.01 01:05;GER40.cash;-174.84;-120.48;-54.36;0.00
2024.07.01 01:05;US500.cash;247.18;329.46;-82.28;0.00
2024.07.01 16:35;NVDA;118.07;147.00;-28.88;-0.05
2024.08.01 01:05;US100.cash;216.44;363.86;-147.42;0.00
2024.08.01 16:35;META;88.06;140.90;-52.74;-0.10
2024.08.01 16:35;AMZN;-187.74;-139.86;-47.78;-0.10
2024.08.01 16:35;MSFT;-506.73;-449.60;-57.00;-0.13
2024.08.01 16:35;AAPL;1833.20;2110.29;-276.92;-0.17
2024.09.02 01:05;EURUSD;216.88;257.04;-39.86;-0.30
2024.09.02 01:05;XAUUSD;31.10;56.02;-24.90;-0.02
2024.09.02 01:05;UK100.cash;-36.75;8.30;-45.05;0.00
2024.10.01 01:05;US100.cash;51.75;90.90;-39.15;0.00
2024.10.01 01:05;US500.cash;59.00;110.62;-51.62;0.00
2024.10.01 01:05;US30.cash;73.39;151.38;-77.99;0.00
2024.10.01 09:05;EU50.cash;16.45;59.41;-42.96;0.00
2024.11.01 01:05;GER40.cash;35.51;127.47;-91.96;0.00
2024.11.01 16:35;META;-185.25;-142.96;-42.20;-0.09
2024.11.01 16:35;TSLA;-128.67;-98.89;-29.72;-0.06
2024.12.02 01:05;XAUUSD;-104.67;49.77;-154.38;-0.06
2024.12.02 16:35;MSFT;193.90;254.49;-60.45;-0.14
2024.12.02 16:35;GOOG;-90.58;-16.74;-73.73;-0.11
2024.12.02 16:35;NVDA;38.05;76.56;-38.44;-0.07
2024.12.02 16:35;AMZN;592.57;681.25;-88.57;-0.11
2025.01.02 01:05;US100.cash;-10.30;50.55;-60.85;0.00
2025.01.02 01:05;US500.cash;-266.66;-192.56;-74.10;0.00
2025.01.02 01:05;US30.cash;-475.62;-412.92;-62.70;0.00
2025.02.03 01:05;USOIL.cash;390.61;233.47;157.14;0.00
2025.02.03 16:35;AMZN;344.55;395.55;-50.87;-0.13
2025.02.03 16:35;GOOG;289.06;362.50;-73.32;-0.12
2025.02.03 16:35;AAPL;-352.21;-230.50;-121.59;-0.12
2025.02.03 16:35;TSLA;88.08;110.16;-22.05;-0.03
2025.03.03 16:35;META;-32.14;-17.82;-14.28;-0.04
2025.04.01 01:05;UK100.cash;-70.73;53.79;-124.52;0.00
2025.04.01 01:05;XAUUSD;550.30;644.96;-94.62;-0.04
2025.04.01 01:05;GER40.cash;242.65;328.23;-85.58;0.00
2025.04.01 09:05;EU50.cash;63.32;141.41;-78.09;0.00
2025.04.01 16:35;AAPL;-384.07;-350.40;-33.60;-0.07
2025.07.01 16:35;AMZN;346.88;398.35;-51.33;-0.14
2025.07.01 16:35;TSLA;-654.24;-623.76;-30.41;-0.07
2025.08.01 01:05;EURUSD;-364.06;-331.11;-32.72;-0.23
2025.08.01 01:05;US100.cash;650.36;824.44;-174.08;0.00
2025.08.01 16:35;META;860.54;952.56;-91.88;-0.14
2025.09.01 01:05;UK100.cash;-0.25;80.37;-80.62;0.00
2025.09.01 16:35;AMZN;219.11;263.50;-44.28;-0.11
2025.09.01 16:35;MSFT;18.77;111.28;-92.38;-0.13
2025.09.01 16:35;NVDA;1221.43;1399.92;-178.36;-0.13
2025.10.01 01:05;US30.cash;89.71;166.25;-76.54;0.00
2025.10.01 09:05;EU50.cash;224.01;282.25;-58.24;0.00
2025.11.03 01:05;XAUUSD;232.84;287.68;-54.78;-0.06
2025.11.03 16:35;TSLA;1051.12;1100.43;-49.23;-0.08
2025.12.01 01:05;UK100.cash;-132.10;-49.38;-82.72;0.00
2025.12.01 01:05;US100.cash;163.89;345.06;-181.17;0.00
2025.12.01 16:35;NVDA;-613.98;-587.88;-26.04;-0.06
2026.01.02 01:05;US30.cash;5.25;48.38;-43.13;0.00
2026.01.02 01:05;EURUSD;152.12;203.56;-51.09;-0.35
2026.01.02 16:35;AAPL;568.14;737.82;-169.58;-0.10
2026.01.02 16:35;GOOG;2718.50;2988.16;-269.51;-0.15
2026.02.02 01:05;GER40.cash;-120.65;-66.19;-54.46;0.00
2026.02.02 01:05;UK100.cash;179.78;260.29;-80.51;0.00
2026.02.02 16:35;NVDA;-111.99;-80.56;-31.36;-0.07
2026.03.02 01:05;USOIL.cash;247.46;130.70;116.76;0.00
2026.03.02 16:35;AMZN;-970.88;-925.96;-44.80;-0.12
2026.03.02 16:35;GOOG;-769.08;-723.87;-45.08;-0.13
2026.03.02 16:35;META;-143.93;-82.56;-61.29;-0.08
2026.04.01 01:05;GER40.cash;-665.32;-620.62;-44.70;0.00
2026.04.01 01:05;UK100.cash;-454.85;-395.87;-58.98;0.00
2026.04.01 01:05;XAUUSD;347.87;448.33;-100.43;-0.03
2026.04.01 09:05;EU50.cash;-521.60;-475.10;-46.50;0.00
2026.04.01 16:35;AAPL;-166.93;-127.50;-39.34;-0.09
2026.06.01 16:35;NVDA;321.23;356.62;-35.29;-0.10
2026.06.01 16:35;GOOG;-121.01;-89.96;-30.95;-0.10
2026.06.01 16:35;AMZN;-28.74;3.24;-31.88;-0.10
2026.07.01 01:05;US500.cash;214.01;358.49;-144.48;0.00
2026.07.01 01:05;US100.cash;633.66;744.77;-111.11;0.00
2026.07.01 16:35;AAPL;-324.29;-287.04;-37.16;-0.09
2026.08.03 01:05;GER40.cash;180.10;218.71;-38.61;0.00
2026.08.03 01:05;US30.cash;171.59;295.79;-124.20;0.00
2026.08.03 09:05;EU50.cash;50.41;92.70;-42.29;0.00
2026.08.03 16:35;TSLA;-694.57;-661.68;-32.85;-0.04
2026.09.01 01:05;EURUSD;49.32;97.80;-48.10;-0.38
2026.09.01 01:05;USOIL.cash;64.33;35.58;28.75;0.00
2026.09.01 01:05;UK100.cash;121.45;240.41;-118.96;0.00
2026.09.01 16:35;AAPL;51.73;76.45;-24.65;-0.07
2026.09.23 23:54;TSLA;177.61;193.04;-15.37;-0.06
2026.09.23 23:54;US100.cash;199.89;234.02;-34.13;0.00
2026.09.23 23:54;US500.cash;-39.08;24.47;-63.55;0.00
2026.09.23 23:54;XAUUSD;-180.17;-161.88;-18.26;-0.03
2026.09.23 23:54;MSFT;60.64;95.82;-35.12;-0.06
