date,pnl_bp
2005-03-01,43.67326894745504
2005-03-02,0.0
2005-03-03,0.0
2005-03-04,-9.207013113416984
2005-03-07,0.0
2005-03-08,0.0
2005-03-09,45.26997726645665
2005-03-10,0.0
2005-03-11,0.0
2005-03-14,181.243358480353
2005-03-15,0.0
2005-03-16,0.0
2005-03-17,151.5161700153944
2005-03-18,0.0
2005-03-21,0.0
2005-03-22,-52.01045669549487
2005-03-23,0.0
2005-03-24,0.0
2005-03-28,-66.67979439265004
2005-03-29,0.0
2005-03-30,0.0
2005-03-31,-8.229175800826827
2005-04-01,0.0
2005-04-04,0.0
2005-04-05,-12.468407750632071
2005-04-06,0.0
2005-04-07,0.0
2005-04-08,161.01238556812004
2005-04-11,0.0
2005-04-12,0.0
2005-04-13,0.0
2005-04-14,141.0698549055267
2005-04-15,0.0
2005-04-18,0.0
2005-04-19,0.0
2005-04-20,0.0
2005-04-21,0.0
2005-04-22,0.0
2005-04-25,0.0
2005-04-26,0.0
2005-04-27,0.0
2005-04-28,129.9945362558441
2005-04-29,0.0
2005-05-02,0.0
2005-05-03,198.86383536119823
2005-05-04,0.0
2005-05-05,0.0
2005-05-06,0.0
2005-05-09,0.0
2005-05-10,0.0
2005-05-11,0.0
2005-05-12,0.0
2005-05-13,0.0
2005-05-16,0.0
2005-05-17,0.0
2005-05-18,0.0
2005-05-19,0.0
2005-05-20,0.0
2005-05-23,0.0
2005-05-24,60.56593117684805
2005-05-25,0.0
2005-05-26,0.0
2005-05-27,123.62885533617307
2005-05-31,0.0
2005-06-01,0.0
2005-06-02,-241.17887007954363
2005-06-03,0.0
2005-06-06,0.0
2005-06-07,-65.96478394900407
2005-06-08,0.0
2005-06-09,0.0
2005-06-10,55.686315761791505
2005-06-13,0.0
2005-06-14,0.0
2005-06-15,51.12815382905423
2005-06-16,0.0
2005-06-17,0.0
2005-06-20,0.0
2005-06-21,-236.25429553264522
2005-06-22,0.0
2005-06-23,0.0
2005-06-24,26.196856377234123
2005-06-27,0.0
2005-06-28,0.0
2005-06-29,14.89252780714212
2005-06-30,0.0
2005-07-01,0.0
2005-07-05,0.0
2005-07-06,0.0
2005-07-07,344.53177991461416
2005-07-08,0.0
2005-07-11,0.0
2005-07-12,0.0
2005-07-13,80.05803726197635
2005-07-14,0.0
2005-07-15,0.0
2005-07-18,202.53616034749734
2005-07-19,0.0
2005-07-20,0.0
2005-07-21,0.0
2005-07-22,0.0
2005-07-25,0.0
2005-07-26,0.0
2005-07-27,0.0
2005-07-28,0.0
2005-07-29,0.0
2005-08-01,0.0
2005-08-02,0.0
2005-08-03,0.0
2005-08-04,0.0
2005-08-05,0.0
2005-08-08,0.0
2005-08-09,0.0
2005-08-10,0.0
2005-08-11,0.0
2005-08-12,-59.43144337992812
2005-08-15,0.0
2005-08-16,0.0
2005-08-17,-42.343691737924956
2005-08-18,0.0
2005-08-19,0.0
2005-08-22,-61.62770771583892
2005-08-23,0.0
2005-08-24,0.0
2005-08-25,-0.9579278105609212
2005-08-26,0.0
2005-08-29,0.0
2005-08-30,47.19843140260416
2005-08-31,0.0
2005-09-01,0.0
2005-09-02,156.12286411716968
2005-09-06,0.0
2005-09-07,0.0
2005-09-08,60.7130338991535
2005-09-09,0.0
2005-09-12,0.0
2005-09-13,-49.39715561970481
2005-09-14,0.0
2005-09-15,0.0
2005-09-16,0.0
2005-09-19,0.0
2005-09-20,0.0
2005-09-21,70.55780361624686
2005-09-22,0.0
2005-09-23,0.0
2005-09-26,0.0
2005-09-27,0.0
2005-09-28,0.0
2005-09-29,0.0
2005-09-30,0.0
2005-10-03,0.0
2005-10-04,0.0
2005-10-05,0.0
2005-10-06,0.0
2005-10-07,0.0
2005-10-10,0.0
2005-10-11,-32.35215778498279
2005-10-12,0.0
2005-10-13,0.0
2005-10-14,-163.95884192735855
2005-10-17,0.0
2005-10-18,0.0
2005-10-19,-134.0460369136287
2005-10-20,0.0
2005-10-21,0.0
2005-10-24,297.1741112123971
2005-10-25,0.0
2005-10-26,0.0
2005-10-27,-214.7235288781757
2005-10-28,0.0
2005-10-31,0.0
2005-11-01,-326.73229645040936
2005-11-02,0.0
2005-11-03,0.0
2005-11-04,-13.39041663851459
2005-11-07,0.0
2005-11-08,0.0
2005-11-09,-133.05034320731713
2005-11-10,0.0
2005-11-11,0.0
2005-11-14,-148.25352624250775
2005-11-15,0.0
2005-11-16,0.0
2005-11-17,0.0
2005-11-18,-100.72327886418542
2005-11-21,0.0
2005-11-22,0.0
2005-11-23,0.0
2005-11-25,0.0
2005-11-28,0.0
2005-11-29,0.0
2005-11-30,0.0
2005-12-01,0.0
2005-12-02,0.0
2005-12-05,0.0
2005-12-06,0.0
2005-12-07,0.0
2005-12-08,0.0
2005-12-09,0.0
2005-12-12,-19.725027232313508
2005-12-13,0.0
2005-12-14,0.0
2005-12-15,0.0
2005-12-16,0.0
2005-12-19,0.0
2005-12-20,0.0
2005-12-21,0.0
2005-12-22,0.0
2005-12-23,0.0
2005-12-27,-138.87806661591728
2005-12-28,0.0
2005-12-29,0.0
2005-12-30,0.0
2006-01-03,327.75175156107616
2006-01-04,0.0
2006-01-05,0.0
2006-01-06,134.00653606072677
2006-01-09,0.0
2006-01-10,0.0
2006-01-11,0.0
2006-01-12,-175.86631184364876
2006-01-13,0.0
2006-01-17,0.0
2006-01-18,-234.88017149980723
2006-01-19,0.0
2006-01-20,0.0
2006-01-23,84.65071884507624
2006-01-24,0.0
2006-01-25,0.0
2006-01-26,0.0
2006-01-27,0.0
2006-01-30,0.0
2006-01-31,0.0
2006-02-01,0.0
2006-02-02,0.0
2006-02-03,0.0
2006-02-06,0.0
2006-02-07,0.0
2006-02-08,0.0
2006-02-09,0.0
2006-02-10,0.0
2006-02-13,0.0
2006-02-14,0.0
2006-02-15,0.0
2006-02-16,0.0
2006-02-17,0.0
2006-02-21,0.0
2006-02-22,0.0
2006-02-23,-10.285297406550375
2006-02-24,0.0
2006-02-27,0.0
2006-02-28,82.30723645222815
2006-03-01,0.0
2006-03-02,0.0
2006-03-03,133.34758240714396
2006-03-06,0.0
2006-03-07,0.0
2006-03-08,48.560047176055
2006-03-09,0.0
2006-03-10,0.0
2006-03-13,-152.7400697791137
2006-03-14,0.0
2006-03-15,0.0
2006-03-16,0.0
2006-03-17,0.0
2006-03-20,0.0
2006-03-21,0.0
2006-03-22,0.0
2006-03-23,0.0
2006-03-24,0.0
2006-03-27,0.0
2006-03-28,0.0
2006-03-29,-17.19645037092654
2006-03-30,0.0
2006-03-31,0.0
2006-04-03,-190.00802685774863
2006-04-04,0.0
2006-04-05,0.0
2006-04-06,0.0
2006-04-07,106.09217483154687
2006-04-10,0.0
2006-04-11,0.0
2006-04-12,-128.405924622379
2006-04-13,0.0
2006-04-17,0.0
2006-04-18,102.04790807580078
2006-04-19,0.0
2006-04-20,0.0
2006-04-21,39.905910989923576
2006-04-24,0.0
2006-04-25,0.0
2006-04-26,91.58735753730608
2006-04-27,0.0
2006-04-28,0.0
2006-05-01,-85.49694357320448
2006-05-02,0.0
2006-05-03,0.0
2006-05-04,-59.6109416059698
2006-05-05,0.0
2006-05-08,0.0
2006-05-09,0.0
2006-05-10,354.2559091820963
2006-05-11,0.0
2006-05-12,0.0
2006-05-15,0.0
2006-05-16,0.0
2006-05-17,89.6860986547099
2006-05-18,0.0
2006-05-19,0.0
2006-05-22,0.0
2006-05-23,0.0
2006-05-24,0.0
2006-05-25,0.0
2006-05-26,0.0
2006-05-30,0.0
2006-05-31,0.0
2006-06-01,0.0
2006-06-02,0.0
2006-06-05,0.0
2006-06-06,0.0
2006-06-07,0.0
2006-06-08,0.0
2006-06-09,0.0
2006-06-12,0.0
2006-06-13,0.0
2006-06-14,0.0
2006-06-15,0.0
2006-06-16,-68.59307414706528
2006-06-19,0.0
2006-06-20,0.0
2006-06-21,110.51373954599653
2006-06-22,0.0
2006-06-23,0.0
2006-06-26,-188.86111414562646
2006-06-27,0.0
2006-06-28,0.0
2006-06-29,199.36173970079963
2006-06-30,0.0
2006-07-03,0.0
2006-07-05,212.68380578525648
2006-07-06,0.0
2006-07-07,0.0
2006-07-10,281.01781839700135
2006-07-11,0.0
2006-07-12,0.0
2006-07-13,0.0
2006-07-14,0.0
2006-07-17,0.0
2006-07-18,0.0
2006-07-19,0.0
2006-07-20,154.27196313288593
2006-07-21,0.0
2006-07-24,0.0
2006-07-25,0.0
2006-07-26,144.83694921633372
2006-07-27,0.0
2006-07-28,0.0
2006-07-31,7.751270347082784
2006-08-01,0.0
2006-08-02,0.0
2006-08-03,-170.7930623593268
2006-08-04,0.0
2006-08-07,0.0
2006-08-08,13.06573275862144
2006-08-09,0.0
2006-08-10,0.0
2006-08-11,560.4207864186072
2006-08-14,0.0
2006-08-15,0.0
2006-08-16,-56.940499089207506
2006-08-17,0.0
2006-08-18,0.0
2006-08-21,-37.985548836731994
2006-08-22,0.0
2006-08-23,0.0
2006-08-24,118.69932291231234
2006-08-25,0.0
2006-08-28,0.0
2006-08-29,100.53061354176495
2006-08-30,0.0
2006-08-31,0.0
2006-09-01,-154.95731281496396
2006-09-05,0.0
2006-09-06,0.0
2006-09-07,325.3367756447956
2006-09-08,0.0
2006-09-11,0.0
2006-09-12,103.29568311929549
2006-09-13,0.0
2006-09-14,0.0
2006-09-15,79.08407047119593
2006-09-18,0.0
2006-09-19,0.0
2006-09-20,30.510225787825362
2006-09-21,0.0
2006-09-22,0.0
2006-09-25,67.98475493374312
2006-09-26,0.0
2006-09-27,0.0
2006-09-28,-128.19046816603395
2006-09-29,0.0
2006-10-02,0.0
2006-10-03,271.8421742496768
2006-10-04,0.0
2006-10-05,0.0
2006-10-06,37.9849010018507
2006-10-09,0.0
2006-10-10,0.0
2006-10-11,0.0
2006-10-12,-51.96271253505969
2006-10-13,0.0
2006-10-16,0.0
2006-10-17,-0.1754786179297696
2006-10-18,0.0
2006-10-19,0.0
2006-10-20,0.0
2006-10-23,0.0
2006-10-24,0.0
2006-10-25,0.0
2006-10-26,-66.10973183415747
2006-10-27,0.0
2006-10-30,0.0
2006-10-31,-164.84467891073163
2006-11-01,0.0
2006-11-02,0.0
2006-11-03,268.6064390427112
2006-11-06,0.0
2006-11-07,0.0
2006-11-08,104.30061437348259
2006-11-09,0.0
2006-11-10,0.0
2006-11-13,192.13800904977373
2006-11-14,0.0
2006-11-15,0.0
2006-11-16,38.34692031498888
2006-11-17,0.0
2006-11-20,0.0
2006-11-21,-186.35840962363483
2006-11-22,0.0
2006-11-24,0.0
2006-11-27,90.58287375293573
2006-11-28,0.0
2006-11-29,0.0
2006-11-30,75.92463363572888
2006-12-01,0.0
2006-12-04,0.0
2006-12-05,-103.27728066044206
2006-12-06,0.0
2006-12-07,0.0
2006-12-08,-15.507695063849969
2006-12-11,0.0
2006-12-12,0.0
2006-12-13,42.33391647602281
2006-12-14,0.0
2006-12-15,0.0
2006-12-18,-137.96838619981156
2006-12-19,0.0
2006-12-20,0.0
2006-12-21,-16.248839368615542
2006-12-22,0.0
2006-12-26,0.0
2006-12-27,0.0
2006-12-28,0.0
2006-12-29,0.0
2007-01-03,0.0
2007-01-04,0.0
2007-01-05,0.0
2007-01-08,0.0
2007-01-09,0.0
2007-01-10,0.0
2007-01-11,0.0
2007-01-12,0.0
2007-01-16,0.0
2007-01-17,0.0
2007-01-18,0.0
2007-01-19,0.0
2007-01-22,0.0
2007-01-23,0.0
2007-01-24,0.0
2007-01-25,0.0
2007-01-26,0.0
2007-01-29,0.0
2007-01-30,0.0
2007-01-31,17.352199433124937
2007-02-01,0.0
2007-02-02,0.0
2007-02-05,0.0
2007-02-06,-41.99524834640256
2007-02-07,0.0
2007-02-08,0.0
2007-02-09,164.9370215006196
2007-02-12,0.0
2007-02-13,0.0
2007-02-14,103.19672944054447
2007-02-15,0.0
2007-02-16,0.0
2007-02-20,33.04775564293205
2007-02-21,0.0
2007-02-22,0.0
2007-02-23,-424.8900677802125
2007-02-26,0.0
2007-02-27,0.0
2007-02-28,-276.2261580381464
2007-03-01,0.0
2007-03-02,0.0
2007-03-05,195.5118101042652
2007-03-06,0.0
2007-03-07,0.0
2007-03-08,-137.1369021375035
2007-03-09,0.0
2007-03-12,0.0
2007-03-13,114.66025730342278
2007-03-14,0.0
2007-03-15,0.0
2007-03-16,368.03407127646625
2007-03-19,0.0
2007-03-20,0.0
2007-03-21,-18.822487336340732
2007-03-22,0.0
2007-03-23,0.0
2007-03-26,0.0
2007-03-27,0.0
2007-03-28,0.0
2007-03-29,0.0
2007-03-30,0.0
2007-04-02,0.0
2007-04-03,0.0
2007-04-04,0.0
2007-04-05,0.0
2007-04-09,0.0
2007-04-10,0.0
2007-04-11,0.0
2007-04-12,0.0
2007-04-13,0.0
2007-04-16,0.0
2007-04-17,59.83944716634548
2007-04-18,0.0
2007-04-19,0.0
2007-04-20,0.0
2007-04-23,212.8982044990213
2007-04-24,0.0
2007-04-25,0.0
2007-04-26,-85.41625872552916
2007-04-27,0.0
2007-04-30,0.0
2007-05-01,118.87286954943565
2007-05-02,0.0
2007-05-03,0.0
2007-05-04,52.48720789154504
2007-05-07,0.0
2007-05-08,0.0
2007-05-09,-92.19951197754095
2007-05-10,0.0
2007-05-11,0.0
2007-05-14,-18.007711537646465
2007-05-15,0.0
2007-05-16,0.0
2007-05-17,168.5697306704581
2007-05-18,0.0
2007-05-21,0.0
2007-05-22,0.0
2007-05-23,0.0
2007-05-24,0.0
2007-05-25,0.0
2007-05-29,0.0
2007-05-30,0.0
2007-05-31,0.0
2007-06-01,69.54456349247518
2007-06-04,0.0
2007-06-05,0.0
2007-06-06,67.31597775282539
2007-06-07,0.0
2007-06-08,0.0
2007-06-11,-118.71963658541596
2007-06-12,0.0
2007-06-13,0.0
2007-06-14,-89.42396624648019
2007-06-15,0.0
2007-06-18,0.0
2007-06-19,102.02137247328436
2007-06-20,0.0
2007-06-21,0.0
2007-06-22,-57.85820577125067
2007-06-25,0.0
2007-06-26,0.0
2007-06-27,-108.94643725492203
2007-06-28,0.0
2007-06-29,0.0
2007-07-02,-174.96366650973317
2007-07-03,0.0
2007-07-05,0.0
2007-07-06,21.274348567376087
2007-07-09,0.0
2007-07-10,0.0
2007-07-11,0.0
2007-07-12,0.0
2007-07-13,0.0
2007-07-16,0.0
2007-07-17,0.0
2007-07-18,8.09625217126797
2007-07-19,0.0
2007-07-20,0.0
2007-07-23,0.0
2007-07-24,0.0
2007-07-25,0.0
2007-07-26,274.5394140742974
2007-07-27,0.0
2007-07-30,0.0
2007-07-31,69.87360640973827
2007-08-01,0.0
2007-08-02,0.0
2007-08-03,0.0
2007-08-06,0.0
2007-08-07,186.06879957586474
2007-08-08,0.0
2007-08-09,0.0
2007-08-10,312.80841912796006
2007-08-13,0.0
2007-08-14,0.0
2007-08-15,0.0
2007-08-16,-351.5538245697658
2007-08-17,0.0
2007-08-20,0.0
2007-08-21,0.0
2007-08-22,0.0
2007-08-23,0.0
2007-08-24,0.0
2007-08-27,0.0
2007-08-28,471.18847539015627
2007-08-29,0.0
2007-08-30,0.0
2007-08-31,49.98164657846971
2007-09-04,0.0
2007-09-05,0.0
2007-09-06,-48.48224069005869
2007-09-07,0.0
2007-09-10,0.0
2007-09-11,59.52799927601005
2007-09-12,0.0
2007-09-13,0.0
2007-09-14,202.6169270599043
2007-09-17,0.0
2007-09-18,0.0
2007-09-19,77.84026335384331
2007-09-20,0.0
2007-09-21,0.0
2007-09-24,190.25397982743942
2007-09-25,0.0
2007-09-26,0.0
2007-09-27,93.01704358444684
2007-09-28,0.0
2007-10-01,0.0
2007-10-02,159.6491310984982
2007-10-03,0.0
2007-10-04,0.0
2007-10-05,127.0427553996667
2007-10-08,0.0
2007-10-09,0.0
2007-10-10,-82.95896149711935
2007-10-11,0.0
2007-10-12,0.0
2007-10-15,132.47364422952268
2007-10-16,0.0
2007-10-17,0.0
2007-10-18,80.73069046225845
2007-10-19,0.0
2007-10-22,0.0
2007-10-23,-48.023290615730744
2007-10-24,0.0
2007-10-25,0.0
2007-10-26,202.27012790543952
2007-10-29,0.0
2007-10-30,0.0
2007-10-31,-171.95330016346765
2007-11-01,0.0
2007-11-02,0.0
2007-11-05,-428.63375263578973
2007-11-06,0.0
2007-11-07,0.0
2007-11-08,-190.29893265468888
2007-11-09,0.0
2007-11-12,0.0
2007-11-13,-84.50786029582602
2007-11-14,0.0
2007-11-15,0.0
2007-11-16,0.0
2007-11-19,0.0
2007-11-20,0.0
2007-11-21,0.0
2007-11-23,0.0
2007-11-26,568.3234809184867
2007-11-27,0.0
2007-11-28,0.0
2007-11-29,-206.23852512818618
2007-11-30,0.0
2007-12-03,0.0
2007-12-04,344.5261429972901
2007-12-05,0.0
2007-12-06,0.0
2007-12-07,0.0
2007-12-10,0.0
2007-12-11,0.0
2007-12-12,-383.3707694064803
2007-12-13,0.0
2007-12-14,0.0
2007-12-17,0.0
2007-12-18,0.0
2007-12-19,480.6499261447561
2007-12-20,0.0
2007-12-21,0.0
2007-12-24,0.0
2007-12-26,0.0
2007-12-27,0.0
2007-12-28,0.0
2007-12-31,0.0
2008-01-02,-450.16124232208466
2008-01-03,0.0
2008-01-04,0.0
2008-01-07,-19.413111002124506
2008-01-08,0.0
2008-01-09,0.0
2008-01-10,-304.8156262156798
2008-01-11,0.0
2008-01-14,0.0
2008-01-15,-263.9790083892524
2008-01-16,0.0
2008-01-17,0.0
2008-01-18,-93.10825393554434
2008-01-22,0.0
2008-01-23,0.0
2008-01-24,-105.36859851553393
2008-01-25,0.0
2008-01-28,0.0
2008-01-29,263.32239844661933
2008-01-30,0.0
2008-01-31,0.0
2008-02-01,-616.1906353253166
2008-02-04,0.0
2008-02-05,0.0
2008-02-06,299.49165685401624
2008-02-07,0.0
2008-02-08,0.0
2008-02-11,-30.67330697287929
2008-02-12,0.0
2008-02-13,0.0
2008-02-14,0.0
2008-02-15,0.0
2008-02-19,0.0
2008-02-20,0.0
2008-02-21,0.0
2008-02-22,0.0
2008-02-25,0.0
2008-02-26,0.0
2008-02-27,0.0
2008-02-28,0.0
2008-02-29,0.0
2008-03-03,0.0
2008-03-04,0.0
2008-03-05,0.0
2008-03-06,0.0
2008-03-07,0.0
2008-03-10,0.0
2008-03-11,155.77701829460943
2008-03-12,0.0
2008-03-13,0.0
2008-03-14,-10.269396614599469
2008-03-17,0.0
2008-03-18,0.0
2008-03-19,0.0
2008-03-20,0.0
2008-03-24,0.0
2008-03-25,0.0
2008-03-26,-194.52148265539648
2008-03-27,0.0
2008-03-28,0.0
2008-03-31,0.0
2008-04-01,0.0
2008-04-02,65.06923409779208
2008-04-03,0.0
2008-04-04,0.0
2008-04-07,-42.239215833793644
2008-04-08,0.0
2008-04-09,0.0
2008-04-10,-314.30622190321446
2008-04-11,0.0
2008-04-14,0.0
2008-04-15,588.1107464632552
2008-04-16,0.0
2008-04-17,0.0
2008-04-18,33.573999621108186
2008-04-21,0.0
2008-04-22,0.0
2008-04-23,0.0
2008-04-24,0.0
2008-04-25,0.0
2008-04-28,297.3076963073118
2008-04-29,0.0
2008-04-30,0.0
2008-05-01,51.35222475813439
2008-05-02,0.0
2008-05-05,0.0
2008-05-06,0.0
2008-05-07,233.67598979204817
2008-05-08,0.0
2008-05-09,0.0
2008-05-12,171.85606553764998
2008-05-13,0.0
2008-05-14,0.0
2008-05-15,-150.98407947463198
2008-05-16,0.0
2008-05-19,0.0
2008-05-20,-208.4801591466856
2008-05-21,0.0
2008-05-22,0.0
2008-05-23,0.0
2008-05-27,0.0
2008-05-28,-33.84881529146399
2008-05-29,0.0
2008-05-30,0.0
2008-06-02,0.0
2008-06-03,0.0
2008-06-04,0.0
2008-06-05,401.77898020057444
2008-06-06,0.0
2008-06-09,0.0
2008-06-10,33.104525130035476
2008-06-11,0.0
2008-06-12,0.0
2008-06-13,75.8388817961253
2008-06-16,0.0
2008-06-17,0.0
2008-06-18,193.6856132438114
2008-06-19,0.0
2008-06-20,0.0
2008-06-23,302.721461759986
2008-06-24,0.0
2008-06-25,0.0
2008-06-26,-39.45262182074805
2008-06-27,0.0
2008-06-30,0.0
2008-07-01,192.08572456259952
2008-07-02,0.0
2008-07-03,0.0
2008-07-07,-69.18710623833313
2008-07-08,0.0
2008-07-09,0.0
2008-07-10,224.0741042743688
2008-07-11,0.0
2008-07-14,0.0
2008-07-15,-138.3490421775524
2008-07-16,0.0
2008-07-17,0.0
2008-07-18,-122.47494830602834
2008-07-21,0.0
2008-07-22,0.0
2008-07-23,230.6616961789376
2008-07-24,0.0
2008-07-25,0.0
2008-07-28,-256.01916815955803
2008-07-29,0.0
2008-07-30,0.0
2008-07-31,0.0
2008-08-01,0.0
2008-08-04,-416.9344651049411
2008-08-05,0.0
2008-08-06,0.0
2008-08-07,0.0
2008-08-08,0.0
2008-08-11,0.0
2008-08-12,0.0
2008-08-13,0.0
2008-08-14,0.0
2008-08-15,0.0
2008-08-18,0.0
2008-08-19,0.0
2008-08-20,0.0
2008-08-21,0.0
2008-08-22,0.0
2008-08-25,0.0
2008-08-26,0.0
2008-08-27,0.0
2008-08-28,0.0
2008-08-29,0.0
2008-09-02,0.0
2008-09-03,0.0
2008-09-04,0.0
2008-09-05,0.0
2008-09-08,0.0
2008-09-09,0.0
2008-09-10,0.0
2008-09-11,0.0
2008-09-12,762.1397407095121
2008-09-15,0.0
2008-09-16,0.0
2008-09-17,-205.15176575086613
2008-09-18,0.0
2008-09-19,0.0
2008-09-22,-129.71655641859758
2008-09-23,0.0
2008-09-24,0.0
2008-09-25,550.6207223489668
2008-09-26,0.0
2008-09-29,0.0
2008-09-30,776.292933156909
2008-10-01,0.0
2008-10-02,0.0
2008-10-03,953.4007777868436
2008-10-06,0.0
2008-10-07,0.0
2008-10-08,-743.4935856486891
2008-10-09,0.0
2008-10-10,0.0
2008-10-13,815.4371336234034
2008-10-14,0.0
2008-10-15,0.0
2008-10-16,224.98610021554177
2008-10-17,0.0
2008-10-20,0.0
2008-10-21,632.3679515049519
2008-10-22,0.0
2008-10-23,0.0
2008-10-24,-830.5122809352295
2008-10-27,0.0
2008-10-28,0.0
2008-10-29,-250.59134334777244
2008-10-30,0.0
2008-10-31,0.0
2008-11-03,0.0
2008-11-04,774.6662797446324
2008-11-05,0.0
2008-11-06,0.0
2008-11-07,0.0
2008-11-10,0.0
2008-11-11,0.0
2008-11-12,0.0
2008-11-13,0.0
2008-11-14,0.0
2008-11-17,0.0
2008-11-18,0.0
2008-11-19,0.0
2008-11-20,0.0
2008-11-21,0.0
2008-11-24,0.0
2008-11-25,0.0
2008-11-26,0.0
2008-11-28,0.0
2008-12-01,0.0
2008-12-02,0.0
2008-12-03,0.0
2008-12-04,0.0
2008-12-05,0.0
2008-12-08,0.0
2008-12-09,0.0
2008-12-10,0.0
2008-12-11,0.0
2008-12-12,0.0
2008-12-15,0.0
2008-12-16,-211.5014998110154
2008-12-17,0.0
2008-12-18,0.0
2008-12-19,-270.2125387162246
2008-12-22,0.0
2008-12-23,0.0
2008-12-24,143.88246221396673
2008-12-26,0.0
2008-12-29,0.0
2008-12-30,509.264654469177
2008-12-31,0.0
2009-01-02,0.0
2009-01-05,-79.20666603301373
2009-01-06,0.0
2009-01-07,0.0
2009-01-08,-398.15731485325466
2009-01-09,0.0
2009-01-12,0.0
2009-01-13,-37.500519685693675
2009-01-14,0.0
2009-01-15,0.0
2009-01-16,-250.88887776053005
2009-01-20,0.0
2009-01-21,0.0
2009-01-22,0.0
2009-01-23,0.0
2009-01-26,0.0
2009-01-27,0.0
2009-01-28,0.0
2009-01-29,0.0
2009-01-30,0.0
2009-02-02,0.0
2009-02-03,0.0
2009-02-04,0.0
2009-02-05,0.0
2009-02-06,0.0
2009-02-09,0.0
2009-02-10,0.0
2009-02-11,0.0
2009-02-12,0.0
2009-02-13,0.0
2009-02-17,0.0
2009-02-18,0.0
2009-02-19,0.0
2009-02-20,0.0
2009-02-23,0.0
2009-02-24,0.0
2009-02-25,0.0
2009-02-26,0.0
2009-02-27,0.0
2009-03-02,0.0
2009-03-03,0.0
2009-03-04,0.0
2009-03-05,0.0
2009-03-06,0.0
2009-03-09,0.0
2009-03-10,0.0
2009-03-11,0.0
2009-03-12,0.0
2009-03-13,0.0
2009-03-16,0.0
2009-03-17,0.0
2009-03-18,0.0
2009-03-19,0.0
2009-03-20,0.0
2009-03-23,0.0
2009-03-24,0.0
2009-03-25,0.0
2009-03-26,0.0
2009-03-27,0.0
2009-03-30,0.0
2009-03-31,0.0
2009-04-01,0.0
2009-04-02,0.0
2009-04-03,0.0
2009-04-06,0.0
2009-04-07,0.0
2009-04-08,0.0
2009-04-09,0.0
2009-04-13,0.0
2009-04-14,0.0
2009-04-15,-54.23430129661067
2009-04-16,0.0
2009-04-17,0.0
2009-04-20,267.60961378373025
2009-04-21,0.0
2009-04-22,0.0
2009-04-23,0.0
2009-04-24,66.26470930910067
2009-04-27,0.0
2009-04-28,0.0
2009-04-29,0.0
2009-04-30,0.0
2009-05-01,194.97071501195728
2009-05-04,0.0
2009-05-05,0.0
2009-05-06,-197.07132071496213
2009-05-07,0.0
2009-05-08,0.0
2009-05-11,-258.77818296448527
2009-05-12,0.0
2009-05-13,0.0
2009-05-14,282.27437539991126
2009-05-15,0.0
2009-05-18,0.0
2009-05-19,-249.4903615750499
2009-05-20,0.0
2009-05-21,0.0
2009-05-22,419.1700228144679
2009-05-26,0.0
2009-05-27,0.0
2009-05-28,0.0
2009-05-29,277.7294036515121
2009-06-01,0.0
2009-06-02,0.0
2009-06-03,88.44819172585838
2009-06-04,0.0
2009-06-05,0.0
2009-06-08,57.239215580890956
2009-06-09,0.0
2009-06-10,0.0
2009-06-11,-359.11583756955577
2009-06-12,0.0
2009-06-15,0.0
2009-06-16,193.8680062359266
2009-06-17,0.0
2009-06-18,0.0
2009-06-19,-164.28430632871914
2009-06-22,0.0
2009-06-23,0.0
2009-06-24,254.10141942973974
2009-06-25,0.0
2009-06-26,0.0
2009-06-29,-253.06133451945323
2009-06-30,0.0
2009-07-01,0.0
2009-07-02,-240.2715933290922
2009-07-06,0.0
2009-07-07,0.0
2009-07-08,256.2467676917968
2009-07-09,0.0
2009-07-10,0.0
2009-07-13,491.6073772190366
2009-07-14,0.0
2009-07-15,0.0
2009-07-16,224.77236366509334
2009-07-17,0.0
2009-07-20,0.0
2009-07-21,296.5209496397314
2009-07-22,0.0
2009-07-23,0.0
2009-07-24,3.439520718422351
2009-07-27,0.0
2009-07-28,0.0
2009-07-29,178.23094379255
2009-07-30,0.0
2009-07-31,0.0
2009-08-03,-170.93334643638048
2009-08-04,0.0
2009-08-05,0.0
2009-08-06,-34.993657399595705
2009-08-07,0.0
2009-08-10,0.0
2009-08-11,105.91400209444934
2009-08-12,0.0
2009-08-13,0.0
2009-08-14,-92.89020712592632
2009-08-17,0.0
2009-08-18,0.0
2009-08-19,239.0690275020213
2009-08-20,0.0
2009-08-21,0.0
2009-08-24,37.8644221240787
2009-08-25,0.0
2009-08-26,0.0
2009-08-27,-275.02026240577294
2009-08-28,0.0
2009-08-31,0.0
2009-09-01,264.6255263685582
2009-09-02,0.0
2009-09-03,0.0
2009-09-04,293.57719755566114
2009-09-08,0.0
2009-09-09,0.0
2009-09-10,79.29259382264853
2009-09-11,0.0
2009-09-14,0.0
2009-09-15,151.27711779138852
2009-09-16,0.0
2009-09-17,0.0
2009-09-18,-5.622406157983484
2009-09-21,0.0
2009-09-22,0.0
2009-09-23,1.8558578412886106
2009-09-24,0.0
2009-09-25,0.0
2009-09-28,-337.3555453760013
2009-09-29,0.0
2009-09-30,0.0
2009-10-01,233.0758936876265
2009-10-02,0.0
2009-10-05,0.0
2009-10-06,132.00410496994496
2009-10-07,0.0
2009-10-08,0.0
2009-10-09,0.0
2009-10-12,0.0
2009-10-13,0.0
2009-10-14,0.0
2009-10-15,0.0
2009-10-16,0.0
2009-10-19,0.0
2009-10-20,0.0
2009-10-21,0.0
2009-10-22,0.0
2009-10-23,0.0
2009-10-26,0.0
2009-10-27,0.0
2009-10-28,0.0
2009-10-29,0.0
2009-10-30,81.21742155680734
2009-11-02,0.0
2009-11-03,0.0
2009-11-04,521.9942046921755
2009-11-05,0.0
2009-11-06,0.0
2009-11-09,26.803890522506535
2009-11-10,0.0
2009-11-11,0.0
2009-11-12,220.34357129160577
2009-11-13,0.0
2009-11-16,0.0
2009-11-17,-263.8767030311051
2009-11-18,0.0
2009-11-19,0.0
2009-11-20,165.94970499719474
2009-11-23,0.0
2009-11-24,0.0
2009-11-25,-33.22796278022122
2009-11-27,0.0
2009-11-30,0.0
2009-12-01,23.493743392384303
2009-12-02,0.0
2009-12-03,0.0
2009-12-04,-12.33320869909793
2009-12-07,0.0
2009-12-08,0.0
2009-12-09,108.34218025367326
2009-12-10,0.0
2009-12-11,0.0
2009-12-14,-170.36189465421847
2009-12-15,0.0
2009-12-16,0.0
2009-12-17,0.0
2009-12-18,0.0
2009-12-21,0.0
2009-12-22,0.0
2009-12-23,0.0
2009-12-24,0.0
2009-12-28,0.0
2009-12-29,0.0
2009-12-30,0.0
2009-12-31,0.0
2010-01-04,0.0
2010-01-05,0.0
2010-01-06,0.0
2010-01-07,0.0
2010-01-08,-34.13311916474204
2010-01-11,0.0
2010-01-12,0.0
2010-01-13,0.0
2010-01-14,-98.43521404490741
2010-01-15,0.0
2010-01-19,0.0
2010-01-20,-350.97299178243446
2010-01-21,0.0
2010-01-22,0.0
2010-01-25,-173.60282735701006
2010-01-26,0.0
2010-01-27,0.0
2010-01-28,32.860933882898905
2010-01-29,0.0
2010-02-01,0.0
2010-02-02,-173.33363347815433
2010-02-03,0.0
2010-02-04,0.0
2010-02-05,0.0
2010-02-08,0.0
2010-02-09,0.0
2010-02-10,0.0
2010-02-11,0.0
2010-02-12,0.0
2010-02-16,0.0
2010-02-17,0.0
2010-02-18,0.0
2010-02-19,0.0
2010-02-22,0.0
2010-02-23,0.0
2010-02-24,186.97827874053274
2010-02-25,0.0
2010-02-26,0.0
2010-03-01,72.140381282495
2010-03-02,0.0
2010-03-03,0.0
2010-03-04,224.01221689286598
2010-03-05,0.0
2010-03-08,0.0
2010-03-09,121.22773985210777
2010-03-10,0.0
2010-03-11,0.0
2010-03-12,61.26489402056734
2010-03-15,0.0
2010-03-16,0.0
2010-03-17,69.05207052917417
2010-03-18,0.0
2010-03-19,0.0
2010-03-22,-2.256884780901247
2010-03-23,0.0
2010-03-24,0.0
2010-03-25,96.50360413513637
2010-03-26,0.0
2010-03-29,0.0
2010-03-30,50.15345840362562
2010-03-31,0.0
2010-04-01,0.0
2010-04-05,0.0
2010-04-06,0.0
2010-04-07,92.80331765538996
2010-04-08,0.0
2010-04-09,0.0
2010-04-12,215.418535314309
2010-04-13,0.0
2010-04-14,0.0
2010-04-15,0.0
2010-04-16,107.75819240476103
2010-04-19,0.0
2010-04-20,0.0
2010-04-21,71.56443994436046
2010-04-22,0.0
2010-04-23,0.0
2010-04-26,-30.257333743272106
2010-04-27,0.0
2010-04-28,0.0
2010-04-29,-361.8403340365861
2010-04-30,0.0
2010-05-03,0.0
2010-05-04,-607.068670421591
2010-05-05,0.0
2010-05-06,0.0
2010-05-07,682.0442944891414
2010-05-10,0.0
2010-05-11,0.0
2010-05-12,-304.3663126777951
2010-05-13,0.0
2010-05-14,0.0
2010-05-17,-602.1039442428678
2010-05-18,0.0
2010-05-19,0.0
2010-05-20,86.43868186565484
2010-05-21,0.0
2010-05-24,0.0
2010-05-25,202.18320408882607
2010-05-26,0.0
2010-05-27,0.0
2010-05-28,0.0
2010-06-01,0.0
2010-06-02,0.0
2010-06-03,0.0
2010-06-04,-289.9500010916789
2010-06-07,0.0
2010-06-08,0.0
2010-06-09,374.1596024554217
2010-06-10,0.0
2010-06-11,0.0
2010-06-14,353.13306023365243
2010-06-15,0.0
2010-06-16,0.0
2010-06-17,-157.59034883416678
2010-06-18,0.0
2010-06-21,0.0
2010-06-22,-223.44645686877217
2010-06-23,0.0
2010-06-24,0.0
2010-06-25,-540.5434806257203
2010-06-28,0.0
2010-06-29,0.0
2010-06-30,-25.644858953276504
2010-07-01,0.0
2010-07-02,0.0
2010-07-06,461.8142827495553
2010-07-07,0.0
2010-07-08,0.0
2010-07-09,212.80699144253566
2010-07-12,0.0
2010-07-13,0.0
2010-07-14,-184.1470586648397
2010-07-15,0.0
2010-07-16,0.0
2010-07-19,240.86451783122965
2010-07-20,0.0
2010-07-21,0.0
2010-07-22,137.99581342923028
2010-07-23,0.0
2010-07-26,0.0
2010-07-27,-131.3525447239261
2010-07-28,0.0
2010-07-29,0.0
2010-07-30,242.4892703862658
2010-08-02,0.0
2010-08-03,0.0
2010-08-04,31.2696417347591
2010-08-05,0.0
2010-08-06,0.0
2010-08-09,-433.3818929912225
2010-08-10,0.0
2010-08-11,0.0
2010-08-12,72.04571628178557
2010-08-13,0.0
2010-08-16,0.0
2010-08-17,-106.32014176018889
2010-08-18,0.0
2010-08-19,0.0
2010-08-20,-190.99000410790046
2010-08-23,0.0
2010-08-24,0.0
2010-08-25,-105.03216295899342
2010-08-26,0.0
2010-08-27,0.0
2010-08-30,386.6100097625935
2010-08-31,0.0
2010-09-01,0.0
2010-09-02,214.17161981549305
2010-09-03,0.0
2010-09-07,0.0
2010-09-08,221.6489361702134
2010-09-09,0.0
2010-09-10,0.0
2010-09-13,137.5886598635545
2010-09-14,0.0
2010-09-15,0.0
2010-09-16,0.0
2010-09-17,0.0
2010-09-20,0.0
2010-09-21,174.60070081594336
2010-09-22,0.0
2010-09-23,0.0
2010-09-24,0.0
2010-09-27,-64.3961431931539
2010-09-28,0.0
2010-09-29,0.0
2010-09-30,133.08041881043397
2010-10-01,0.0
2010-10-04,0.0
2010-10-05,11.854017771146808
2010-10-06,0.0
2010-10-07,0.0
2010-10-08,149.08511467516485
2010-10-11,0.0
2010-10-12,0.0
2010-10-13,227.97423745291036
2010-10-14,0.0
2010-10-15,0.0
2010-10-18,-66.77280612123693
2010-10-19,0.0
2010-10-20,0.0
2010-10-21,138.51011913305734
2010-10-22,0.0
2010-10-25,0.0
2010-10-26,0.0
2010-10-27,0.0
2010-10-28,0.0
2010-10-29,159.61778342630018
2010-11-01,0.0
2010-11-02,0.0
2010-11-03,0.0
2010-11-04,-49.91315476734704
2010-11-05,0.0
2010-11-08,0.0
2010-11-09,0.0
2010-11-10,0.0
2010-11-11,0.0
2010-11-12,0.0
2010-11-15,0.0
2010-11-16,0.0
2010-11-17,0.0
2010-11-18,0.0
2010-11-19,0.0
2010-11-22,0.0
2010-11-23,0.0
2010-11-24,0.0
2010-11-26,0.0
2010-11-29,0.0
2010-11-30,0.0
2010-12-01,0.0
2010-12-02,0.0
2010-12-03,0.0
2010-12-06,0.0
2010-12-07,0.0
2010-12-08,-31.1278742161214
2010-12-09,0.0
2010-12-10,0.0
2010-12-13,-47.8833042651039
2010-12-14,0.0
2010-12-15,0.0
2010-12-16,-74.61609904329202
2010-12-17,0.0
2010-12-20,0.0
2010-12-21,21.077880755582257
2010-12-22,0.0
2010-12-23,0.0
2010-12-27,18.566188011804876
2010-12-28,0.0
2010-12-29,0.0
2010-12-30,-115.64797009507188
2010-12-31,0.0
2011-01-03,0.0
2011-01-04,0.0
2011-01-05,-61.57505285412368
2011-01-06,0.0
2011-01-07,0.0
2011-01-10,0.0
2011-01-11,0.0
2011-01-12,0.0
2011-01-13,0.0
2011-01-14,0.0
2011-01-18,0.0
2011-01-19,0.0
2011-01-20,0.0
2011-01-21,0.0
2011-01-24,0.0
2011-01-25,0.0
2011-01-26,0.0
2011-01-27,0.0
2011-01-28,0.0
2011-01-31,0.0
2011-02-01,-56.99047291339632
2011-02-02,0.0
2011-02-03,0.0
2011-02-04,-97.29706611923739
2011-02-07,0.0
2011-02-08,0.0
2011-02-09,-104.40712425083154
2011-02-10,0.0
2011-02-11,0.0
2011-02-14,-50.176056338029355
2011-02-15,0.0
2011-02-16,0.0
2011-02-17,0.0
2011-02-18,0.0
2011-02-22,0.0
2011-02-23,0.0
2011-02-24,0.0
2011-02-25,0.0
2011-02-28,0.0
2011-03-01,0.0
2011-03-02,0.0
2011-03-03,0.0
2011-03-04,0.0
2011-03-07,0.0
2011-03-08,0.0
2011-03-09,0.0
2011-03-10,0.0
2011-03-11,0.0
2011-03-14,0.0
2011-03-15,0.0
2011-03-16,271.13396914165924
2011-03-17,0.0
2011-03-18,0.0
2011-03-21,0.0
2011-03-22,258.6405427908378
2011-03-23,0.0
2011-03-24,0.0
2011-03-25,0.0
2011-03-28,0.0
2011-03-29,0.0
2011-03-30,0.0
2011-03-31,0.0
2011-04-01,0.0
2011-04-04,-7.110608513881678
2011-04-05,0.0
2011-04-06,0.0
2011-04-07,0.0
2011-04-08,0.0
2011-04-11,0.0
2011-04-12,40.37767045207197
2011-04-13,0.0
2011-04-14,0.0
2011-04-15,0.0
2011-04-18,370.6256489002513
2011-04-19,0.0
2011-04-20,0.0
2011-04-21,152.65216842636596
2011-04-25,0.0
2011-04-26,0.0
2011-04-27,-38.73897389366165
2011-04-28,0.0
2011-04-29,0.0
2011-05-02,-120.74501713639107
2011-05-03,0.0
2011-05-04,0.0
2011-05-05,152.15496735025536
2011-05-06,0.0
2011-05-09,0.0
2011-05-10,-133.1619217450808
2011-05-11,0.0
2011-05-12,0.0
2011-05-13,-68.4672416401877
2011-05-16,0.0
2011-05-17,0.0
2011-05-18,-195.39135402780295
2011-05-19,0.0
2011-05-20,0.0
2011-05-23,39.49447077409074
2011-05-24,0.0
2011-05-25,0.0
2011-05-26,-14.83277656679216
2011-05-27,0.0
2011-05-31,0.0
2011-06-01,-206.67562261031281
2011-06-02,0.0
2011-06-03,0.0
2011-06-06,-78.39154444092667
2011-06-07,0.0
2011-06-08,0.0
2011-06-09,-27.96180178583296
2011-06-10,0.0
2011-06-13,0.0
2011-06-14,0.0
2011-06-15,-21.050153688756403
2011-06-16,0.0
2011-06-17,0.0
2011-06-20,229.95336514906927
2011-06-21,0.0
2011-06-22,0.0
2011-06-23,136.1388882729875
2011-06-24,0.0
2011-06-27,0.0
2011-06-28,0.0
2011-06-29,0.0
2011-06-30,0.0
2011-07-01,0.0
2011-07-05,0.0
2011-07-06,0.0
2011-07-07,0.0
2011-07-08,-222.2046726990845
2011-07-11,0.0
2011-07-12,0.0
2011-07-13,-35.79277598057984
2011-07-14,0.0
2011-07-15,0.0
2011-07-18,256.95282869953485
2011-07-19,0.0
2011-07-20,0.0
2011-07-21,104.85642032409537
2011-07-22,0.0
2011-07-25,0.0
2011-07-26,-274.30076766346235
2011-07-27,0.0
2011-07-28,0.0
2011-07-29,-211.73941197133783
2011-08-01,0.0
2011-08-02,0.0
2011-08-03,-1091.7164624391428
2011-08-04,0.0
2011-08-05,0.0
2011-08-08,518.2765533007494
2011-08-09,0.0
2011-08-10,0.0
2011-08-11,125.51509642051207
2011-08-12,0.0
2011-08-15,0.0
2011-08-16,-711.1704576009337
2011-08-17,0.0
2011-08-18,0.0
2011-08-19,524.0847406070004
2011-08-22,0.0
2011-08-23,0.0
2011-08-24,0.0
2011-08-25,614.1703151014366
2011-08-26,0.0
2011-08-29,0.0
2011-08-30,0.0
2011-08-31,0.0
2011-09-01,0.0
2011-09-02,214.31569818666674
2011-09-06,0.0
2011-09-07,0.0
2011-09-08,28.406396632780773
2011-09-09,0.0
2011-09-12,0.0
2011-09-13,385.07957380504274
2011-09-14,0.0
2011-09-15,0.0
2011-09-16,0.0
2011-09-19,-537.821168072905
2011-09-20,0.0
2011-09-21,0.0
2011-09-22,315.66563977680096
2011-09-23,0.0
2011-09-26,0.0
2011-09-27,-507.51037252335317
2011-09-28,0.0
2011-09-29,0.0
2011-09-30,203.76966875157888
2011-10-03,0.0
2011-10-04,0.0
2011-10-05,0.0
2011-10-06,0.0
2011-10-07,0.0
2011-10-10,0.0
2011-10-11,0.0
2011-10-12,0.0
2011-10-13,0.0
2011-10-14,0.0
2011-10-17,0.0
2011-10-18,0.0
2011-10-19,0.0
2011-10-20,0.0
2011-10-21,-4.880283227665094
2011-10-24,0.0
2011-10-25,0.0
2011-10-26,108.31809284775007
2011-10-27,0.0
2011-10-28,0.0
2011-10-31,32.329412562286386
2011-11-01,0.0
2011-11-02,0.0
2011-11-03,136.41873371316615
2011-11-04,0.0
2011-11-07,0.0
2011-11-08,-184.29089878792215
2011-11-09,0.0
2011-11-10,0.0
2011-11-11,-133.33163538191252
2011-11-14,0.0
2011-11-15,0.0
2011-11-16,-487.1427526598604
2011-11-17,0.0
2011-11-18,0.0
2011-11-21,0.0
2011-11-22,0.0
2011-11-23,0.0
2011-11-25,0.0
2011-11-28,0.0
2011-11-29,-409.92317049457716
2011-11-30,0.0
2011-12-01,0.0
2011-12-02,0.0
2011-12-05,0.0
2011-12-06,0.0
2011-12-07,0.0
2011-12-08,0.0
2011-12-09,0.0
2011-12-12,0.0
2011-12-13,0.0
2011-12-14,0.0
2011-12-15,0.0
2011-12-16,48.476887471071706
2011-12-19,0.0
2011-12-20,0.0
2011-12-21,196.0400706082166
2011-12-22,0.0
2011-12-23,0.0
2011-12-27,-66.67771420597268
2011-12-28,0.0
2011-12-29,0.0
2011-12-30,312.35869226412973
2012-01-03,0.0
2012-01-04,0.0
2012-01-05,78.33187170601663
2012-01-06,0.0
2012-01-09,0.0
2012-01-10,19.430763122101347
2012-01-11,0.0
2012-01-12,0.0
2012-01-13,293.9316520375379
2012-01-17,0.0
2012-01-18,0.0
2012-01-19,-31.699225949133325
2012-01-20,0.0
2012-01-23,0.0
2012-01-24,114.25824582162348
2012-01-25,0.0
2012-01-26,0.0
2012-01-27,107.28053392477621
2012-01-30,0.0
2012-01-31,0.0
2012-02-01,161.24235384900044
2012-02-02,0.0
2012-02-03,0.0
2012-02-06,140.92473203338062
2012-02-07,0.0
2012-02-08,0.0
2012-02-09,44.111968735496276
2012-02-10,0.0
2012-02-13,0.0
2012-02-14,34.948199002811094
2012-02-15,0.0
2012-02-16,0.0
2012-02-17,41.36612698510955
2012-02-21,0.0
2012-02-22,0.0
2012-02-23,148.48184729453263
2012-02-24,0.0
2012-02-27,0.0
2012-02-28,30.83395988547455
2012-02-29,0.0
2012-03-01,0.0
2012-03-02,-127.68873174388018
2012-03-05,0.0
2012-03-06,0.0
2012-03-07,149.5484786318224
2012-03-08,0.0
2012-03-09,0.0
2012-03-12,256.6824716172045
2012-03-13,0.0
2012-03-14,0.0
2012-03-15,0.0
2012-03-16,0.0
2012-03-19,0.0
2012-03-20,0.0
2012-03-21,0.0
2012-03-22,0.0
2012-03-23,0.0
2012-03-26,0.0
2012-03-27,0.0
2012-03-28,0.0
2012-03-29,0.0
2012-03-30,0.0
2012-04-02,0.0
2012-04-03,0.0
2012-04-04,0.0
2012-04-05,0.0
2012-04-09,0.0
2012-04-10,0.0
2012-04-11,0.0
2012-04-12,-60.87013641041472
2012-04-13,0.0
2012-04-16,0.0
2012-04-17,-174.5496735913754
2012-04-18,0.0
2012-04-19,0.0
2012-04-20,125.48392400711484
2012-04-23,0.0
2012-04-24,0.0
2012-04-25,51.889194794840776
2012-04-26,0.0
2012-04-27,0.0
2012-04-30,-70.0889972390284
2012-05-01,0.0
2012-05-02,0.0
2012-05-03,-276.2710799049029
2012-05-04,0.0
2012-05-07,0.0
2012-05-08,-52.81629890450779
2012-05-09,0.0
2012-05-10,0.0
2012-05-11,-208.02911337242656
2012-05-14,0.0
2012-05-15,0.0
2012-05-16,-62.96944049719699
2012-05-17,0.0
2012-05-18,0.0
2012-05-21,0.0
2012-05-22,0.0
2012-05-23,0.0
2012-05-24,0.0
2012-05-25,0.0
2012-05-29,0.0
2012-05-30,-233.58556002206933
2012-05-31,0.0
2012-06-01,0.0
2012-06-04,231.14203048266057
2012-06-05,0.0
2012-06-06,0.0
2012-06-07,0.0
2012-06-08,-124.13987128840564
2012-06-11,0.0
2012-06-12,0.0
2012-06-13,257.49374861519846
2012-06-14,0.0
2012-06-15,0.0
2012-06-18,-137.16384058753638
2012-06-19,0.0
2012-06-20,0.0
2012-06-21,-27.845566610349426
2012-06-22,0.0
2012-06-25,0.0
2012-06-26,258.3691525742782
2012-06-27,0.0
2012-06-28,0.0
2012-06-29,121.38149343201788
2012-07-02,0.0
2012-07-03,0.0
2012-07-05,-233.99698580153782
2012-07-06,0.0
2012-07-09,0.0
2012-07-10,-2.1272316593956564
2012-07-11,0.0
2012-07-12,0.0
2012-07-13,158.22233913739936
2012-07-16,0.0
2012-07-17,0.0
2012-07-18,-136.8689234425169
2012-07-19,0.0
2012-07-20,0.0
2012-07-23,-19.61442973362204
2012-07-24,0.0
2012-07-25,0.0
2012-07-26,223.1464108168768
2012-07-27,0.0
2012-07-30,0.0
2012-07-31,126.65892156380254
2012-08-01,0.0
2012-08-02,0.0
2012-08-03,142.0777279521679
2012-08-06,0.0
2012-08-07,0.0
2012-08-08,54.01581417970425
2012-08-09,0.0
2012-08-10,0.0
2012-08-13,144.42880806837087
2012-08-14,0.0
2012-08-15,0.0
2012-08-16,0.0
2012-08-17,0.0
2012-08-20,0.0
2012-08-21,0.0
2012-08-22,0.0
2012-08-23,0.0
2012-08-24,0.0
2012-08-27,0.0
2012-08-28,0.0
2012-08-29,0.0
2012-08-30,0.0
2012-08-31,207.3052838138123
2012-09-04,0.0
2012-09-05,0.0
2012-09-06,-158.39078916214055
2012-09-07,0.0
2012-09-10,0.0
2012-09-11,252.57730107832055
2012-09-12,0.0
2012-09-13,0.0
2012-09-14,30.820634414741033
2012-09-17,0.0
2012-09-18,0.0
2012-09-19,-70.0062499345333
2012-09-20,0.0
2012-09-21,0.0
2012-09-24,-78.69253651572872
2012-09-25,0.0
2012-09-26,0.0
2012-09-27,-79.0686135525942
2012-09-28,0.0
2012-10-01,0.0
2012-10-02,45.19003032911861
2012-10-03,0.0
2012-10-04,0.0
2012-10-05,-296.59238817329015
2012-10-08,0.0
2012-10-09,0.0
2012-10-10,41.524038496778545
2012-10-11,0.0
2012-10-12,0.0
2012-10-15,15.694175271090405
2012-10-16,0.0
2012-10-17,0.0
2012-10-18,-284.78556357660057
2012-10-19,0.0
2012-10-22,0.0
2012-10-23,-0.7126728231598989
2012-10-24,0.0
2012-10-25,0.0
2012-10-26,-35.82373969832964
2012-10-31,0.0
2012-11-01,0.0
2012-11-02,-164.10167602813
2012-11-05,0.0
2012-11-06,0.0
2012-11-07,-114.51798720858552
2012-11-08,0.0
2012-11-09,0.0
2012-11-12,0.0
2012-11-13,0.0
2012-11-14,0.0
2012-11-15,0.0
2012-11-16,0.0
2012-11-19,0.0
2012-11-20,0.0
2012-11-21,0.0
2012-11-23,0.0
2012-11-26,0.0
2012-11-27,138.03181622006332
2012-11-28,0.0
2012-11-29,0.0
2012-11-30,0.0
2012-12-03,-58.162165399125996
2012-12-04,0.0
2012-12-05,0.0
2012-12-06,97.01464443022223
2012-12-07,0.0
2012-12-10,0.0
2012-12-11,-201.262457728546
2012-12-12,0.0
2012-12-13,0.0
2012-12-14,0.0
2012-12-17,0.0
2012-12-18,0.0
2012-12-19,0.0
2012-12-20,0.0
2012-12-21,0.0
2012-12-24,0.0
2012-12-26,0.0
2012-12-27,431.1909880209952
2012-12-28,0.0
2012-12-31,0.0
2013-01-02,0.0
2013-01-03,0.0
2013-01-04,0.0
2013-01-07,0.0
2013-01-08,0.0
2013-01-09,0.0
2013-01-10,0.0
2013-01-11,-49.23114989120458
2013-01-14,0.0
2013-01-15,0.0
2013-01-16,0.0
2013-01-17,0.0
2013-01-18,0.0
2013-01-22,0.0
2013-01-23,0.0
2013-01-24,0.0
2013-01-25,0.0
2013-01-28,0.0
2013-01-29,0.0
2013-01-30,84.0906850305445
2013-01-31,0.0
2013-02-01,0.0
2013-02-04,-113.48907087727733
2013-02-05,0.0
2013-02-06,0.0
2013-02-07,-58.69288184962684
2013-02-08,0.0
2013-02-11,0.0
2013-02-12,-7.420492141518853
2013-02-13,0.0
2013-02-14,0.0
2013-02-15,192.28334665620127
2013-02-19,0.0
2013-02-20,0.0
2013-02-21,-5.5688527794472975
2013-02-22,0.0
2013-02-25,0.0
2013-02-26,0.0
2013-02-27,0.0
2013-02-28,0.0
2013-03-01,0.0
2013-03-04,0.0
2013-03-05,0.0
2013-03-06,0.0
2013-03-07,0.0
2013-03-08,19.364432921676887
2013-03-11,0.0
2013-03-12,0.0
2013-03-13,0.0
2013-03-14,0.0
2013-03-15,0.0
2013-03-18,0.0
2013-03-19,0.0
2013-03-20,0.0
2013-03-21,0.0
2013-03-22,0.0
2013-03-25,-104.82353152055256
2013-03-26,0.0
2013-03-27,0.0
2013-03-28,0.0
2013-04-01,0.0
2013-04-02,0.0
2013-04-03,0.0
2013-04-04,34.88471941951899
2013-04-05,0.0
2013-04-08,0.0
2013-04-09,184.7276150135313
2013-04-10,0.0
2013-04-11,0.0
2013-04-12,-260.8105080378653
2013-04-15,0.0
2013-04-16,0.0
2013-04-17,100.97125069195468
2013-04-18,0.0
2013-04-19,0.0
2013-04-22,137.32753988334733
2013-04-23,0.0
2013-04-24,0.0
2013-04-25,136.13418238750842
2013-04-26,0.0
2013-04-29,0.0
2013-04-30,197.92619067409146
2013-05-01,0.0
2013-05-02,0.0
2013-05-03,80.31678434009315
2013-05-06,0.0
2013-05-07,0.0
2013-05-08,46.660647387004595
2013-05-09,0.0
2013-05-10,0.0
2013-05-13,0.0
2013-05-14,0.0
2013-05-15,0.0
2013-05-16,0.0
2013-05-17,0.0
2013-05-20,0.0
2013-05-21,0.0
2013-05-22,0.0
2013-05-23,0.0
2013-05-24,0.0
2013-05-28,100.2011992270757
2013-05-29,0.0
2013-05-30,0.0
2013-05-31,149.64316376904983
2013-06-03,0.0
2013-06-04,0.0
2013-06-05,-181.63928175027434
2013-06-06,0.0
2013-06-07,0.0
2013-06-10,92.25912810275183
2013-06-11,0.0
2013-06-12,0.0
2013-06-13,-112.01863039589588
2013-06-14,0.0
2013-06-17,0.0
2013-06-18,394.34729931343895
2013-06-19,0.0
2013-06-20,0.0
2013-06-21,-55.282597969379395
2013-06-24,0.0
2013-06-25,0.0
2013-06-26,-115.76273822071047
2013-06-27,0.0
2013-06-28,0.0
2013-07-01,-122.53403248672079
2013-07-02,0.0
2013-07-03,0.0
2013-07-05,-126.34903922084773
2013-07-08,0.0
2013-07-09,0.0
2013-07-10,-263.9086067731777
2013-07-11,0.0
2013-07-12,0.0
2013-07-15,6.591230092374278
2013-07-16,0.0
2013-07-17,0.0
2013-07-18,0.0
2013-07-19,0.0
2013-07-22,0.0
2013-07-23,0.0
2013-07-24,0.0
2013-07-25,0.0
2013-07-26,0.0
2013-07-29,0.0
2013-07-30,0.0
2013-07-31,0.0
2013-08-01,0.0
2013-08-02,0.0
2013-08-05,0.0
2013-08-06,0.0
2013-08-07,0.0
2013-08-08,0.0
2013-08-09,0.0
2013-08-12,158.992683777307
2013-08-13,0.0
2013-08-14,0.0
2013-08-15,-19.30934943096041
2013-08-16,0.0
2013-08-19,0.0
2013-08-20,-136.5920763617834
2013-08-21,0.0
2013-08-22,0.0
2013-08-23,166.75895489186243
2013-08-26,0.0
2013-08-27,0.0
2013-08-28,-63.76600253241271
2013-08-29,0.0
2013-08-30,0.0
2013-09-03,-134.61588221595377
2013-09-04,0.0
2013-09-05,0.0
2013-09-06,-148.33821623933207
2013-09-09,0.0
2013-09-10,0.0
2013-09-11,35.127332649865785
2013-09-12,0.0
2013-09-13,0.0
2013-09-16,0.0
2013-09-17,0.0
2013-09-18,0.0
2013-09-19,0.0
2013-09-20,0.0
2013-09-23,0.0
2013-09-24,0.0
2013-09-25,0.0
2013-09-26,0.0
2013-09-27,0.0
2013-09-30,0.0
2013-10-01,0.0
2013-10-02,0.0
2013-10-03,0.0
2013-10-04,0.0
2013-10-07,0.0
2013-10-08,0.0
2013-10-09,0.0
2013-10-10,0.0
2013-10-11,0.0
2013-10-14,0.0
2013-10-15,0.0
2013-10-16,0.0
2013-10-17,0.0
2013-10-18,-23.346094672438422
2013-10-21,0.0
2013-10-22,0.0
2013-10-23,109.47236293540108
2013-10-24,0.0
2013-10-25,0.0
2013-10-28,-14.633367625669358
2013-10-29,0.0
2013-10-30,0.0
2013-10-31,32.83270125202576
2013-11-01,0.0
2013-11-04,0.0
2013-11-05,-64.86033486582387
2013-11-06,0.0
2013-11-07,0.0
2013-11-08,0.0
2013-11-11,0.0
2013-11-12,0.0
2013-11-13,0.0
2013-11-14,0.0
2013-11-15,0.0
2013-11-18,40.9280969762782
2013-11-19,0.0
2013-11-20,0.0
2013-11-21,0.0
2013-11-22,0.0
2013-11-25,0.0
2013-11-26,0.0
2013-11-27,0.0
2013-11-29,0.0
2013-12-02,0.0
2013-12-03,0.0
2013-12-04,0.0
2013-12-05,0.0
2013-12-06,0.0
2013-12-09,-158.92291897149468
2013-12-10,0.0
2013-12-11,0.0
2013-12-12,26.09607865236896
2013-12-13,0.0
2013-12-16,0.0
2013-12-17,178.3346592415791
2013-12-18,0.0
2013-12-19,0.0
2013-12-20,151.1954893392886
2013-12-23,0.0
2013-12-24,0.0
2013-12-26,20.69977514799426
2013-12-27,0.0
2013-12-30,0.0
2013-12-31,-181.06904231625865
2014-01-02,0.0
2014-01-03,0.0
2014-01-06,72.64046090684317
2014-01-07,0.0
2014-01-08,0.0
2014-01-09,79.01299900354263
2014-01-10,0.0
2014-01-13,0.0
2014-01-14,29.603563598787908
2014-01-15,0.0
2014-01-16,0.0
2014-01-17,62.68012530455947
2014-01-21,0.0
2014-01-22,0.0
2014-01-23,-298.96838749668086
2014-01-24,0.0
2014-01-27,0.0
2014-01-28,46.21019362641698
2014-01-29,0.0
2014-01-30,0.0
2014-01-31,-190.29393058331846
2014-02-03,0.0
2014-02-04,0.0
2014-02-05,368.2016845639535
2014-02-06,0.0
2014-02-07,0.0
2014-02-10,216.21334911546387
2014-02-11,0.0
2014-02-12,0.0
2014-02-13,-18.335537605613794
2014-02-14,0.0
2014-02-18,0.0
2014-02-19,90.23091558646001
2014-02-20,0.0
2014-02-21,0.0
2014-02-24,37.95637865218193
2014-02-25,0.0
2014-02-26,0.0
2014-02-27,54.40834639710124
2014-02-28,0.0
2014-03-03,0.0
2014-03-04,-44.436320038279135
2014-03-05,0.0
2014-03-06,0.0
2014-03-07,9.882810390451358
2014-03-10,0.0
2014-03-11,0.0
2014-03-12,-120.17609642142268
2014-03-13,0.0
2014-03-14,0.0
2014-03-17,85.89737638941442
2014-03-18,0.0
2014-03-19,0.0
2014-03-20,-173.90503983519045
2014-03-21,0.0
2014-03-24,0.0
2014-03-25,-160.4527058486449
2014-03-26,0.0
2014-03-27,0.0
2014-03-28,0.0
2014-03-31,0.0
2014-04-01,0.0
2014-04-02,0.0
2014-04-03,-273.12114097834296
2014-04-04,0.0
2014-04-07,0.0
2014-04-08,-258.26472558313054
2014-04-09,0.0
2014-04-10,0.0
2014-04-11,250.19945747566607
2014-04-14,0.0
2014-04-15,0.0
2014-04-16,157.70897429728592
2014-04-17,0.0
2014-04-21,0.0
2014-04-22,-155.23251439892306
2014-04-23,0.0
2014-04-24,0.0
2014-04-25,138.46197390393831
2014-04-28,0.0
2014-04-29,0.0
2014-04-30,64.40500053042753
2014-05-01,0.0
2014-05-02,0.0
2014-05-05,-179.3852580656796
2014-05-06,0.0
2014-05-07,0.0
2014-05-08,199.7220668734223
2014-05-09,0.0
2014-05-12,0.0
2014-05-13,-66.26734567850012
2014-05-14,0.0
2014-05-15,0.0
2014-05-16,134.95205173951862
2014-05-19,0.0
2014-05-20,0.0
2014-05-21,240.56485706662744
2014-05-22,0.0
2014-05-23,0.0
2014-05-27,36.9318868568147
2014-05-28,0.0
2014-05-29,0.0
2014-05-30,18.117008579487948
2014-06-02,0.0
2014-06-03,0.0
2014-06-04,0.0
2014-06-05,63.30504772369405
2014-06-06,0.0
2014-06-09,0.0
2014-06-10,-66.56388291071069
2014-06-11,0.0
2014-06-12,0.0
2014-06-13,0.0
2014-06-16,0.0
2014-06-17,0.0
2014-06-18,1.8398732064506262
2014-06-19,0.0
2014-06-20,0.0
2014-06-23,0.0
2014-06-24,118.19882985527164
2014-06-25,0.0
2014-06-26,0.0
2014-06-27,142.62155216364425
2014-06-30,0.0
2014-07-01,0.0
2014-07-02,-90.27330756782636
2014-07-03,0.0
2014-07-07,0.0
2014-07-08,104.83764528075312
2014-07-09,0.0
2014-07-10,0.0
2014-07-11,71.07038401057197
2014-07-14,0.0
2014-07-15,0.0
2014-07-16,4.602869036931523
2014-07-17,0.0
2014-07-18,0.0
2014-07-21,124.67782031142738
2014-07-22,0.0
2014-07-23,0.0
2014-07-24,-60.654902226606744
2014-07-25,0.0
2014-07-28,0.0
2014-07-29,-200.45314129976344
2014-07-30,0.0
2014-07-31,0.0
2014-08-01,-13.918709580970079
2014-08-04,0.0
2014-08-05,0.0
2014-08-06,93.41114584166866
2014-08-07,0.0
2014-08-08,0.0
2014-08-11,149.98235501705759
2014-08-12,0.0
2014-08-13,0.0
2014-08-14,178.93180083192516
2014-08-15,0.0
2014-08-18,0.0
2014-08-19,31.236618623657897
2014-08-20,0.0
2014-08-21,0.0
2014-08-22,50.41021528591649
2014-08-25,0.0
2014-08-26,0.0
2014-08-27,55.55855621406369
2014-08-28,0.0
2014-08-29,0.0
2014-09-02,-14.38054987902282
2014-09-03,0.0
2014-09-04,0.0
2014-09-05,12.347429778576391
2014-09-08,0.0
2014-09-09,0.0
2014-09-10,0.0
2014-09-11,0.0
2014-09-12,0.0
2014-09-15,0.0
2014-09-16,0.0
2014-09-17,0.0
2014-09-18,0.0
2014-09-19,0.0
2014-09-22,0.0
2014-09-23,0.0
2014-09-24,0.0
2014-09-25,0.0
2014-09-26,0.0
2014-09-29,0.0
2014-09-30,0.0
2014-10-01,0.0
2014-10-02,0.0
2014-10-03,34.29087902346639
2014-10-06,0.0
2014-10-07,0.0
2014-10-08,-576.8697786752186
2014-10-09,0.0
2014-10-10,0.0
2014-10-13,-112.18487394957899
2014-10-14,0.0
2014-10-15,0.0
2014-10-16,547.3962095780394
2014-10-17,0.0
2014-10-20,0.0
2014-10-21,177.84705103251142
2014-10-22,0.0
2014-10-23,0.0
2014-10-24,120.06373051098196
2014-10-27,0.0
2014-10-28,0.0
2014-10-29,192.46800552492837
2014-10-30,0.0
2014-10-31,0.0
2014-11-03,-12.472177450302269
2014-11-04,0.0
2014-11-05,0.0
2014-11-06,0.0
2014-11-07,0.0
2014-11-10,0.0
2014-11-11,0.0
2014-11-12,0.0
2014-11-13,0.0
2014-11-14,0.0
2014-11-17,0.0
2014-11-18,0.0
2014-11-19,0.0
2014-11-20,0.0
2014-11-21,0.0
2014-11-24,0.0
2014-11-25,-0.9794250774775026
2014-11-26,0.0
2014-11-28,0.0
2014-12-01,56.2524925311525
2014-12-02,0.0
2014-12-03,0.0
2014-12-04,-40.028479126517084
2014-12-05,0.0
2014-12-08,0.0
2014-12-09,-222.11252552582715
2014-12-10,0.0
2014-12-11,0.0
2014-12-12,-81.39490579337271
2014-12-15,0.0
2014-12-16,0.0
2014-12-17,308.68406520851767
2014-12-18,0.0
2014-12-19,0.0
2014-12-22,47.55838245603439
2014-12-23,0.0
2014-12-24,0.0
2014-12-26,0.0
2014-12-29,0.0
2014-12-30,-283.4658540287471
2014-12-31,0.0
2015-01-02,0.0
2015-01-05,191.2779743136195
2015-01-06,0.0
2015-01-07,0.0
2015-01-08,-175.3310301729738
2015-01-09,0.0
2015-01-12,0.0
2015-01-13,-57.75046805242101
2015-01-14,0.0
2015-01-15,0.0
2015-01-16,309.55013592007805
2015-01-20,0.0
2015-01-21,0.0
2015-01-22,-245.55306812540368
2015-01-23,0.0
2015-01-26,0.0
2015-01-27,-40.97947425279025
2015-01-28,0.0
2015-01-29,0.0
2015-01-30,175.4157596970418
2015-02-02,0.0
2015-02-03,0.0
2015-02-04,-12.105562399317149
2015-02-05,0.0
2015-02-06,0.0
2015-02-09,312.80167169106977
2015-02-10,0.0
2015-02-11,0.0
2015-02-12,98.75873108599941
2015-02-13,0.0
2015-02-17,0.0
2015-02-18,0.0
2015-02-19,0.0
2015-02-20,0.0
2015-02-23,0.0
2015-02-24,-23.275511510818525
2015-02-25,0.0
2015-02-26,0.0
2015-02-27,0.0
2015-03-02,0.0
2015-03-03,0.0
2015-03-04,0.0
2015-03-05,0.0
2015-03-06,0.0
2015-03-09,0.0
2015-03-10,0.0
2015-03-11,0.0
2015-03-12,0.0
2015-03-13,0.0
2015-03-16,0.0
2015-03-17,189.48128612336967
2015-03-18,0.0
2015-03-19,0.0
2015-03-20,-289.89310402059874
2015-03-23,0.0
2015-03-24,0.0
2015-03-25,0.0
2015-03-26,0.0
2015-03-27,0.0
2015-03-30,-152.4361027831389
2015-03-31,0.0
2015-04-01,0.0
2015-04-02,138.90143906061246
2015-04-06,0.0
2015-04-07,0.0
2015-04-08,75.98332708708577
2015-04-09,0.0
2015-04-10,0.0
2015-04-13,21.817967390984627
2015-04-14,0.0
2015-04-15,0.0
2015-04-16,38.81117852463145
2015-04-17,0.0
2015-04-20,0.0
2015-04-21,227.2327648005623
2015-04-22,0.0
2015-04-23,0.0
2015-04-24,-107.19056246941693
2015-04-27,0.0
2015-04-28,0.0
2015-04-29,0.0
2015-04-30,0.0
2015-05-01,0.0
2015-05-04,180.83214912740453
2015-05-05,0.0
2015-05-06,0.0
2015-05-07,-43.39380445524732
2015-05-08,0.0
2015-05-11,0.0
2015-05-12,-166.5818375125827
2015-05-13,0.0
2015-05-14,0.0
2015-05-15,-24.4977515914635
2015-05-18,0.0
2015-05-19,0.0
2015-05-20,71.78212327702992
2015-05-21,0.0
2015-05-22,0.0
2015-05-26,-78.89630133066206
2015-05-27,0.0
2015-05-28,0.0
2015-05-29,-25.752786557975416
2015-06-01,0.0
2015-06-02,0.0
2015-06-03,195.47065617076532
2015-06-04,0.0
2015-06-05,0.0
2015-06-08,-128.53406626635257
2015-06-09,0.0
2015-06-10,0.0
2015-06-11,72.56370210784624
2015-06-12,0.0
2015-06-15,0.0
2015-06-16,-129.087277542137
2015-06-17,0.0
2015-06-18,0.0
2015-06-19,-24.77057309091535
2015-06-22,0.0
2015-06-23,0.0
2015-06-24,319.8735799849717
2015-06-25,0.0
2015-06-26,0.0
2015-06-29,-122.19540762625547
2015-06-30,0.0
2015-07-01,0.0
2015-07-02,184.5314759134664
2015-07-06,0.0
2015-07-07,0.0
2015-07-08,0.0
2015-07-09,0.0
2015-07-10,-244.81069646957732
2015-07-13,0.0
2015-07-14,0.0
2015-07-15,-334.16071160420336
2015-07-16,0.0
2015-07-17,0.0
2015-07-20,164.22063047046075
2015-07-21,0.0
2015-07-22,0.0
2015-07-23,0.0
2015-07-24,0.0
2015-07-27,0.0
2015-07-28,0.0
2015-07-29,0.0
2015-07-30,0.0
2015-07-31,0.0
2015-08-03,0.0
2015-08-04,103.75547075295532
2015-08-05,0.0
2015-08-06,0.0
2015-08-07,0.0
2015-08-10,0.0
2015-08-11,0.0
2015-08-12,0.0
2015-08-13,0.0
2015-08-14,0.0
2015-08-17,0.0
2015-08-18,0.0
2015-08-19,0.0
2015-08-20,0.0
2015-08-21,0.0
2015-08-24,0.0
2015-08-25,-778.8224045892745
2015-08-26,0.0
2015-08-27,0.0
2015-08-28,168.37140111616299
2015-08-31,0.0
2015-09-01,0.0
2015-09-02,0.0
2015-09-03,0.0
2015-09-04,0.0
2015-09-08,0.0
2015-09-09,0.0
2015-09-10,0.0
2015-09-11,0.0
2015-09-14,0.0
2015-09-15,83.52674598879007
2015-09-16,0.0
2015-09-17,0.0
2015-09-18,0.0
2015-09-21,0.0
2015-09-22,0.0
2015-09-23,0.0
2015-09-24,0.0
2015-09-25,0.0
2015-09-28,0.0
2015-09-29,0.0
2015-09-30,0.0
2015-10-01,0.0
2015-10-02,0.0
2015-10-05,0.0
2015-10-06,0.0
2015-10-07,113.30438033349877
2015-10-08,0.0
2015-10-09,0.0
2015-10-12,81.36796758059228
2015-10-13,0.0
2015-10-14,0.0
2015-10-15,45.17656431775707
2015-10-16,0.0
2015-10-19,0.0
2015-10-20,418.88792252680054
2015-10-21,0.0
2015-10-22,0.0
2015-10-23,117.83940191475439
2015-10-26,0.0
2015-10-27,0.0
2015-10-28,54.16173283346648
2015-10-29,0.0
2015-10-30,0.0
2015-11-02,0.0
2015-11-03,0.0
2015-11-04,0.0
2015-11-05,0.0
2015-11-06,0.0
2015-11-09,0.0
2015-11-10,0.0
2015-11-11,0.0
2015-11-12,0.0
2015-11-13,0.0
2015-11-16,0.0
2015-11-17,0.0
2015-11-18,0.0
2015-11-19,0.0
2015-11-20,0.0
2015-11-23,0.0
2015-11-24,0.0
2015-11-25,0.0
2015-11-27,12.285091027182116
2015-11-30,0.0
2015-12-01,0.0
2015-12-02,15.790978656571308
2015-12-03,0.0
2015-12-04,0.0
2015-12-07,-107.74199871314671
2015-12-08,0.0
2015-12-09,0.0
2015-12-10,0.0
2015-12-11,0.0
2015-12-14,-61.223239448948696
2015-12-15,0.0
2015-12-16,0.0
2015-12-17,0.0
2015-12-18,0.0
2015-12-21,0.0
2015-12-22,-69.92412720133512
2015-12-23,0.0
2015-12-24,0.0
2015-12-28,0.0
2015-12-29,411.8880939996761
2015-12-30,0.0
2015-12-31,0.0
2016-01-04,427.1809260403825
2016-01-05,0.0
2016-01-06,0.0
2016-01-07,0.0
2016-01-08,0.0
2016-01-11,0.0
2016-01-12,0.0
2016-01-13,0.0
2016-01-14,0.0
2016-01-15,0.0
2016-01-19,-271.7581328504237
2016-01-20,0.0
2016-01-21,0.0
2016-01-22,307.31706171929665
2016-01-25,0.0
2016-01-26,0.0
2016-01-27,-381.945621793911
2016-01-28,0.0
2016-01-29,0.0
2016-02-01,277.12198126236376
2016-02-02,0.0
2016-02-03,0.0
2016-02-04,527.7882416736057
2016-02-05,0.0
2016-02-08,0.0
2016-02-09,-180.83489538477158
2016-02-10,0.0
2016-02-11,0.0
2016-02-12,-329.17080307226064
2016-02-16,0.0
2016-02-17,0.0
2016-02-18,0.0
2016-02-19,0.0
2016-02-22,0.0
2016-02-23,0.0
2016-02-24,0.0
2016-02-25,218.22374595030337
2016-02-26,0.0
2016-02-29,0.0
2016-03-01,0.0
2016-03-02,0.0
2016-03-03,-139.50983157106188
2016-03-04,0.0
2016-03-07,0.0
2016-03-08,225.81121600933952
2016-03-09,0.0
2016-03-10,0.0
2016-03-11,97.13812780415498
2016-03-14,0.0
2016-03-15,0.0
2016-03-16,51.72335497933833
2016-03-17,0.0
2016-03-18,0.0
2016-03-21,-48.45289565347022
2016-03-22,0.0
2016-03-23,0.0
2016-03-24,193.73378458437563
2016-03-28,0.0
2016-03-29,0.0
2016-03-30,46.360624198373834
2016-03-31,0.0
2016-04-01,0.0
2016-04-04,-80.70128776292762
2016-04-05,0.0
2016-04-06,0.0
2016-04-07,46.3657103785442
2016-04-08,0.0
2016-04-11,0.0
2016-04-12,104.80333804859355
2016-04-13,0.0
2016-04-14,0.0
2016-04-15,-5.987022248832297
2016-04-18,0.0
2016-04-19,0.0
2016-04-20,-146.04311476420716
2016-04-21,0.0
2016-04-22,0.0
2016-04-25,-246.17076392505433
2016-04-26,0.0
2016-04-27,0.0
2016-04-28,-51.787469723806325
2016-04-29,0.0
2016-05-02,0.0
2016-05-03,-25.844257254014067
2016-05-04,0.0
2016-05-05,0.0
2016-05-06,71.26740982455581
2016-05-09,0.0
2016-05-10,0.0
2016-05-11,44.599555609567965
2016-05-12,0.0
2016-05-13,0.0
2016-05-16,-148.15727956753565
2016-05-17,0.0
2016-05-18,0.0
2016-05-19,0.0
2016-05-20,0.0
2016-05-23,0.0
2016-05-24,0.0
2016-05-25,0.0
2016-05-26,0.0
2016-05-27,0.0
2016-05-31,0.0
2016-06-01,0.0
2016-06-02,0.0
2016-06-03,24.036595939056493
2016-06-06,0.0
2016-06-07,0.0
2016-06-08,-216.49637329310247
2016-06-09,0.0
2016-06-10,0.0
2016-06-13,3.32371641237561
2016-06-14,0.0
2016-06-15,0.0
2016-06-16,-24.4788358652237
2016-06-17,0.0
2016-06-20,0.0
2016-06-21,-289.3460823854621
2016-06-22,0.0
2016-06-23,0.0
2016-06-24,184.4272814242709
2016-06-27,0.0
2016-06-28,0.0
2016-06-29,105.41292264831358
2016-06-30,0.0
2016-07-01,0.0
2016-07-05,266.6439947854671
2016-07-06,0.0
2016-07-07,0.0
2016-07-08,82.61268980381598
2016-07-11,0.0
2016-07-12,0.0
2016-07-13,118.07427881824984
2016-07-14,0.0
2016-07-15,0.0
2016-07-18,59.1815883351221
2016-07-19,0.0
2016-07-20,0.0
2016-07-21,53.99159030948786
2016-07-22,0.0
2016-07-25,0.0
2016-07-26,124.39775604598412
2016-07-27,0.0
2016-07-28,0.0
2016-07-29,8.667654638359057
2016-08-01,0.0
2016-08-02,0.0
2016-08-03,0.0
2016-08-04,0.0
2016-08-05,0.0
2016-08-08,0.0
2016-08-09,23.62508471042135
2016-08-10,0.0
2016-08-11,0.0
2016-08-12,-3.3908318563458106
2016-08-15,0.0
2016-08-16,0.0
2016-08-17,6.471818456128542
2016-08-18,0.0
2016-08-19,0.0
2016-08-22,-68.89796529522374
2016-08-23,0.0
2016-08-24,0.0
2016-08-25,1.172669267479609
2016-08-26,0.0
2016-08-29,0.0
2016-08-30,47.634103086480195
2016-08-31,0.0
2016-09-01,0.0
2016-09-02,10.961210651130315
2016-09-06,0.0
2016-09-07,0.0
2016-09-08,0.0
2016-09-09,0.0
2016-09-12,0.0
2016-09-13,0.0
2016-09-14,0.0
2016-09-15,0.0
2016-09-16,0.0
2016-09-19,0.0
2016-09-20,0.0
2016-09-21,0.0
2016-09-22,0.0
2016-09-23,0.0
2016-09-26,0.0
2016-09-27,0.0
2016-09-28,0.0
2016-09-29,0.0
2016-09-30,0.0
2016-10-03,0.0
2016-10-04,0.0
2016-10-05,0.0
2016-10-06,0.0
2016-10-07,-92.25987353325694
2016-10-10,0.0
2016-10-11,0.0
2016-10-12,0.0
2016-10-13,76.24242676604665
2016-10-14,0.0
2016-10-17,0.0
2016-10-18,25.08409577413495
2016-10-19,0.0
2016-10-20,0.0
2016-10-21,0.0
2016-10-24,0.0
2016-10-25,0.0
2016-10-26,0.0
2016-10-27,0.0
2016-10-28,0.0
2016-10-31,0.0
2016-11-01,0.0
2016-11-02,0.0
2016-11-03,0.0
2016-11-04,0.0
2016-11-07,0.0
2016-11-08,0.0
2016-11-09,255.20291470991774
2016-11-10,0.0
2016-11-11,0.0
2016-11-14,-264.88502862587416
2016-11-15,0.0
2016-11-16,0.0
2016-11-17,-97.89520137405417
2016-11-18,0.0
2016-11-21,0.0
2016-11-22,34.51077589744389
2016-11-23,0.0
2016-11-25,0.0
2016-11-28,253.07698959444292
2016-11-29,0.0
2016-11-30,0.0
2016-12-01,-115.27006189138378
2016-12-02,0.0
2016-12-05,0.0
2016-12-06,-223.92438819129222
2016-12-07,0.0
2016-12-08,0.0
2016-12-09,-51.71674258052761
2016-12-12,0.0
2016-12-13,0.0
2016-12-14,-27.69638422992715
2016-12-15,0.0
2016-12-16,0.0
2016-12-19,0.932145860562672
2016-12-20,0.0
2016-12-21,0.0
2016-12-22,0.0
2016-12-23,0.0
2016-12-27,205.78717268683323
2016-12-28,0.0
2016-12-29,0.0
2016-12-30,0.0
2017-01-03,0.0
2017-01-04,0.0
2017-01-05,0.0
2017-01-06,0.0
2017-01-09,0.0
2017-01-10,0.0
2017-01-11,0.0
2017-01-12,0.0
2017-01-13,0.0
2017-01-17,0.0
2017-01-18,0.0
2017-01-19,0.0
2017-01-20,0.0
2017-01-23,0.0
2017-01-24,0.0
2017-01-25,0.0
2017-01-26,0.0
2017-01-27,0.0
2017-01-30,0.0
2017-01-31,0.0
2017-02-01,-29.635006181238932
2017-02-02,0.0
2017-02-03,0.0
2017-02-06,0.0
2017-02-07,0.0
2017-02-08,0.0
2017-02-09,0.0
2017-02-10,0.0
2017-02-13,0.0
2017-02-14,-101.78199113273223
2017-02-15,0.0
2017-02-16,0.0
2017-02-17,0.0
2017-02-21,0.0
2017-02-22,0.0
2017-02-23,0.0
2017-02-24,0.0
2017-02-27,0.0
2017-02-28,0.0
2017-03-01,0.0
2017-03-02,0.0
2017-03-03,0.0
2017-03-06,0.0
2017-03-07,-64.6948019912985
2017-03-08,0.0
2017-03-09,0.0
2017-03-10,-56.350842013406236
2017-03-13,0.0
2017-03-14,0.0
2017-03-15,0.0
2017-03-16,146.98600168511987
2017-03-17,0.0
2017-03-20,0.0
2017-03-21,0.0
2017-03-22,0.0
2017-03-23,0.0
2017-03-24,0.0
2017-03-27,0.0
2017-03-28,0.0
2017-03-29,3.5541510827252765
2017-03-30,0.0
2017-03-31,0.0
2017-04-03,-20.838702551452258
2017-04-04,0.0
2017-04-05,0.0
2017-04-06,-41.46928174023512
2017-04-07,0.0
2017-04-10,0.0
2017-04-11,1.4819205690574933
2017-04-12,0.0
2017-04-13,0.0
2017-04-17,82.1047562601862
2017-04-18,0.0
2017-04-19,0.0
2017-04-20,192.2649457245562
2017-04-21,0.0
2017-04-24,0.0
2017-04-25,63.69644875175551
2017-04-26,0.0
2017-04-27,0.0
2017-04-28,74.55856778776138
2017-05-01,0.0
2017-05-02,0.0
2017-05-03,60.28272973568782
2017-05-04,0.0
2017-05-05,0.0
2017-05-08,26.77118325095984
2017-05-09,0.0
2017-05-10,0.0
2017-05-11,0.0
2017-05-12,-186.85343804347275
2017-05-15,0.0
2017-05-16,0.0
2017-05-17,212.97183969321898
2017-05-18,0.0
2017-05-19,0.0
2017-05-22,138.55844474857105
2017-05-23,0.0
2017-05-24,0.0
2017-05-25,18.050072944446605
2017-05-26,0.0
2017-05-30,0.0
2017-05-31,154.29795467108764
2017-06-01,0.0
2017-06-02,0.0
2017-06-05,12.214789762714506
2017-06-06,0.0
2017-06-07,0.0
2017-06-08,-226.80237201162302
2017-06-09,0.0
2017-06-12,0.0
2017-06-13,-122.29172679256384
2017-06-14,0.0
2017-06-15,0.0
2017-06-16,177.6121714764467
2017-06-19,0.0
2017-06-20,0.0
2017-06-21,-8.301065822263753
2017-06-22,0.0
2017-06-23,0.0
2017-06-26,-215.60893036715933
2017-06-27,0.0
2017-06-28,0.0
2017-06-29,-7.429657068258599
2017-06-30,0.0
2017-07-03,0.0
2017-07-05,0.0
2017-07-06,0.0
2017-07-07,0.0
2017-07-10,174.2314480651186
2017-07-11,0.0
2017-07-12,0.0
2017-07-13,0.0
2017-07-14,133.74260030694973
2017-07-17,0.0
2017-07-18,0.0
2017-07-19,42.612099740371164
2017-07-20,0.0
2017-07-21,0.0
2017-07-24,-40.9669823626535
2017-07-25,0.0
2017-07-26,0.0
2017-07-27,-36.94421018652916
2017-07-28,0.0
2017-07-31,0.0
2017-08-01,8.040480596827049
2017-08-02,0.0
2017-08-03,0.0
2017-08-04,33.01745280860358
2017-08-07,0.0
2017-08-08,0.0
2017-08-09,-18.954655800682563
2017-08-10,0.0
2017-08-11,0.0
2017-08-14,-189.31411926197183
2017-08-15,0.0
2017-08-16,0.0
2017-08-17,0.0
2017-08-18,0.0
2017-08-21,0.0
2017-08-22,-86.49267110821368
2017-08-23,0.0
2017-08-24,0.0
2017-08-25,189.55677343010623
2017-08-28,0.0
2017-08-29,0.0
2017-08-30,-0.28653778084919423
2017-08-31,0.0
2017-09-01,0.0
2017-09-05,-32.632531734968495
2017-09-06,0.0
2017-09-07,0.0
2017-09-08,153.90547183754765
2017-09-11,0.0
2017-09-12,0.0
2017-09-13,-38.73838764368753
2017-09-14,0.0
2017-09-15,0.0
2017-09-18,-77.25977743298972
2017-09-19,0.0
2017-09-20,0.0
2017-09-21,0.0
2017-09-22,9.220675890715402
2017-09-25,0.0
2017-09-26,0.0
2017-09-27,0.0
2017-09-28,104.48216521969256
2017-09-29,0.0
2017-10-02,0.0
2017-10-03,115.94546176351805
2017-10-04,0.0
2017-10-05,0.0
2017-10-06,27.50401100160449
2017-10-09,0.0
2017-10-10,0.0
2017-10-11,54.725590955806425
2017-10-12,0.0
2017-10-13,0.0
2017-10-16,-35.83268051673638
2017-10-17,0.0
2017-10-18,0.0
2017-10-19,-20.352492031342486
2017-10-20,0.0
2017-10-23,0.0
2017-10-24,0.0
2017-10-25,0.0
2017-10-26,0.0
2017-10-27,56.61892630044019
2017-10-30,0.0
2017-10-31,0.0
2017-11-01,103.9584550262851
2017-11-02,0.0
2017-11-03,0.0
2017-11-06,-2.2174318654455405
2017-11-07,0.0
2017-11-08,0.0
2017-11-09,0.0
2017-11-10,0.0
2017-11-13,0.0
2017-11-14,0.0
2017-11-15,0.0
2017-11-16,0.0
2017-11-17,0.0
2017-11-20,0.0
2017-11-21,42.8618684576465
2017-11-22,0.0
2017-11-24,0.0
2017-11-27,-63.081781525670124
2017-11-28,0.0
2017-11-29,0.0
2017-11-30,0.0
2017-12-01,-70.71776480110815
2017-12-04,0.0
2017-12-05,0.0
2017-12-06,160.24026505430555
2017-12-07,0.0
2017-12-08,0.0
2017-12-11,-6.224692636251916
2017-12-12,0.0
2017-12-13,0.0
2017-12-14,142.03642930808113
2017-12-15,0.0
2017-12-18,0.0
2017-12-19,-23.9172801577614
2017-12-20,0.0
2017-12-21,0.0
2017-12-22,-36.73530626418176
2017-12-26,0.0
2017-12-27,0.0
2017-12-28,208.6185965206422
2017-12-29,0.0
2018-01-02,0.0
2018-01-03,153.33495544268328
2018-01-04,0.0
2018-01-05,0.0
2018-01-08,47.718684426125705
2018-01-09,0.0
2018-01-10,0.0
2018-01-11,151.7331023822055
2018-01-12,0.0
2018-01-16,0.0
2018-01-17,0.0
2018-01-18,0.0
2018-01-19,-124.40136780050182
2018-01-22,0.0
2018-01-23,0.0
2018-01-24,0.0
2018-01-25,0.0
2018-01-26,0.0
2018-01-29,0.0
2018-01-30,245.919261030223
2018-01-31,0.0
2018-02-01,0.0
2018-02-02,263.7017051043666
2018-02-05,0.0
2018-02-06,0.0
2018-02-07,88.37712434784484
2018-02-08,0.0
2018-02-09,0.0
2018-02-12,-415.5061811660299
2018-02-13,0.0
2018-02-14,0.0
2018-02-15,52.48038240332487
2018-02-16,0.0
2018-02-20,0.0
2018-02-21,-340.03722300961937
2018-02-22,0.0
2018-02-23,0.0
2018-02-26,341.33150191011816
2018-02-27,0.0
2018-02-28,0.0
2018-03-01,-240.6918557626514
2018-03-02,0.0
2018-03-05,0.0
2018-03-06,-272.1820564673605
2018-03-07,0.0
2018-03-08,0.0
2018-03-09,84.77464308748739
2018-03-12,0.0
2018-03-13,0.0
2018-03-14,250.10722939136198
2018-03-15,0.0
2018-03-16,0.0
2018-03-19,266.020673340247
2018-03-20,0.0
2018-03-21,0.0
2018-03-22,228.0964823278353
2018-03-23,0.0
2018-03-26,0.0
2018-03-27,0.0
2018-03-28,0.0
2018-03-29,0.0
2018-04-02,0.0
2018-04-03,0.0
2018-04-04,0.0
2018-04-05,0.0
2018-04-06,0.0
2018-04-09,0.0
2018-04-10,0.0
2018-04-11,0.0
2018-04-12,0.0
2018-04-13,0.0
2018-04-16,0.0
2018-04-17,0.0
2018-04-18,0.0
2018-04-19,0.0
2018-04-20,230.6775149038287
2018-04-23,0.0
2018-04-24,0.0
2018-04-25,-140.66755297101219
2018-04-26,0.0
2018-04-27,0.0
2018-04-30,-57.390959447860546
2018-05-01,0.0
2018-05-02,0.0
2018-05-03,-258.90045578522034
2018-05-04,0.0
2018-05-07,0.0
2018-05-08,-201.13036792713146
2018-05-09,0.0
2018-05-10,0.0
2018-05-11,32.49162898270597
2018-05-14,0.0
2018-05-15,0.0
2018-05-16,35.26710793841925
2018-05-17,0.0
2018-05-18,0.0
2018-05-21,-63.963229469714555
2018-05-22,0.0
2018-05-23,0.0
2018-05-24,0.0
2018-05-25,0.0
2018-05-29,0.0
2018-05-30,0.0
2018-05-31,0.0
2018-06-01,0.0
2018-06-04,0.0
2018-06-05,0.0
2018-06-06,0.0
2018-06-07,0.0
2018-06-08,-73.595409793894
2018-06-11,0.0
2018-06-12,0.0
2018-06-13,0.0
2018-06-14,0.0
2018-06-15,0.0
2018-06-18,0.0
2018-06-19,0.0
2018-06-20,0.0
2018-06-21,206.8447618216307
2018-06-22,0.0
2018-06-25,0.0
2018-06-26,38.76517359440834
2018-06-27,0.0
2018-06-28,0.0
2018-06-29,-85.57266219747729
2018-07-02,0.0
2018-07-03,0.0
2018-07-05,0.0
2018-07-06,0.0
2018-07-09,0.0
2018-07-10,0.0
2018-07-11,0.0
2018-07-12,0.0
2018-07-13,19.40123267650362
2018-07-16,0.0
2018-07-17,0.0
2018-07-18,0.0
2018-07-19,73.29619333112048
2018-07-20,0.0
2018-07-23,0.0
2018-07-24,0.0
2018-07-25,-420.17209622578935
2018-07-26,0.0
2018-07-27,0.0
2018-07-30,248.9191030292903
2018-07-31,0.0
2018-08-01,0.0
2018-08-02,122.75930359528786
2018-08-03,0.0
2018-08-06,0.0
2018-08-07,-72.82935686384829
2018-08-08,0.0
2018-08-09,0.0
2018-08-10,-72.40527516434337
2018-08-13,0.0
2018-08-14,0.0
2018-08-15,22.788273013301108
2018-08-16,0.0
2018-08-17,0.0
2018-08-20,57.54657854253331
2018-08-21,0.0
2018-08-22,0.0
2018-08-23,210.97029339721462
2018-08-24,0.0
2018-08-27,0.0
2018-08-28,111.3569565073802
2018-08-29,0.0
2018-08-30,0.0
2018-08-31,0.0
2018-09-04,0.0
2018-09-05,0.0
2018-09-06,73.39159042394128
2018-09-07,0.0
2018-09-10,0.0
2018-09-11,0.0
2018-09-12,0.0
2018-09-13,0.0
2018-09-14,0.0
2018-09-17,0.0
2018-09-18,0.0
2018-09-19,0.0
2018-09-20,0.0
2018-09-21,0.0
2018-09-24,0.0
2018-09-25,0.0
2018-09-26,0.0
2018-09-27,0.0
2018-09-28,0.0
2018-10-01,0.0
2018-10-02,0.0
2018-10-03,0.0
2018-10-04,158.05073431241712
2018-10-05,0.0
2018-10-08,0.0
2018-10-09,290.8587257617723
2018-10-10,0.0
2018-10-11,0.0
2018-10-12,-169.647111094966
2018-10-15,0.0
2018-10-16,0.0
2018-10-17,188.79926579589812
2018-10-18,0.0
2018-10-19,0.0
2018-10-22,174.78830618340547
2018-10-23,0.0
2018-10-24,0.0
2018-10-25,293.9830881692729
2018-10-26,0.0
2018-10-29,0.0
2018-10-30,-227.85207896483416
2018-10-31,0.0
2018-11-01,0.0
2018-11-02,-341.4646052066761
2018-11-05,0.0
2018-11-06,0.0
2018-11-07,519.2603770860716
2018-11-08,0.0
2018-11-09,0.0
2018-11-12,-89.8361423906513
2018-11-13,0.0
2018-11-14,0.0
2018-11-15,527.5272297164912
2018-11-16,0.0
2018-11-19,0.0
2018-11-20,-231.9303320381927
2018-11-21,0.0
2018-11-23,0.0
2018-11-26,-320.52875415147895
2018-11-27,0.0
2018-11-28,0.0
2018-11-29,141.01038825372837
2018-11-30,0.0
2018-12-03,0.0
2018-12-04,165.51364858481188
2018-12-06,0.0
2018-12-07,0.0
2018-12-10,0.0
2018-12-11,0.0
2018-12-12,0.0
2018-12-13,0.0
2018-12-14,0.0
2018-12-17,0.0
2018-12-18,0.0
2018-12-19,0.0
2018-12-20,0.0
2018-12-21,0.0
2018-12-24,0.0
2018-12-26,0.0
2018-12-27,0.0
2018-12-28,0.0
2018-12-31,0.0
2019-01-02,200.25562540973095
2019-01-03,0.0
2019-01-04,0.0
2019-01-07,204.50814934689586
2019-01-08,0.0
2019-01-09,0.0
2019-01-10,73.5545103867441
2019-01-11,0.0
2019-01-14,0.0
2019-01-15,172.3781193587648
2019-01-16,0.0
2019-01-17,0.0
2019-01-18,-120.95020937091361
2019-01-22,0.0
2019-01-23,0.0
2019-01-24,-104.07979052748595
2019-01-25,0.0
2019-01-28,0.0
2019-01-29,365.95459829121825
2019-01-30,0.0
2019-01-31,0.0
2019-02-01,177.58656799776506
2019-02-04,0.0
2019-02-05,0.0
2019-02-06,-126.38582832448675
2019-02-07,0.0
2019-02-08,0.0
2019-02-11,163.89788657988237
2019-02-12,0.0
2019-02-13,0.0
2019-02-14,56.846500209328795
2019-02-15,0.0
2019-02-19,0.0
2019-02-20,75.17338445897525
2019-02-21,0.0
2019-02-22,0.0
2019-02-25,-25.156596298467893
2019-02-26,0.0
2019-02-27,0.0
2019-02-28,83.49383517928021
2019-03-01,0.0
2019-03-04,0.0
2019-03-05,-197.15542862093204
2019-03-06,0.0
2019-03-07,0.0
2019-03-08,343.9291074719675
2019-03-11,0.0
2019-03-12,0.0
2019-03-13,95.49426896587887
2019-03-14,0.0
2019-03-15,0.0
2019-03-18,227.9328663387159
2019-03-19,0.0
2019-03-20,0.0
2019-03-21,-189.66352473619773
2019-03-22,0.0
2019-03-25,0.0
2019-03-26,37.5723526251015
2019-03-27,0.0
2019-03-28,0.0
2019-03-29,225.24079216454717
2019-04-01,0.0
2019-04-02,0.0
2019-04-03,72.59140858081548
2019-04-04,0.0
2019-04-05,0.0
2019-04-08,-6.381797272011491
2019-04-09,0.0
2019-04-10,0.0
2019-04-11,78.78981789071204
2019-04-12,0.0
2019-04-15,0.0
2019-04-16,76.76299490641858
2019-04-17,0.0
2019-04-18,0.0
2019-04-22,134.08975703605108
2019-04-23,0.0
2019-04-24,0.0
2019-04-25,-45.363135352543
2019-04-26,0.0
2019-04-29,0.0
2019-04-30,82.59375489946486
2019-05-01,0.0
2019-05-02,0.0
2019-05-03,-290.8333577627564
2019-05-06,0.0
2019-05-07,0.0
2019-05-08,-385.1894638039788
2019-05-09,0.0
2019-05-10,0.0
2019-05-13,349.54322219840515
2019-05-14,0.0
2019-05-15,0.0
2019-05-16,-170.33986179674775
2019-05-17,0.0
2019-05-20,0.0
2019-05-21,-201.3952452147494
2019-05-22,0.0
2019-05-23,0.0
2019-05-24,-76.0995814249088
2019-05-28,0.0
2019-05-29,0.0
2019-05-30,-108.5516327600955
2019-05-31,0.0
2019-06-03,0.0
2019-06-04,349.58663271357216
2019-06-05,0.0
2019-06-06,0.0
2019-06-07,74.1510713481608
2019-06-10,0.0
2019-06-11,0.0
2019-06-12,72.5748063846554
2019-06-13,0.0
2019-06-14,0.0
2019-06-17,281.0462205640851
2019-06-18,0.0
2019-06-19,0.0
2019-06-20,-189.3371068938554
2019-06-21,0.0
2019-06-24,0.0
2019-06-25,104.77452532687614
2019-06-26,0.0
2019-06-27,0.0
2019-06-28,243.26431219593658
2019-07-01,0.0
2019-07-02,0.0
2019-07-03,-39.23544960414582
2019-07-05,0.0
2019-07-08,0.0
2019-07-09,148.69309020475674
2019-07-10,0.0
2019-07-11,0.0
2019-07-12,-68.58662208368283
2019-07-15,0.0
2019-07-16,0.0
2019-07-17,20.738366993038326
2019-07-18,0.0
2019-07-19,0.0
2019-07-22,31.308822636468836
2019-07-23,0.0
2019-07-24,0.0
2019-07-25,28.49983669341416
2019-07-26,0.0
2019-07-29,0.0
2019-07-30,0.0
2019-07-31,0.0
2019-08-01,-358.70352448036493
2019-08-02,0.0
2019-08-05,0.0
2019-08-06,166.1277541708106
2019-08-07,0.0
2019-08-08,0.0
2019-08-09,-204.20414136565924
2019-08-12,0.0
2019-08-13,0.0
2019-08-14,305.9893486494891
2019-08-15,0.0
2019-08-16,0.0
2019-08-19,-15.402911137250008
2019-08-20,0.0
2019-08-21,0.0
2019-08-22,-183.4593372888249
2019-08-23,0.0
2019-08-26,0.0
2019-08-27,165.17248808159746
2019-08-28,0.0
2019-08-29,0.0
2019-08-30,223.03991678585433
2019-09-03,0.0
2019-09-04,0.0
2019-09-05,-60.79460327069852
2019-09-06,0.0
2019-09-09,0.0
2019-09-10,0.0
2019-09-11,0.0
2019-09-12,0.0
2019-09-13,0.0
2019-09-16,0.0
2019-09-17,0.0
2019-09-18,0.0
2019-09-19,0.0
2019-09-20,0.0
2019-09-23,0.0
2019-09-24,0.0
2019-09-25,0.0
2019-09-26,0.0
2019-09-27,0.0
2019-09-30,0.0
2019-10-01,0.0
2019-10-02,0.0
2019-10-03,-44.66909911643668
2019-10-04,0.0
2019-10-07,0.0
2019-10-08,315.09927974677333
2019-10-09,0.0
2019-10-10,0.0
2019-10-11,97.31153459767272
2019-10-14,0.0
2019-10-15,0.0
2019-10-16,25.40336682991917
2019-10-17,0.0
2019-10-18,0.0
2019-10-21,33.235394498718485
2019-10-22,0.0
2019-10-23,0.0
2019-10-24,101.40936294987135
2019-10-25,0.0
2019-10-28,0.0
2019-10-29,0.0
2019-10-30,0.0
2019-10-31,0.0
2019-11-01,0.0
2019-11-04,0.0
2019-11-05,0.0
2019-11-06,0.0
2019-11-07,0.0
2019-11-08,0.0
2019-11-11,0.0
2019-11-12,0.0
2019-11-13,0.0
2019-11-14,97.9797355963985
2019-11-15,0.0
2019-11-18,0.0
2019-11-19,-79.97611149886063
2019-11-20,0.0
2019-11-21,0.0
2019-11-22,208.7269781976664
2019-11-25,0.0
2019-11-26,0.0
2019-11-27,-224.95739936599256
2019-11-29,0.0
2019-12-02,0.0
2019-12-03,172.7855753179397
2019-12-04,0.0
2019-12-05,0.0
2019-12-06,6.240048967711687
2019-12-09,0.0
2019-12-10,0.0
2019-12-11,199.60464665145673
2019-12-12,0.0
2019-12-13,0.0
2019-12-16,82.79727851786545
2019-12-17,0.0
2019-12-18,0.0
2019-12-19,67.37419991690973
2019-12-20,0.0
2019-12-23,0.0
2019-12-24,11.747788093812161
2019-12-26,0.0
2019-12-27,0.0
2019-12-30,96.63904621612929
2019-12-31,0.0
2020-01-02,0.0
2020-01-03,134.71838433459783
2020-01-06,0.0
2020-01-07,0.0
2020-01-08,177.5958583407089
2020-01-09,0.0
2020-01-10,0.0
2020-01-13,59.918528440630055
2020-01-14,0.0
2020-01-15,0.0
2020-01-16,69.67671232876782
2020-01-17,0.0
2020-01-21,0.0
2020-01-22,-257.2758794068286
2020-01-23,0.0
2020-01-24,0.0
2020-01-27,205.43599436114945
2020-01-28,0.0
2020-01-29,0.0
2020-01-30,216.69007201111202
2020-01-31,0.0
2020-02-03,0.0
2020-02-04,71.82297949659633
2020-02-05,0.0
2020-02-06,0.0
2020-02-07,225.61189648020007
2020-02-10,0.0
2020-02-11,0.0
2020-02-12,17.267923272166197
2020-02-13,0.0
2020-02-14,0.0
2020-02-18,-190.14932812727037
2020-02-19,0.0
2020-02-20,0.0
2020-02-21,-606.4875633687572
2020-02-24,0.0
2020-02-25,0.0
2020-02-26,4.755594021021992
2020-02-27,0.0
2020-02-28,0.0
2020-03-02,-232.39520701781257
2020-03-03,0.0
2020-03-04,0.0
2020-03-05,-345.2510822610655
2020-03-06,0.0
2020-03-09,0.0
2020-03-10,0.0
2020-03-11,1231.233106673395
2020-03-12,0.0
2020-03-13,0.0
2020-03-16,-381.9451368729343
2020-03-17,0.0
2020-03-18,0.0
2020-03-19,-364.0108005466125
2020-03-20,0.0
2020-03-23,0.0
2020-03-24,-45.725148699400364
2020-03-25,0.0
2020-03-26,0.0
2020-03-27,134.52164298788816
2020-03-30,0.0
2020-03-31,0.0
2020-04-01,-795.2804393097246
2020-04-02,0.0
2020-04-03,0.0
2020-04-06,-194.1061613579409
2020-04-07,0.0
2020-04-08,0.0
2020-04-09,428.9964350436293
2020-04-13,0.0
2020-04-14,0.0
2020-04-15,156.59989106094673
2020-04-16,0.0
2020-04-17,0.0
2020-04-20,-97.4158054021601
2020-04-21,0.0
2020-04-22,0.0
2020-04-23,41.77515477637117
2020-04-24,0.0
2020-04-27,0.0
2020-04-28,46.764082234718174
2020-04-29,0.0
2020-04-30,0.0
2020-05-01,0.0
2020-05-04,0.0
2020-05-05,0.0
2020-05-06,0.0
2020-05-07,0.0
2020-05-08,0.0
2020-05-11,0.0
2020-05-12,0.0
2020-05-13,0.0
2020-05-14,0.0
2020-05-15,0.0
2020-05-18,0.0
2020-05-19,124.15927661761916
2020-05-20,0.0
2020-05-21,0.0
2020-05-22,2.8893168571442196
2020-05-26,0.0
2020-05-27,0.0
2020-05-28,255.50324901159715
2020-05-29,0.0
2020-06-01,0.0
2020-06-02,173.00883993575766
2020-06-03,0.0
2020-06-04,0.0
2020-06-05,274.7346145664009
2020-06-08,0.0
2020-06-09,0.0
2020-06-10,-314.44478567112077
2020-06-11,0.0
2020-06-12,0.0
2020-06-15,240.47524314991796
2020-06-16,0.0
2020-06-17,0.0
2020-06-18,197.56292449061075
2020-06-19,0.0
2020-06-22,0.0
2020-06-23,-353.0333601049962
2020-06-24,0.0
2020-06-25,0.0
2020-06-26,436.41414264480096
2020-06-29,0.0
2020-06-30,0.0
2020-07-01,238.15082885827675
2020-07-02,0.0
2020-07-06,0.0
2020-07-07,296.7502850627124
2020-07-08,0.0
2020-07-09,0.0
2020-07-10,-124.21213882967352
2020-07-13,0.0
2020-07-14,0.0
2020-07-15,233.9815169552506
2020-07-16,0.0
2020-07-17,0.0
2020-07-20,-339.20435350298095
2020-07-21,0.0
2020-07-22,0.0
2020-07-23,-45.46055989263387
2020-07-24,0.0
2020-07-27,0.0
2020-07-28,354.5217184903859
2020-07-29,0.0
2020-07-30,0.0
2020-07-31,201.26720399050058
2020-08-03,0.0
2020-08-04,0.0
2020-08-05,-36.133532277490275
2020-08-06,0.0
2020-08-07,0.0
2020-08-10,84.07606538447521
2020-08-11,0.0
2020-08-12,0.0
2020-08-13,0.0
2020-08-14,0.0
2020-08-17,0.0
2020-08-18,0.0
2020-08-19,0.0
2020-08-20,0.0
2020-08-21,0.0
2020-08-24,0.0
2020-08-25,0.0
2020-08-26,0.0
2020-08-27,0.0
2020-08-28,0.0
2020-08-31,0.0
2020-09-01,0.0
2020-09-02,0.0
2020-09-03,0.0
2020-09-04,0.0
2020-09-08,0.0
2020-09-09,0.0
2020-09-10,0.0
2020-09-11,0.0
2020-09-14,-174.50211920764679
2020-09-15,0.0
2020-09-16,0.0
2020-09-17,95.11776915440917
2020-09-18,0.0
2020-09-21,0.0
2020-09-22,0.0
2020-09-23,0.0
2020-09-24,0.0
2020-09-25,0.0
2020-09-28,192.4413744555431
2020-09-29,0.0
2020-09-30,0.0
2020-10-01,0.0
2020-10-02,0.0
2020-10-05,0.0
2020-10-06,0.0
2020-10-07,0.0
2020-10-08,0.0
2020-10-09,0.0
2020-10-12,-156.76574482342164
2020-10-13,0.0
2020-10-14,0.0
2020-10-15,0.0
2020-10-16,0.0
2020-10-19,0.0
2020-10-20,0.0
2020-10-21,0.0
2020-10-22,0.0
2020-10-23,0.0
2020-10-26,0.0
2020-10-27,-470.7302353651177
2020-10-28,0.0
2020-10-29,0.0
2020-10-30,0.0
2020-11-02,0.0
2020-11-03,0.0
2020-11-04,45.34261696527153
2020-11-05,0.0
2020-11-06,0.0
2020-11-09,0.0
2020-11-10,0.0
2020-11-11,0.0
2020-11-12,127.16557736046852
2020-11-13,0.0
2020-11-16,0.0
2020-11-17,-59.36130244207916
2020-11-18,0.0
2020-11-19,0.0
2020-11-20,206.44359336155384
2020-11-23,0.0
2020-11-24,0.0
2020-11-25,249.4198581326823
2020-11-27,0.0
2020-11-30,0.0
2020-12-01,58.77016209966834
2020-12-02,0.0
2020-12-03,0.0
2020-12-04,-130.8217264636624
2020-12-07,0.0
2020-12-08,0.0
2020-12-09,78.93502418193864
2020-12-10,0.0
2020-12-11,0.0
2020-12-14,232.62345332284883
2020-12-15,0.0
2020-12-16,0.0
2020-12-17,-27.05436751593848
2020-12-18,0.0
2020-12-21,0.0
2020-12-22,95.37963137698836
2020-12-23,0.0
2020-12-24,0.0
2020-12-28,38.476816549704026
2020-12-29,0.0
2020-12-30,0.0
2020-12-31,-205.6128426557424
2021-01-04,0.0
2021-01-05,0.0
2021-01-06,0.0
2021-01-07,0.0
2021-01-08,0.0
2021-01-11,0.0
2021-01-12,0.0
2021-01-13,0.0
2021-01-14,0.0
2021-01-15,0.0
2021-01-19,0.0
2021-01-20,0.0
2021-01-21,0.0
2021-01-22,0.0
2021-01-25,0.0
2021-01-26,0.0
2021-01-27,0.0
2021-01-28,0.0
2021-01-29,0.0
2021-02-01,0.0
2021-02-02,0.0
2021-02-03,0.0
2021-02-04,0.0
2021-02-05,0.0
2021-02-08,0.0
2021-02-09,0.0
2021-02-10,0.0
2021-02-11,0.0
2021-02-12,0.0
2021-02-16,140.12109947872054
2021-02-17,0.0
2021-02-18,0.0
2021-02-19,205.1425541941554
2021-02-22,0.0
2021-02-23,0.0
2021-02-24,14.433702695795247
2021-02-25,0.0
2021-02-26,0.0
2021-03-01,616.5775803658813
2021-03-02,0.0
2021-03-03,0.0
2021-03-04,-265.1636713735561
2021-03-05,0.0
2021-03-08,0.0
2021-03-09,-111.6104576185073
2021-03-10,0.0
2021-03-11,0.0
2021-03-12,-204.91138027254553
2021-03-15,0.0
2021-03-16,0.0
2021-03-17,87.78706901775402
2021-03-18,0.0
2021-03-19,0.0
2021-03-22,233.82875482367282
2021-03-23,0.0
2021-03-24,0.0
2021-03-25,-90.76327217244939
2021-03-26,0.0
2021-03-29,0.0
2021-03-30,-544.1011127049977
2021-03-31,0.0
2021-04-01,0.0
2021-04-05,0.0
2021-04-06,0.0
2021-04-07,0.0
2021-04-08,0.0
2021-04-09,0.0
2021-04-12,0.0
2021-04-13,0.0
2021-04-14,0.0
2021-04-15,0.0
2021-04-16,0.0
2021-04-19,0.0
2021-04-20,0.0
2021-04-21,0.0
2021-04-22,0.0
2021-04-23,0.0
2021-04-26,0.0
2021-04-27,0.0
2021-04-28,0.0
2021-04-29,0.0
2021-04-30,0.0
2021-05-03,0.0
2021-05-04,0.0
2021-05-05,0.0
2021-05-06,0.0
2021-05-07,0.0
2021-05-10,0.0
2021-05-11,-31.3078127223565
2021-05-12,0.0
2021-05-13,0.0
2021-05-14,0.0
2021-05-17,0.0
2021-05-18,-146.7728878700525
2021-05-19,0.0
2021-05-20,0.0
2021-05-21,-216.97473101844
2021-05-24,0.0
2021-05-25,0.0
2021-05-26,0.0
2021-05-27,0.0
2021-05-28,0.0
2021-06-01,0.0
2021-06-02,0.0
2021-06-03,0.0
2021-06-04,0.0
2021-06-07,0.0
2021-06-08,0.0
2021-06-09,0.0
2021-06-10,50.21382061989988
2021-06-11,0.0
2021-06-14,0.0
2021-06-15,13.684570646597116
2021-06-16,0.0
2021-06-17,0.0
2021-06-18,159.8622024826324
2021-06-21,0.0
2021-06-22,0.0
2021-06-23,175.70161550209517
2021-06-24,0.0
2021-06-25,0.0
2021-06-28,24.09638554216942
2021-06-29,0.0
2021-06-30,0.0
2021-07-01,172.04670329670435
2021-07-02,0.0
2021-07-06,0.0
2021-07-07,45.508254279058576
2021-07-08,0.0
2021-07-09,0.0
2021-07-12,-55.92187069411558
2021-07-13,0.0
2021-07-14,0.0
2021-07-15,-44.94852886506639
2021-07-16,0.0
2021-07-19,0.0
2021-07-20,260.4527369264398
2021-07-21,0.0
2021-07-22,0.0
2021-07-23,-62.00452626424324
2021-07-26,0.0
2021-07-27,0.0
2021-07-28,-36.28954395029971
2021-07-29,0.0
2021-07-30,0.0
2021-08-02,145.68686679675923
2021-08-03,0.0
2021-08-04,0.0
2021-08-05,-84.31258892343307
2021-08-06,0.0
2021-08-09,0.0
2021-08-10,0.0
2021-08-11,0.0
2021-08-12,0.0
2021-08-13,-184.18809912332358
2021-08-16,0.0
2021-08-17,0.0
2021-08-18,0.0
2021-08-19,0.0
2021-08-20,0.0
2021-08-23,-22.399561151454918
2021-08-24,0.0
2021-08-25,0.0
2021-08-26,0.0
2021-08-27,0.0
2021-08-30,0.0
2021-08-31,0.0
2021-09-01,0.0
2021-09-02,0.0
2021-09-03,-58.711165343162676
2021-09-07,0.0
2021-09-08,0.0
2021-09-09,-114.45279866332481
2021-09-10,0.0
2021-09-13,0.0
2021-09-14,-32.113580664243635
2021-09-15,0.0
2021-09-16,0.0
2021-09-17,-102.39019141096261
2021-09-20,0.0
2021-09-21,0.0
2021-09-22,18.647250683623273
2021-09-23,0.0
2021-09-24,0.0
2021-09-27,0.0
2021-09-28,0.0
2021-09-29,0.0
2021-09-30,0.0
2021-10-01,0.0
2021-10-04,0.0
2021-10-05,0.0
2021-10-06,0.0
2021-10-07,0.0
2021-10-08,31.17240634783469
2021-10-11,0.0
2021-10-12,0.0
2021-10-13,0.0
2021-10-14,0.0
2021-10-15,0.0
2021-10-18,0.0
2021-10-19,0.0
2021-10-20,-81.55334758621623
2021-10-21,0.0
2021-10-22,0.0
2021-10-25,0.0
2021-10-26,0.0
2021-10-27,0.0
2021-10-28,0.0
2021-10-29,0.0
2021-11-01,0.0
2021-11-02,0.0
2021-11-03,0.0
2021-11-04,0.0
2021-11-05,-228.49248749954089
2021-11-08,0.0
2021-11-09,0.0
2021-11-10,0.0
2021-11-11,0.0
2021-11-12,0.0
2021-11-15,-181.54190164987537
2021-11-16,0.0
2021-11-17,0.0
2021-11-18,0.0
2021-11-19,0.0
2021-11-22,216.9586716317684
2021-11-23,0.0
2021-11-24,0.0
2021-11-26,92.28983626198061
2021-11-29,0.0
2021-11-30,0.0
2021-12-01,0.0
2021-12-02,0.0
2021-12-03,434.2540733197553
2021-12-06,0.0
2021-12-07,0.0
2021-12-08,190.18805316481922
2021-12-09,0.0
2021-12-10,0.0
2021-12-13,0.0
2021-12-14,0.0
2021-12-15,0.0
2021-12-16,0.0
2021-12-17,0.0
2021-12-20,-435.5115308812607
2021-12-21,0.0
2021-12-22,0.0
2021-12-23,0.0
2021-12-27,0.0
2021-12-28,0.0
2021-12-29,-6.549026741857755
2021-12-30,0.0
2021-12-31,0.0
2022-01-03,446.25434801051966
2022-01-04,0.0
2022-01-05,0.0
2022-01-06,-49.91944384538316
2022-01-07,0.0
2022-01-10,0.0
2022-01-11,146.74232048522805
2022-01-12,0.0
2022-01-13,0.0
2022-01-14,490.08429629250116
2022-01-18,0.0
2022-01-19,0.0
2022-01-20,469.74034284174684
2022-01-21,0.0
2022-01-24,0.0
2022-01-25,-215.91479316705576
2022-01-26,0.0
2022-01-27,0.0
2022-01-28,-473.9667649052892
2022-01-31,0.0
2022-02-01,0.0
2022-02-02,375.5028170967722
2022-02-03,0.0
2022-02-04,0.0
2022-02-07,-92.23674096848544
2022-02-08,0.0
2022-02-09,0.0
2022-02-10,57.66510717005846
2022-02-11,0.0
2022-02-14,0.0
2022-02-15,418.1029765813082
2022-02-16,0.0
2022-02-17,0.0
2022-02-18,24.84028694814233
2022-02-22,0.0
2022-02-23,0.0
2022-02-24,-22.397618553529064
2022-02-25,0.0
2022-02-28,0.0
2022-03-01,120.0913894045419
2022-03-02,0.0
2022-03-03,0.0
2022-03-04,69.0861264073761
2022-03-07,0.0
2022-03-08,0.0
2022-03-09,506.1780500938717
2022-03-10,0.0
2022-03-11,0.0
2022-03-14,-821.6700136434008
2022-03-15,0.0
2022-03-16,0.0
2022-03-17,-379.4285552391874
2022-03-18,0.0
2022-03-21,0.0
2022-03-22,-68.23935636639078
2022-03-23,0.0
2022-03-24,0.0
2022-03-25,-214.9881729394143
2022-03-28,0.0
2022-03-29,0.0
2022-03-30,-58.45469926682778
2022-03-31,0.0
2022-04-01,0.0
2022-04-04,414.1270218211568
2022-04-05,0.0
2022-04-06,0.0
2022-04-07,407.1071718575803
2022-04-08,0.0
2022-04-11,0.0
2022-04-12,21.090084790750254
2022-04-13,0.0
2022-04-14,0.0
2022-04-18,136.80018402967397
2022-04-19,0.0
2022-04-20,0.0
2022-04-21,518.0569221238285
2022-04-22,0.0
2022-04-25,0.0
2022-04-26,119.06500534216934
2022-04-27,0.0
2022-04-28,0.0
2022-04-29,-529.6854093412584
2022-05-02,0.0
2022-05-03,0.0
2022-05-04,995.8849560791094
2022-05-05,0.0
2022-05-06,0.0
2022-05-09,198.72494400091978
2022-05-10,0.0
2022-05-11,0.0
2022-05-12,-517.8519107613755
2022-05-13,0.0
2022-05-16,0.0
2022-05-17,579.8266489442138
2022-05-18,0.0
2022-05-19,0.0
2022-05-20,-91.50359931055397
2022-05-23,0.0
2022-05-24,0.0
2022-05-25,0.0
2022-05-26,0.0
2022-05-27,0.0
2022-05-31,0.0
2022-06-01,0.0
2022-06-02,0.0
2022-06-03,0.0
2022-06-06,0.0
2022-06-07,0.0
2022-06-08,0.0
2022-06-09,780.8603237216571
2022-06-10,0.0
2022-06-13,0.0
2022-06-14,40.400647117586615
2022-06-15,0.0
2022-06-16,0.0
2022-06-17,-383.18835434049345
2022-06-21,0.0
2022-06-22,0.0
2022-06-23,51.20664746061321
2022-06-24,0.0
2022-06-27,0.0
2022-06-28,44.76791146092785
2022-06-29,0.0
2022-06-30,0.0
2022-07-01,-451.67749898581854
2022-07-05,0.0
2022-07-06,0.0
2022-07-07,300.6028573788089
2022-07-08,0.0
2022-07-11,0.0
2022-07-12,0.0
2022-07-13,0.0
2022-07-14,0.0
2022-07-15,0.0
2022-07-18,0.0
2022-07-19,0.0
2022-07-20,0.0
2022-07-21,0.0
2022-07-22,0.0
2022-07-25,0.0
2022-07-26,0.0
2022-07-27,0.0
2022-07-28,0.0
2022-07-29,0.0
2022-08-01,0.0
2022-08-02,0.0
2022-08-03,0.0
2022-08-04,0.0
2022-08-05,0.0
2022-08-08,0.0
2022-08-09,0.0
2022-08-10,0.0
2022-08-11,0.0
2022-08-12,0.0
2022-08-15,0.0
2022-08-16,0.0
2022-08-17,0.0
2022-08-18,0.0
2022-08-19,245.41452400909213
2022-08-22,0.0
2022-08-23,0.0
2022-08-24,335.65827262945214
2022-08-25,0.0
2022-08-26,0.0
2022-08-29,167.97097154025332
2022-08-30,0.0
2022-08-31,0.0
2022-09-01,12.383295586007037
2022-09-02,0.0
2022-09-06,0.0
2022-09-07,-391.7810007015032
2022-09-08,0.0
2022-09-09,0.0
2022-09-12,637.5346358234501
2022-09-13,0.0
2022-09-14,0.0
2022-09-15,63.71829805072338
2022-09-16,0.0
2022-09-19,0.0
2022-09-20,455.89165928363485
2022-09-21,0.0
2022-09-22,0.0
2022-09-23,-161.43291604781007
2022-09-26,0.0
2022-09-27,0.0
2022-09-28,229.77605317649363
2022-09-29,0.0
2022-09-30,0.0
2022-10-03,-227.78881003054252
2022-10-04,0.0
2022-10-05,0.0
2022-10-06,604.4142614601022
2022-10-07,0.0
2022-10-10,0.0
2022-10-11,91.92590327393279
2022-10-12,0.0
2022-10-13,0.0
2022-10-14,-384.67653688237124
2022-10-17,0.0
2022-10-18,0.0
2022-10-19,-294.4143235405372
2022-10-20,0.0
2022-10-21,0.0
2022-10-24,208.8309143242073
2022-10-25,0.0
2022-10-26,0.0
2022-10-27,-87.0295578826985
2022-10-28,0.0
2022-10-31,0.0
2022-11-01,382.6733988838693
2022-11-02,0.0
2022-11-03,0.0
2022-11-04,54.80335267569303
2022-11-07,0.0
2022-11-08,0.0
2022-11-09,0.0
2022-11-10,0.0
2022-11-11,0.0
2022-11-14,0.0
2022-11-15,0.0
2022-11-16,0.0
2022-11-17,0.0
2022-11-18,0.0
2022-11-21,0.0
2022-11-22,0.0
2022-11-23,0.0
2022-11-25,0.0
2022-11-28,0.0
2022-11-29,0.0
2022-11-30,0.0
2022-12-01,-408.73948463282295
2022-12-02,0.0
2022-12-05,0.0
2022-12-06,11.775197624179778
2022-12-07,0.0
2022-12-08,0.0
2022-12-09,153.58937327579537
2022-12-12,0.0
2022-12-13,0.0
2022-12-14,-558.9861083903269
2022-12-15,0.0
2022-12-16,0.0
2022-12-19,0.0
2022-12-20,0.0
2022-12-21,0.0
2022-12-22,0.0
2022-12-23,0.0
2022-12-27,0.0
2022-12-28,0.0
2022-12-29,0.0
2022-12-30,0.0
2023-01-03,0.0
2023-01-04,0.0
2023-01-05,0.0
2023-01-06,0.0
2023-01-09,0.0
2023-01-10,299.5770047653901
2023-01-11,0.0
2023-01-12,0.0
2023-01-13,-212.9705844127705
2023-01-17,0.0
2023-01-18,0.0
2023-01-19,487.70771178412883
2023-01-20,0.0
2023-01-23,0.0
2023-01-24,270.11969679064055
2023-01-25,0.0
2023-01-26,0.0
2023-01-27,161.50773428895482
2023-01-30,0.0
2023-01-31,0.0
2023-02-01,82.01826402763012
2023-02-02,0.0
2023-02-03,0.0
2023-02-06,-66.8297966224074
2023-02-07,0.0
2023-02-08,0.0
2023-02-09,0.0
2023-02-10,0.0
2023-02-13,0.0
2023-02-14,0.0
2023-02-15,0.0
2023-02-16,0.0
2023-02-17,0.0
2023-02-21,0.0
2023-02-22,0.0
2023-02-23,0.0
2023-02-24,0.0
2023-02-27,0.0
2023-02-28,0.0
2023-03-01,0.0
2023-03-02,0.0
2023-03-03,0.0
2023-03-06,0.0
2023-03-07,0.0
2023-03-08,0.0
2023-03-09,0.0
2023-03-10,0.0
2023-03-13,0.0
2023-03-14,0.0
2023-03-15,254.09548374458302
2023-03-16,0.0
2023-03-17,0.0
2023-03-20,132.61585977424994
2023-03-21,0.0
2023-03-22,0.0
2023-03-23,-93.17160544260462
2023-03-24,0.0
2023-03-27,0.0
2023-03-28,452.55578640191584
2023-03-29,0.0
2023-03-30,0.0
2023-03-31,-162.42707471948782
2023-04-03,0.0
2023-04-04,0.0
2023-04-05,-2.3135295206366813
2023-04-06,0.0
2023-04-10,0.0
2023-04-11,88.9372271331812
2023-04-12,0.0
2023-04-13,0.0
2023-04-14,7.033908024007829
2023-04-17,0.0
2023-04-18,0.0
2023-04-19,-90.84171842887456
2023-04-20,0.0
2023-04-21,0.0
2023-04-24,146.64836774661129
2023-04-25,0.0
2023-04-26,0.0
2023-04-27,-35.18237082066777
2023-04-28,0.0
2023-05-01,0.0
2023-05-02,0.0
2023-05-03,0.0
2023-05-04,0.0
2023-05-05,0.0
2023-05-08,0.0
2023-05-09,0.0
2023-05-10,0.0
2023-05-11,0.0
2023-05-12,0.0
2023-05-15,0.0
2023-05-16,0.0
2023-05-17,0.0
2023-05-18,0.0
2023-05-19,144.1663346252764
2023-05-22,0.0
2023-05-23,0.0
2023-05-24,-551.6557021573742
2023-05-25,0.0
2023-05-26,0.0
2023-05-30,0.0
2023-05-31,0.0
2023-06-01,0.0
2023-06-02,0.0
2023-06-05,0.0
2023-06-06,0.0
2023-06-07,0.0
2023-06-08,0.0
2023-06-09,0.0
2023-06-12,0.0
2023-06-13,0.0
2023-06-14,0.0
2023-06-15,0.0
2023-06-16,0.0
2023-06-20,-118.57838648458574
2023-06-21,0.0
2023-06-22,0.0
2023-06-23,0.0
2023-06-26,0.0
2023-06-27,0.0
2023-06-28,163.1182925036412
2023-06-29,0.0
2023-06-30,0.0
2023-07-03,0.0
2023-07-05,0.0
2023-07-06,-19.616289472812465
2023-07-07,0.0
2023-07-10,0.0
2023-07-11,0.0
2023-07-12,0.0
2023-07-13,172.93860775751347
2023-07-14,0.0
2023-07-17,0.0
2023-07-18,-262.35220594269305
2023-07-19,0.0
2023-07-20,0.0
2023-07-21,47.712583545640456
2023-07-24,0.0
2023-07-25,0.0
2023-07-26,166.26557328395464
2023-07-27,0.0
2023-07-28,0.0
2023-07-31,-256.07666433965835
2023-08-01,0.0
2023-08-02,0.0
2023-08-03,52.43104178200397
2023-08-04,0.0
2023-08-07,0.0
2023-08-08,0.0
2023-08-09,0.0
2023-08-10,60.216276241340516
2023-08-11,0.0
2023-08-14,0.0
2023-08-15,228.02689241040898
2023-08-16,0.0
2023-08-17,0.0
2023-08-18,-308.47646786618554
2023-08-21,0.0
2023-08-22,0.0
2023-08-23,63.110225044725745
2023-08-24,0.0
2023-08-25,0.0
2023-08-28,-298.02358412224004
2023-08-29,0.0
2023-08-30,0.0
2023-08-31,0.0
2023-09-01,150.02356222040046
2023-09-05,0.0
2023-09-06,0.0
2023-09-07,-20.447619359702518
2023-09-08,0.0
2023-09-11,0.0
2023-09-12,57.0972615551657
2023-09-13,0.0
2023-09-14,0.0
2023-09-15,0.0
2023-09-18,0.0
2023-09-19,0.0
2023-09-20,0.0
2023-09-21,100.99222822610332
2023-09-22,0.0
2023-09-25,0.0
2023-09-26,-116.4597340813156
2023-09-27,0.0
2023-09-28,0.0
2023-09-29,-41.45373491355908
2023-10-02,0.0
2023-10-03,0.0
2023-10-04,-183.4030400238218
2023-10-05,0.0
2023-10-06,0.0
2023-10-09,-90.98038173214862
2023-10-10,0.0
2023-10-11,0.0
2023-10-12,40.89804466514302
2023-10-13,0.0
2023-10-16,0.0
2023-10-17,371.0488030683778
2023-10-18,0.0
2023-10-19,0.0
2023-10-20,123.13799284384808
2023-10-23,0.0
2023-10-24,0.0
2023-10-25,32.05484786115598
2023-10-26,0.0
2023-10-27,0.0
2023-10-30,-407.380279725158
2023-10-31,0.0
2023-11-01,0.0
2023-11-02,0.0
2023-11-03,0.0
2023-11-06,0.0
2023-11-07,0.0
2023-11-08,0.0
2023-11-09,0.0
2023-11-10,0.0
2023-11-13,0.0
2023-11-14,0.0
2023-11-15,0.0
2023-11-16,0.0
2023-11-17,0.0
2023-11-20,-28.1398381491349
2023-11-21,0.0
2023-11-22,0.0
2023-11-24,3.5039419346771794
2023-11-27,0.0
2023-11-28,0.0
2023-11-29,-92.50919462583495
2023-11-30,0.0
2023-12-01,0.0
2023-12-04,115.40622612801866
2023-12-05,0.0
2023-12-06,0.0
2023-12-07,207.02137618973327
2023-12-08,0.0
2023-12-11,0.0
2023-12-12,164.60603392400853
2023-12-13,0.0
2023-12-14,0.0
2023-12-15,-41.62806646053174
2023-12-18,0.0
2023-12-19,0.0
2023-12-20,195.9019463338607
2023-12-21,0.0
2023-12-22,0.0
2023-12-26,-31.163906745266257
2023-12-27,0.0
2023-12-28,0.0
2023-12-29,-323.2516537005459
2024-01-02,0.0
2024-01-03,0.0
2024-01-04,243.64328706547144
2024-01-05,0.0
2024-01-08,0.0
2024-01-09,92.45324875440053
2024-01-10,0.0
2024-01-11,0.0
2024-01-12,88.75476002352389
2024-01-16,0.0
2024-01-17,0.0
2024-01-18,0.0
2024-01-19,0.0
2024-01-22,0.0
2024-01-23,0.0
2024-01-24,0.0
2024-01-25,0.0
2024-01-26,0.0
2024-01-29,0.0
2024-01-30,0.0
2024-01-31,277.64162173517184
2024-02-01,0.0
2024-02-02,0.0
2024-02-05,96.63316868222304
2024-02-06,0.0
2024-02-07,0.0
2024-02-08,0.0
2024-02-09,0.0
2024-02-12,0.0
2024-02-13,0.0
2024-02-14,0.0
2024-02-15,0.0
2024-02-16,0.0
2024-02-20,0.0
2024-02-21,0.0
2024-02-22,0.0
2024-02-23,0.0
2024-02-26,0.0
2024-02-27,0.0
2024-02-28,0.0
2024-02-29,0.0
2024-03-01,0.0
2024-03-04,0.0
2024-03-05,67.32633437442459
2024-03-06,0.0
2024-03-07,0.0
2024-03-08,27.804910535895733
2024-03-11,0.0
2024-03-12,0.0
2024-03-13,-46.21302266375138
2024-03-14,0.0
2024-03-15,0.0
2024-03-18,186.48874061718112
2024-03-19,0.0
2024-03-20,0.0
2024-03-21,-59.98777319272563
2024-03-22,0.0
2024-03-25,0.0
2024-03-26,45.413360423931515
2024-03-27,0.0
2024-03-28,0.0
2024-04-01,0.0
2024-04-02,0.0
2024-04-03,0.0
2024-04-04,0.0
2024-04-05,0.0
2024-04-08,0.0
2024-04-09,0.0
2024-04-10,0.0
2024-04-11,0.0
2024-04-12,0.0
2024-04-15,0.0
2024-04-16,0.0
2024-04-17,0.0
2024-04-18,0.0
2024-04-19,0.0
2024-04-22,0.0
2024-04-23,0.0
2024-04-24,-146.00497523792112
2024-04-25,0.0
2024-04-26,0.0
2024-04-29,0.0
2024-04-30,-258.07450389032425
2024-05-01,0.0
2024-05-02,0.0
2024-05-03,0.0
2024-05-06,0.0
2024-05-07,0.0
2024-05-08,0.0
2024-05-09,0.0
2024-05-10,0.0
2024-05-13,0.0
2024-05-14,0.0
2024-05-15,41.67406045158639
2024-05-16,0.0
2024-05-17,0.0
2024-05-20,0.0
2024-05-21,0.0
2024-05-22,0.0
2024-05-23,0.0
2024-05-24,0.0
2024-05-28,0.0
2024-05-29,0.0
2024-05-30,0.0
2024-05-31,0.0
2024-06-03,225.90183323477174
2024-06-04,0.0
2024-06-05,0.0
2024-06-06,99.3628162261051
2024-06-07,0.0
2024-06-10,0.0
2024-06-11,0.0
2024-06-12,224.81145839754913
2024-06-13,0.0
2024-06-14,0.0
2024-06-17,-101.69423397712762
2024-06-18,0.0
2024-06-20,0.0
2024-06-21,25.735518060545637
2024-06-24,0.0
2024-06-25,0.0
2024-06-26,30.93498589952004
2024-06-27,0.0
2024-06-28,0.0
2024-07-01,0.0
2024-07-02,0.0
2024-07-03,131.9687317329321
2024-07-05,0.0
2024-07-08,0.0
2024-07-09,-59.404488339118714
2024-07-10,0.0
2024-07-11,0.0
2024-07-12,-261.85967587241566
2024-07-15,0.0
2024-07-16,0.0
2024-07-17,12.020748417858051
2024-07-18,0.0
2024-07-19,0.0
2024-07-22,-500.5826594494256
2024-07-23,0.0
2024-07-24,0.0
2024-07-25,-18.215032978237122
2024-07-26,0.0
2024-07-29,0.0
2024-07-30,-189.1329676585285
2024-07-31,0.0
2024-08-01,0.0
2024-08-02,-310.9409570083721
2024-08-05,0.0
2024-08-06,0.0
2024-08-07,377.5591300357073
2024-08-08,0.0
2024-08-09,0.0
2024-08-12,511.3795707043467
2024-08-13,0.0
2024-08-14,0.0
2024-08-15,117.8027931986314
2024-08-16,0.0
2024-08-19,0.0
2024-08-20,0.5578149879825745
2024-08-21,0.0
2024-08-22,0.0
2024-08-23,-187.66891977546774
2024-08-26,0.0
2024-08-27,0.0
2024-08-28,-202.62728155941767
2024-08-29,0.0
2024-08-30,0.0
2024-09-03,-283.45825399420875
2024-09-04,0.0
2024-09-05,0.0
2024-09-06,442.9654801778371
2024-09-09,0.0
2024-09-10,0.0
2024-09-11,96.58320034516166
2024-09-12,0.0
2024-09-13,0.0
2024-09-16,214.53835896432682
2024-09-17,0.0
2024-09-18,0.0
2024-09-19,52.92392060403772
2024-09-20,0.0
2024-09-23,0.0
2024-09-24,31.988287673980764
2024-09-25,0.0
2024-09-26,0.0
2024-09-27,-102.95572903651463
2024-09-30,0.0
2024-10-01,0.0
2024-10-02,-0.9594699685888664
2024-10-03,0.0
2024-10-04,0.0
2024-10-07,0.0
2024-10-08,0.0
2024-10-09,0.0
2024-10-10,0.0
2024-10-11,0.0
2024-10-14,0.0
2024-10-15,0.0
2024-10-16,0.0
2024-10-17,0.0
2024-10-18,0.0
2024-10-21,0.0
2024-10-22,0.0
2024-10-23,0.0
2024-10-24,0.0
2024-10-25,0.0
2024-10-28,0.0
2024-10-29,0.0
2024-10-30,0.0
2024-10-31,0.0
2024-11-01,0.0
2024-11-04,0.0
2024-11-05,0.0
2024-11-06,0.0
2024-11-07,0.0
2024-11-08,0.0
2024-11-11,0.0
2024-11-12,0.0
2024-11-13,0.0
2024-11-14,0.0
2024-11-15,0.0
2024-11-18,0.0
2024-11-19,0.0
2024-11-20,0.0
2024-11-21,0.0
2024-11-22,0.0
2024-11-25,0.0
2024-11-26,0.0
2024-11-27,0.0
2024-11-29,268.50896303940664
2024-12-02,0.0
2024-12-03,0.0
2024-12-04,-24.008486720887845
2024-12-05,0.0
2024-12-06,0.0
2024-12-09,81.3868885489355
2024-12-10,0.0
2024-12-11,0.0
2024-12-12,0.0
2024-12-13,0.0
2024-12-16,0.0
2024-12-17,0.0
2024-12-18,-138.5712871240452
2024-12-19,0.0
2024-12-20,0.0
2024-12-23,14.044421295434928
2024-12-24,0.0
2024-12-26,0.0
