date;start_balance;start_equity;min_equity;end_equity
2021.09.14;100000.00;100000.00;99602.27;99602.27
2021.09.15;99602.27;99602.27;99602.27;100123.05
2021.09.16;100123.05;100123.05;99817.95;99817.95
2021.09.17;99817.95;99817.95;99448.10;99448.10
2021.09.20;99448.10;99448.10;99408.13;99408.13
2021.09.21;99408.13;99408.13;99408.13;99863.16
2021.09.22;99863.16;99863.16;99863.16;101072.76
2021.09.23;101072.76;101072.76;101072.76;101751.40
2021.09.24;101751.40;101751.40;101751.40;101782.29
2021.09.27;101782.29;101782.29;101723.66;101723.66
2021.09.28;101723.66;101723.66;101723.66;101915.64
2021.09.29;101915.64;101915.64;101877.67;101877.67
2021.09.30;101877.67;101877.67;101877.67;102179.03
2021.10.01;102179.03;102179.03;102179.03;102497.85
2021.10.04;102497.85;102497.85;102497.85;102652.92
2021.10.05;102652.92;102652.92;102652.92;103375.77
2021.10.06;103375.77;103375.77;103328.27;103328.27
2021.10.07;103328.27;103328.27;103309.31;103309.31
2021.10.08;103309.31;103309.31;103309.31;103310.46
2021.10.11;103310.46;103310.46;103072.64;103072.64
2021.10.12;103072.64;103072.64;103072.64;103092.71
2021.10.13;103092.71;103092.71;103092.71;103181.12
2021.10.14;103181.12;103181.12;103181.12;103272.72
2021.10.15;103272.72;103272.72;103208.22;103208.22
2021.10.18;103208.22;103208.22;103208.22;103359.65
2021.10.19;103359.65;103359.65;103359.65;103418.72
2021.10.20;103418.72;103418.72;103394.96;103394.96
2021.10.21;103394.96;103394.96;103394.96;103405.31
2021.10.22;103405.31;103405.31;103228.49;103228.49
2021.10.25;103228.49;103228.49;103228.49;103270.85
2021.10.26;103270.85;103270.85;103180.85;103180.85
2021.10.27;103180.85;103180.85;103033.69;103033.69
2021.10.28;103033.69;103033.69;103033.69;103080.54
2021.10.29;103080.54;103080.54;103080.54;103173.82
2021.11.01;103173.82;103173.82;103149.21;103149.21
2021.11.02;103149.21;103149.21;103149.21;103165.39
2021.11.03;103165.39;103165.39;103132.12;103132.12
2021.11.04;103132.12;103132.12;103105.34;103105.34
2021.11.05;103105.34;103105.34;102994.54;102994.54
2021.11.08;102994.54;102994.54;102963.17;102963.17
2021.11.09;102963.17;102963.17;102833.97;102833.97
2021.11.10;102833.97;102833.97;102718.78;102718.78
2021.11.11;102718.78;102718.78;102718.78;102827.49
2021.11.12;102827.49;102827.49;102827.49;103251.80
2021.11.15;103251.80;103251.80;103152.63;103152.63
2021.11.16;103152.63;103152.63;103152.63;103227.14
2021.11.17;103227.14;103227.14;102988.40;102988.40
2021.11.18;102988.40;102988.40;102797.03;102797.03
2021.11.19;102797.03;102797.03;102503.29;102503.29
2021.11.22;102503.29;102503.29;102303.31;102303.31
2021.11.23;102303.31;102303.31;102090.98;102090.98
2021.11.24;102090.98;102090.98;102090.98;102133.54
2021.11.25;102133.54;102133.54;102102.00;102102.00
2021.11.26;102102.00;102102.00;101061.64;101061.64
2021.11.29;101061.64;101061.64;100940.75;100940.75
2021.11.30;100940.75;100940.75;99495.05;99495.05
2021.12.01;99495.05;99495.05;98748.15;98748.15
2021.12.02;98748.15;98748.15;98748.15;99654.84
2021.12.03;99654.84;99654.84;99404.72;99404.72
2021.12.06;99404.72;99404.72;99404.72;99620.63
2021.12.07;99620.63;99620.63;99620.63;100245.24
2021.12.08;100245.24;100245.24;100141.30;100141.30
2021.12.09;100141.30;100141.30;100141.30;100220.41
2021.12.10;100220.41;100220.41;100109.92;100109.92
2021.12.13;100109.92;100109.92;100109.92;100218.78
2021.12.14;100218.78;100218.78;100188.62;100188.62
2021.12.15;100188.62;100188.62;100166.33;100166.33
2021.12.16;100166.33;100166.33;100166.33;100404.35
2021.12.17;100404.35;100404.35;100139.07;100139.07
2021.12.20;100139.07;100139.07;99908.80;99908.80
2021.12.21;99908.80;99908.80;99908.80;100048.97
2021.12.22;100048.97;100048.97;100048.97;100468.16
2021.12.23;100468.16;100468.16;100454.60;100454.60
2021.12.24;100454.60;100454.60;100449.54;100449.54
2021.12.27;100449.54;100449.54;100449.54;100625.52
2021.12.28;100625.52;100625.52;100625.52;100637.54
2021.12.29;100637.54;100637.54;100637.54;100641.94
2021.12.30;100641.94;100641.94;100641.94;100663.15
2021.12.31;100663.15;100663.15;100663.15;100699.53
2022.01.03;100699.53;100699.53;100699.53;100730.00
2022.01.04;100730.00;100730.00;100730.00;100884.65
2022.01.05;100884.65;100884.65;100884.65;100912.62
2022.01.06;100912.62;100912.62;100657.68;100657.68
2022.01.07;100657.68;100657.68;100277.12;100277.12
2022.01.10;100277.12;100277.12;100093.33;100093.33
2022.01.11;100093.33;100093.33;100093.33;101089.27
2022.01.12;101089.27;101089.27;100985.48;100985.48
2022.01.13;100985.48;100985.48;100985.48;101262.54
2022.01.14;101262.54;101262.54;100875.46;100875.46
2022.01.17;100875.46;100875.46;100872.03;100872.03
2022.01.18;100872.03;100872.03;100472.45;100472.45
2022.01.19;100472.45;100472.45;100096.98;100096.98
2022.01.20;100096.98;100096.98;98723.83;98723.83
2022.01.21;98723.83;98723.83;97491.99;97491.99
2022.01.24;97491.99;97491.99;97491.99;97533.36
2022.01.25;97533.36;97533.36;95219.00;95219.00
2022.01.26;95219.00;95219.00;95219.00;95946.53
2022.01.27;95946.53;95946.53;95946.53;96424.48
2022.01.28;96424.48;96424.48;96424.48;96931.04
2022.01.31;96931.04;96931.04;96931.04;97308.83
2022.02.01;97308.83;97308.83;97018.64;97018.64
2022.02.02;97018.64;97018.64;96840.43;96840.43
2022.02.03;96840.43;96840.43;96840.43;96939.29
2022.02.04;96939.29;96939.29;96939.29;97053.39
2022.02.07;97053.39;97053.39;96838.63;96838.63
2022.02.08;96838.63;96838.63;96626.06;96626.06
2022.02.09;96626.06;96626.06;96626.06;96675.67
2022.02.10;96675.67;96675.67;96311.22;96311.22
2022.02.11;96311.22;96311.22;96311.22;96922.68
2022.02.14;96922.68;96922.68;96654.40;96654.40
2022.02.15;96654.40;96654.40;96550.17;96550.17
2022.02.16;96550.17;96550.17;96536.83;96536.83
2022.02.17;96536.83;96536.83;96536.83;96916.41
2022.02.18;96916.41;96916.41;96875.52;96875.52
2022.02.21;96875.52;96875.52;96875.52;97130.82
2022.02.22;97130.82;97130.82;97130.82;97263.15
2022.02.23;97263.15;97263.15;97263.15;97662.66
2022.02.24;97662.66;97662.66;97662.66;98081.86
2022.02.25;98081.86;98081.86;98081.86;98535.49
2022.02.28;98535.49;98535.49;98141.01;98141.01
2022.03.01;98141.01;98141.01;98141.01;98809.53
2022.03.02;98809.53;98809.53;98809.53;98823.49
2022.03.03;98823.49;98823.49;98823.49;99280.60
2022.03.04;99280.60;99280.60;99280.60;99529.32
2022.03.07;99529.32;99529.32;99529.32;99781.91
2022.03.08;99781.91;99781.91;99455.19;99455.19
2022.03.09;99455.19;99455.19;99455.19;99892.46
2022.03.10;99892.46;99892.46;99726.13;99726.13
2022.03.11;99726.13;99726.13;99726.13;100253.93
2022.03.14;100253.93;100253.93;100056.79;100056.79
2022.03.15;100056.79;100056.79;100056.79;100117.84
2022.03.16;100117.84;100117.84;100013.89;100013.89
2022.03.17;100013.89;100013.89;100013.89;100432.46
2022.03.18;100432.46;100432.46;100432.46;100489.46
2022.03.21;100489.46;100489.46;100435.92;100435.92
2022.03.22;100435.92;100435.92;100435.92;100442.05
2022.03.23;100442.05;100442.05;100442.05;100735.44
2022.03.24;100735.44;100735.44;100735.44;100761.30
2022.03.25;100761.30;100761.30;100577.04;100577.04
2022.03.28;100577.04;100577.04;100240.68;100240.68
2022.03.29;100240.68;100240.68;100210.81;100210.81
2022.03.30;100210.81;100210.81;100104.21;100104.21
2022.03.31;100104.21;100104.21;100104.21;100334.49
2022.04.01;100334.49;100334.49;100217.88;100217.88
2022.04.04;100217.88;100217.88;100190.16;100190.16
2022.04.05;100190.16;100190.16;100177.50;100177.50
2022.04.06;100177.50;100177.50;100138.72;100138.72
2022.04.07;100138.72;100138.72;99853.82;99853.82
2022.04.08;99853.82;99853.82;99711.31;99711.31
2022.04.11;99711.31;99711.31;99711.31;99871.90
2022.04.12;99871.90;99871.90;99871.90;100011.88
2022.04.13;100011.88;100011.88;100011.88;100161.70
2022.04.14;100161.70;100161.70;100161.70;100478.64
2022.04.15;100478.64;100478.64;100475.62;100475.62
2022.04.18;100475.62;100475.62;100292.15;100292.15
2022.04.19;100292.15;100292.15;100292.15;100511.73
2022.04.20;100511.73;100511.73;100511.73;100633.95
2022.04.21;100633.95;100633.95;100633.95;101365.36
2022.04.22;101365.36;101365.36;101365.36;101917.99
2022.04.25;101917.99;101917.99;101754.59;101754.59
2022.04.26;101754.59;101754.59;101754.59;101892.48
2022.04.27;101892.48;101892.48;101706.80;101706.80
2022.04.28;101706.80;101706.80;101510.99;101510.99
2022.04.29;101510.99;101510.99;101510.99;101833.66
2022.05.02;101833.66;101833.66;101426.50;101426.50
2022.05.03;101426.50;101426.50;101282.03;101282.03
2022.05.04;101282.03;101282.03;101234.43;101234.43
2022.05.05;101234.43;101234.43;101234.43;102187.50
2022.05.06;102187.50;102187.50;102187.50;102204.61
2022.05.09;102204.61;102204.61;102204.61;102839.15
2022.05.10;102839.15;102839.15;102839.15;102854.21
2022.05.11;102854.21;102854.21;102666.22;102666.22
2022.05.12;102666.22;102666.22;101942.77;101942.77
2022.05.13;101942.77;101942.77;101942.77;102208.70
2022.05.16;102208.70;102208.70;102146.99;102146.99
2022.05.17;102146.99;102146.99;101936.53;101936.53
2022.05.18;101936.53;101936.53;101936.53;102701.38
2022.05.19;102701.38;102701.38;102701.38;102871.56
2022.05.20;102871.56;102871.56;102871.56;102920.44
2022.05.23;102920.44;102920.44;102551.39;102551.39
2022.05.24;102551.39;102551.39;102324.93;102324.93
2022.05.25;102324.93;102324.93;102272.90;102272.90
2022.05.26;102272.90;102272.90;102272.90;102662.15
2022.05.27;102662.15;102662.15;102662.15;103073.77
2022.05.30;103073.77;103073.77;102998.98;102998.98
2022.05.31;102998.98;102998.98;102778.29;102778.29
2022.06.01;102778.29;102778.29;102778.29;102936.39
2022.06.02;102936.39;102936.39;102936.39;103150.59
2022.06.03;103150.59;103150.59;102974.51;102974.51
2022.06.06;102974.51;102974.51;102765.09;102765.09
2022.06.07;102765.09;102765.09;102765.09;103085.11
2022.06.08;103085.11;103085.11;103085.11;103088.27
2022.06.09;103088.27;103088.27;102710.68;102710.68
2022.06.10;102710.68;102710.68;102710.68;103219.31
2022.06.13;103219.31;103219.31;103219.31;103612.53
2022.06.14;103612.53;103612.53;103397.94;103397.94
2022.06.15;103397.94;103397.94;103250.45;103250.45
2022.06.16;103250.45;103250.45;102966.45;102966.45
2022.06.17;102966.45;102966.45;102580.89;102580.89
2022.06.20;102580.89;102580.89;102580.89;102667.81
2022.06.21;102667.81;102667.81;102633.52;102633.52
2022.06.22;102633.52;102633.52;102624.13;102624.13
2022.06.23;102624.13;102624.13;102438.83;102438.83
2022.06.24;102438.83;102438.83;102438.83;103194.29
2022.06.27;103194.29;103194.29;103123.58;103123.58
2022.06.28;103123.58;103123.58;103123.58;103825.48
2022.06.29;103825.48;103825.48;103755.41;103755.41
2022.06.30;103755.41;103755.41;103311.02;103311.02
2022.07.01;103311.02;103311.02;103029.21;103029.21
2022.07.04;103029.21;103029.21;103027.72;103027.72
2022.07.05;103027.72;103027.72;103027.72;104055.09
2022.07.06;104055.09;104055.09;103648.73;103648.73
2022.07.07;103648.73;103648.73;103602.44;103602.44
2022.07.08;103602.44;103602.44;103360.59;103360.59
2022.07.11;103360.59;103360.59;103358.25;103358.25
2022.07.12;103358.25;103358.25;103230.09;103230.09
2022.07.13;103230.09;103230.09;103065.98;103065.98
2022.07.14;103065.98;103065.98;103054.87;103054.87
2022.07.15;103054.87;103054.87;103054.87;103493.77
2022.07.18;103493.77;103493.77;103493.77;103916.45
2022.07.19;103916.45;103916.45;103916.45;104417.73
2022.07.20;104417.73;104417.73;104417.73;104656.72
2022.07.21;104656.72;104656.72;104499.81;104499.81
2022.07.22;104499.81;104499.81;104352.16;104352.16
2022.07.25;104352.16;104352.16;104241.34;104241.34
2022.07.26;104241.34;104241.34;104216.30;104216.30
2022.07.27;104216.30;104216.30;104216.30;104547.52
2022.07.28;104547.52;104547.52;104108.29;104108.29
2022.07.29;104108.29;104108.29;104108.29;104431.57
2022.08.01;104431.57;104431.57;104262.94;104262.94
2022.08.02;104262.94;104262.94;103968.34;103968.34
2022.08.03;103968.34;103968.34;103968.34;104225.38
2022.08.04;104225.38;104225.38;104055.55;104055.55
2022.08.05;104055.55;104055.55;103978.68;103978.68
2022.08.08;103978.68;103978.68;103705.75;103705.75
2022.08.09;103705.75;103705.75;103705.75;103715.10
2022.08.10;103715.10;103715.10;103676.73;103676.73
2022.08.11;103676.73;103676.73;103655.38;103655.38
2022.08.12;103655.38;103655.38;103655.38;103731.33
2022.08.15;103731.33;103731.33;103731.33;103849.76
2022.08.16;103849.76;103849.76;103704.73;103704.73
2022.08.17;103704.73;103704.73;103704.73;103783.53
2022.08.18;103783.53;103783.53;103660.30;103660.30
2022.08.19;103660.30;103660.30;103611.59;103611.59
2022.08.22;103611.59;103611.59;103611.59;103938.58
2022.08.23;103938.58;103938.58;103719.04;103719.04
2022.08.24;103719.04;103719.04;103634.30;103634.30
2022.08.25;103634.30;103634.30;103634.30;103941.00
2022.08.26;103941.00;103941.00;103941.00;104322.28
2022.08.29;104322.28;104322.28;104069.63;104069.63
2022.08.30;104069.63;104069.63;104069.63;104197.17
2022.08.31;104197.17;104197.17;104197.17;104371.43
2022.09.01;104371.43;104371.43;104072.98;104072.98
2022.09.02;104072.98;104072.98;104072.98;104200.83
2022.09.05;104200.83;104200.83;104102.22;104102.22
2022.09.06;104102.22;104102.22;103979.07;103979.07
2022.09.07;103979.07;103979.07;103979.07;104056.85
2022.09.08;104056.85;104056.85;104056.85;104281.47
2022.09.09;104281.47;104281.47;104281.47;104806.83
2022.09.12;104806.83;104806.83;104806.83;104833.86
2022.09.13;104833.86;104833.86;104833.86;105338.12
2022.09.14;105338.12;105338.12;105048.89;105048.89
2022.09.15;105048.89;105048.89;105048.89;105050.01
2022.09.16;105050.01;105050.01;104961.79;104961.79
2022.09.19;104961.79;104961.79;104961.79;105214.24
2022.09.20;105214.24;105214.24;105214.24;105455.08
2022.09.21;105455.08;105455.08;105423.23;105423.23
2022.09.22;105423.23;105423.23;105109.42;105109.42
2022.09.23;105109.42;105109.42;105109.42;105514.18
2022.09.26;105514.18;105514.18;105139.88;105139.88
2022.09.27;105139.88;105139.88;105139.88;105339.01
2022.09.28;105339.01;105339.01;105339.01;105582.78
2022.09.29;105582.78;105582.78;105350.05;105350.05
2022.09.30;105350.05;105350.05;104752.56;104752.56
2022.10.03;104752.56;104752.56;104752.56;105579.33
2022.10.04;105579.33;105579.33;105579.33;106066.17
2022.10.05;106066.17;106066.17;106028.39;106028.39
2022.10.06;106028.39;106028.39;106028.39;106293.75
2022.10.07;106293.75;106293.75;106293.75;106320.58
2022.10.10;106320.58;106320.58;106320.58;106326.25
2022.10.11;106326.25;106326.25;105855.78;105855.78
2022.10.12;105855.78;105855.78;105605.45;105605.45
2022.10.13;105605.45;105605.45;105605.45;106817.59
2022.10.14;106817.59;106817.59;106817.59;107319.05
2022.10.17;107319.05;107319.05;107319.05;107483.75
2022.10.18;107483.75;107483.75;107483.75;107540.94
2022.10.19;107540.94;107540.94;107208.84;107208.84
2022.10.20;107208.84;107208.84;106896.20;106896.20
2022.10.21;106896.20;106896.20;106896.20;107280.05
2022.10.24;107280.05;107280.05;106606.69;106606.69
2022.10.25;106606.69;106606.69;106589.19;106589.19
2022.10.26;106589.19;106589.19;106520.15;106520.15
2022.10.27;106520.15;106520.15;106274.42;106274.42
2022.10.28;106274.42;106274.42;106274.42;106656.58
2022.10.31;106656.58;106656.58;106354.81;106354.81
2022.11.01;106354.81;106354.81;106354.81;106528.48
2022.11.02;106528.48;106528.48;106461.46;106461.46
2022.11.03;106461.46;106461.46;106264.13;106264.13
2022.11.04;106264.13;106264.13;106223.86;106223.86
2022.11.07;106223.86;106223.86;106223.86;106462.26
2022.11.08;106462.26;106462.26;106462.26;106636.34
2022.11.09;106636.34;106636.34;106319.15;106319.15
2022.11.10;106319.15;106319.15;106319.15;107285.21
2022.11.11;107285.21;107285.21;107285.21;107581.98
2022.11.14;107581.98;107581.98;107379.45;107379.45
2022.11.15;107379.45;107379.45;107376.12;107376.12
2022.11.16;107376.12;107376.12;107363.21;107363.21
2022.11.17;107363.21;107363.21;107363.21;107530.44
2022.11.18;107530.44;107530.44;107484.85;107484.85
2022.11.21;107484.85;107484.85;107484.85;107504.95
2022.11.22;107504.95;107504.95;107504.95;107818.85
2022.11.23;107818.85;107818.85;107603.39;107603.39
2022.11.24;107603.39;107603.39;107599.01;107599.01
2022.11.25;107599.01;107599.01;107526.48;107526.48
2022.11.28;107526.48;107526.48;107526.48;107869.38
2022.11.29;107869.38;107869.38;107650.25;107650.25
2022.11.30;107650.25;107650.25;107335.85;107335.85
2022.12.01;107335.85;107335.85;107243.76;107243.76
2022.12.02;107243.76;107243.76;107243.76;107333.85
2022.12.05;107333.85;107333.85;107333.85;107577.27
2022.12.06;107577.27;107577.27;107577.27;107737.18
2022.12.07;107737.18;107737.18;107446.11;107446.11
2022.12.08;107446.11;107446.11;107414.20;107414.20
2022.12.09;107414.20;107414.20;106902.28;106902.28
2022.12.12;106902.28;106902.28;106902.28;106984.55
2022.12.13;106984.55;106984.55;106984.55;107434.24
2022.12.14;107434.24;107434.24;107166.13;107166.13
2022.12.15;107166.13;107166.13;107166.13;107469.66
2022.12.16;107469.66;107469.66;107469.66;107548.19
2022.12.19;107548.19;107548.19;107514.59;107514.59
2022.12.20;107514.59;107514.59;107514.59;107765.03
2022.12.21;107765.03;107765.03;107765.03;109086.69
2022.12.22;109086.69;109086.69;109086.69;109297.23
2022.12.23;109297.23;109297.23;109196.44;109196.44
2022.12.27;109196.44;109196.44;109058.85;109058.85
2022.12.28;109058.85;109058.85;109058.85;109299.62
2022.12.29;109299.62;109299.62;109299.62;109609.60
2022.12.30;109609.60;109609.60;109607.59;109607.59
2023.01.02;109607.59;109607.59;109571.54;109571.54
2023.01.03;109571.54;109571.54;109571.54;109604.38
2023.01.04;109604.38;109604.38;109428.70;109428.70
2023.01.05;109428.70;109428.70;109223.95;109223.95
2023.01.06;109223.95;109223.95;109223.95;109578.59
2023.01.09;109578.59;109578.59;109430.81;109430.81
2023.01.10;109430.81;109430.81;109117.94;109117.94
2023.01.11;109117.94;109117.94;109117.94;109220.72
2023.01.12;109220.72;109220.72;109220.72;109300.14
2023.01.13;109300.14;109300.14;109300.14;109584.29
2023.01.16;109584.29;109584.29;109533.34;109533.34
2023.01.17;109533.34;109533.34;109477.66;109477.66
2023.01.18;109477.66;109477.66;109477.66;109585.42
2023.01.19;109585.42;109585.42;109493.20;109493.20
2023.01.20;109493.20;109493.20;109493.20;110106.98
2023.01.23;110106.98;110106.98;110106.98;110193.00
2023.01.24;110193.00;110193.00;110035.07;110035.07
2023.01.25;110035.07;110035.07;109902.96;109902.96
2023.01.26;109902.96;109902.96;109614.19;109614.19
2023.01.27;109614.19;109614.19;109542.66;109542.66
2023.01.30;109542.66;109542.66;109310.87;109310.87
2023.01.31;109310.87;109310.87;109205.18;109205.18
2023.02.01;109205.18;109205.18;108999.31;108999.31
2023.02.02;108999.31;108999.31;108999.31;109059.88
2023.02.03;109059.88;109059.88;108912.82;108912.82
2023.02.06;108912.82;108912.82;108786.49;108786.49
2023.02.07;108786.49;108786.49;108586.55;108586.55
2023.02.08;108586.55;108586.55;108576.50;108576.50
2023.02.09;108576.50;108576.50;108576.50;108896.31
2023.02.10;108896.31;108896.31;108845.03;108845.03
2023.02.13;108845.03;108845.03;108845.03;109129.04
2023.02.14;109129.04;109129.04;108866.88;108866.88
2023.02.15;108866.88;108866.88;108576.07;108576.07
2023.02.16;108576.07;108576.07;108450.38;108450.38
2023.02.17;108450.38;108450.38;108367.10;108367.10
2023.02.20;108367.10;108367.10;108348.10;108348.10
2023.02.21;108348.10;108348.10;108348.10;108520.30
2023.02.22;108520.30;108520.30;108018.26;108018.26
2023.02.23;108018.26;108018.26;108018.26;108304.87
2023.02.24;108304.87;108304.87;107298.23;107298.23
2023.02.27;107298.23;107298.23;107155.00;107155.00
2023.02.28;107155.00;107155.00;106764.21;106764.21
2023.03.01;106764.21;106764.21;106764.21;106789.90
2023.03.02;106789.90;106789.90;106789.90;107544.73
2023.03.03;107544.73;107544.73;107544.73;108386.63
2023.03.06;108386.63;108386.63;108239.54;108239.54
2023.03.07;108239.54;108239.54;108239.54;108820.71
2023.03.08;108820.71;108820.71;108726.17;108726.17
2023.03.09;108726.17;108726.17;108726.17;109006.28
2023.03.10;109006.28;109006.28;108807.24;108807.24
2023.03.13;108807.24;108807.24;108807.24;109013.36
2023.03.14;109013.36;109013.36;109013.36;109562.59
2023.03.15;109562.59;109562.59;109045.02;109045.02
2023.03.16;109045.02;109045.02;109045.02;109654.98
2023.03.17;109654.98;109654.98;109275.99;109275.99
2023.03.20;109275.99;109275.99;109275.99;109731.35
2023.03.21;109731.35;109731.35;109731.35;110596.14
2023.03.22;110596.14;110596.14;110596.14;110732.04
2023.03.23;110732.04;110732.04;110678.73;110678.73
2023.03.24;110678.73;110678.73;110678.73;110973.84
2023.03.27;110973.84;110973.84;110931.19;110931.19
2023.03.28;110931.19;110931.19;110853.30;110853.30
2023.03.29;110853.30;110853.30;110837.82;110837.82
2023.03.30;110837.82;110837.82;110837.82;110872.58
2023.03.31;110872.58;110872.58;110872.58;111159.23
2023.04.03;111159.23;111159.23;111074.88;111074.88
2023.04.04;111074.88;111074.88;111074.88;111142.82
2023.04.05;111142.82;111142.82;111050.48;111050.48
2023.04.06;111050.48;111050.48;111050.48;111236.11
2023.04.07;111236.11;111236.11;111231.24;111231.24
2023.04.10;111231.24;111231.24;111231.24;111424.74
2023.04.11;111424.74;111424.74;111424.74;111446.13
2023.04.12;111446.13;111446.13;111446.13;111543.18
2023.04.13;111543.18;111543.18;111543.18;112226.09
2023.04.14;112226.09;112226.09;112226.09;112232.02
2023.04.17;112232.02;112232.02;112024.33;112024.33
2023.04.18;112024.33;112024.33;111994.33;111994.33
2023.04.19;111994.33;111994.33;111994.33;112011.64
2023.04.20;112011.64;112011.64;111831.86;111831.86
2023.04.21;111831.86;111831.86;111557.74;111557.74
2023.04.24;111557.74;111557.74;111557.74;111564.46
2023.04.25;111564.46;111564.46;111478.49;111478.49
2023.04.26;111478.49;111478.49;111425.74;111425.74
2023.04.27;111425.74;111425.74;111425.74;113122.49
2023.04.28;113122.49;113122.49;113122.49;113308.30
2023.05.01;113308.30;113308.30;113290.23;113290.23
2023.05.02;113290.23;113290.23;113290.23;113932.78
2023.05.03;113932.78;113932.78;113629.84;113629.84
2023.05.04;113629.84;113629.84;113241.57;113241.57
2023.05.05;113241.57;113241.57;113241.57;114278.43
2023.05.08;114278.43;114278.43;114123.74;114123.74
2023.05.09;114123.74;114123.74;114062.34;114062.34
2023.05.10;114062.34;114062.34;113737.88;113737.88
2023.05.11;113737.88;113737.88;113311.85;113311.85
2023.05.12;113311.85;113311.85;113311.85;113365.49
2023.05.15;113365.49;113365.49;113203.05;113203.05
2023.05.16;113203.05;113203.05;113071.85;113071.85
2023.05.17;113071.85;113071.85;113071.85;113222.15
2023.05.18;113222.15;113222.15;113222.15;113297.36
2023.05.19;113297.36;113297.36;113297.36;113398.68
2023.05.22;113398.68;113398.68;113314.27;113314.27
2023.05.23;113314.27;113314.27;113131.90;113131.90
2023.05.24;113131.90;113131.90;113052.97;113052.97
2023.05.25;113052.97;113052.97;112472.10;112472.10
2023.05.26;112472.10;112472.10;112472.10;113215.47
2023.05.29;113215.47;113215.47;113215.47;113295.29
2023.05.30;113295.29;113295.29;113295.29;113491.44
2023.05.31;113491.44;113491.44;112707.00;112707.00
2023.06.01;112707.00;112707.00;112707.00;113381.24
2023.06.02;113381.24;113381.24;113381.24;114111.35
2023.06.05;114111.35;114111.35;113968.67;113968.67
2023.06.06;113968.67;113968.67;113968.67;113973.13
2023.06.07;113973.13;113973.13;113973.13;114329.17
2023.06.08;114329.17;114329.17;114329.17;114620.04
2023.06.09;114620.04;114620.04;114440.14;114440.14
2023.06.12;114440.14;114440.14;114362.01;114362.01
2023.06.13;114362.01;114362.01;114210.69;114210.69
2023.06.14;114210.69;114210.69;114160.13;114160.13
2023.06.15;114160.13;114160.13;114160.13;114654.93
2023.06.16;114654.93;114654.93;114654.93;114691.48
2023.06.19;114691.48;114691.48;114691.48;114707.41
2023.06.20;114707.41;114707.41;114481.14;114481.14
2023.06.21;114481.14;114481.14;114417.99;114417.99
2023.06.22;114417.99;114417.99;114417.99;114509.77
2023.06.23;114509.77;114509.77;113886.39;113886.39
2023.06.26;113886.39;113886.39;113560.86;113560.86
2023.06.27;113560.86;113560.86;113560.86;113943.71
2023.06.28;113943.71;113943.71;113943.71;114126.82
2023.06.29;114126.82;114126.82;114126.82;114169.09
2023.06.30;114169.09;114169.09;114169.09;114357.27
2023.07.03;114357.27;114357.27;114223.63;114223.63
2023.07.04;114223.63;114223.63;114195.53;114195.53
2023.07.05;114195.53;114195.53;114195.53;114251.49
2023.07.06;114251.49;114251.49;114251.49;114464.44
2023.07.07;114464.44;114464.44;114168.86;114168.86
2023.07.10;114168.86;114168.86;114008.47;114008.47
2023.07.11;114008.47;114008.47;114008.47;114281.91
2023.07.12;114281.91;114281.91;114281.91;114535.08
2023.07.13;114535.08;114535.08;114535.08;114701.96
2023.07.14;114701.96;114701.96;114577.28;114577.28
2023.07.17;114577.28;114577.28;114571.22;114571.22
2023.07.18;114571.22;114571.22;114571.22;114860.86
2023.07.19;114860.86;114860.86;114803.98;114803.98
2023.07.20;114803.98;114803.98;114803.98;115217.60
2023.07.21;115217.60;115217.60;115205.49;115205.49
2023.07.24;115205.49;115205.49;115205.49;115338.01
2023.07.25;115338.01;115338.01;115232.90;115232.90
2023.07.26;115232.90;115232.90;115196.53;115196.53
2023.07.27;115196.53;115196.53;115196.53;115662.81
2023.07.28;115662.81;115662.81;115506.67;115506.67
2023.07.31;115506.67;115506.67;115359.92;115359.92
2023.08.01;115359.92;115359.92;115352.86;115352.86
2023.08.02;115352.86;115352.86;115352.86;115592.13
2023.08.03;115592.13;115592.13;115170.84;115170.84
2023.08.04;115170.84;115170.84;114555.76;114555.76
2023.08.07;114555.76;114555.76;114355.32;114355.32
2023.08.08;114355.32;114355.32;113520.48;113520.48
2023.08.09;113520.48;113520.48;113271.48;113271.48
2023.08.10;113271.48;113271.48;112931.95;112931.95
2023.08.11;112931.95;112931.95;112644.11;112644.11
2023.08.14;112644.11;112644.11;112644.11;112724.00
2023.08.15;112724.00;112724.00;112414.50;112414.50
2023.08.16;112414.50;112414.50;111981.44;111981.44
2023.08.17;111981.44;111981.44;111225.91;111225.91
2023.08.18;111225.91;111225.91;111225.91;111227.36
2023.08.21;111227.36;111227.36;110973.24;110973.24
2023.08.22;110973.24;110973.24;110973.24;110996.99
2023.08.23;110996.99;110996.99;110996.99;111604.72
2023.08.24;111604.72;111604.72;111604.72;111609.38
2023.08.25;111609.38;111609.38;111579.26;111579.26
2023.08.28;111579.26;111579.26;111430.35;111430.35
2023.08.29;111430.35;111430.35;111430.35;111853.11
2023.08.30;111853.11;111853.11;111595.40;111595.40
2023.08.31;111595.40;111595.40;111595.40;111604.90
2023.09.01;111604.90;111604.90;111534.11;111534.11
2023.09.04;111534.11;111534.11;111455.18;111455.18
2023.09.05;111455.18;111455.18;111455.18;111491.48
2023.09.06;111491.48;111491.48;111371.92;111371.92
2023.09.07;111371.92;111371.92;111371.92;111511.89
2023.09.08;111511.89;111511.89;111416.44;111416.44
2023.09.11;111416.44;111416.44;111175.84;111175.84
2023.09.12;111175.84;111175.84;111135.30;111135.30
2023.09.13;111135.30;111135.30;110917.11;110917.11
2023.09.14;110917.11;110917.11;110917.11;110979.85
2023.09.15;110979.85;110979.85;110979.85;111198.26
2023.09.18;111198.26;111198.26;111146.52;111146.52
2023.09.19;111146.52;111146.52;110983.34;110983.34
2023.09.20;110983.34;110983.34;110983.34;111113.95
2023.09.21;111113.95;111113.95;110207.82;110207.82
2023.09.22;110207.82;110207.82;110053.07;110053.07
2023.09.25;110053.07;110053.07;110053.07;110103.72
2023.09.26;110103.72;110103.72;109323.97;109323.97
2023.09.27;109323.97;109323.97;109289.70;109289.70
2023.09.28;109289.70;109289.70;109289.70;109786.85
2023.09.29;109786.85;109786.85;109778.97;109778.97
2023.10.02;109778.97;109778.97;109778.97;110051.46
2023.10.03;110051.46;110051.46;109607.58;109607.58
2023.10.04;109607.58;109607.58;109534.68;109534.68
2023.10.05;109534.68;109534.68;109299.17;109299.17
2023.10.06;109299.17;109299.17;109299.17;109815.25
2023.10.09;109815.25;109815.25;109815.25;109815.86
2023.10.10;109815.86;109815.86;109815.86;110021.92
2023.10.11;110021.92;110021.92;109950.37;109950.37
2023.10.12;109950.37;109950.37;109906.55;109906.55
2023.10.13;109906.55;109906.55;109906.55;110329.88
2023.10.16;110329.88;110329.88;110202.79;110202.79
2023.10.17;110202.79;110202.79;110202.79;110287.34
2023.10.18;110287.34;110287.34;110114.69;110114.69
2023.10.19;110114.69;110114.69;109882.59;109882.59
2023.10.20;109882.59;109882.59;109483.82;109483.82
2023.10.23;109483.82;109483.82;109483.82;109486.27
2023.10.24;109486.27;109486.27;109486.27;109617.13
2023.10.25;109617.13;109617.13;108878.21;108878.21
2023.10.26;108878.21;108878.21;108318.41;108318.41
2023.10.27;108318.41;108318.41;108151.48;108151.48
2023.10.30;108151.48;108151.48;107853.72;107853.72
2023.10.31;107853.72;107853.72;107853.72;107875.82
2023.11.01;107875.82;107875.82;107875.82;108397.66
2023.11.02;108397.66;108397.66;108397.66;108573.61
2023.11.03;108573.61;108573.61;108500.93;108500.93
2023.11.06;108500.93;108500.93;108459.31;108459.31
2023.11.07;108459.31;108459.31;108459.31;108492.50
2023.11.08;108492.50;108492.50;108492.50;108597.23
2023.11.09;108597.23;108597.23;108597.23;108885.08
2023.11.10;108885.08;108885.08;108809.27;108809.27
2023.11.13;108809.27;108809.27;108809.27;108827.84
2023.11.14;108827.84;108827.84;108827.84;109137.95
2023.11.15;109137.95;109137.95;109047.05;109047.05
2023.11.16;109047.05;109047.05;108873.22;108873.22
2023.11.17;108873.22;108873.22;108873.22;108926.00
2023.11.20;108926.00;108926.00;108926.00;109085.50
2023.11.21;109085.50;109085.50;109026.53;109026.53
2023.11.22;109026.53;109026.53;109026.53;109049.32
2023.11.23;109049.32;109049.32;109022.88;109022.88
2023.11.24;109022.88;109022.88;108966.11;108966.11
2023.11.27;108966.11;108966.11;108847.14;108847.14
2023.11.28;108847.14;108847.14;108847.14;108919.03
2023.11.29;108919.03;108919.03;108919.03;109034.72
2023.11.30;109034.72;109034.72;108993.81;108993.81
2023.12.01;108993.81;108993.81;108993.81;109196.98
2023.12.04;109196.98;109196.98;108998.74;108998.74
2023.12.05;108998.74;108998.74;108881.81;108881.81
2023.12.06;108881.81;108881.81;108881.81;109036.26
2023.12.07;109036.26;109036.26;109036.26;109038.25
2023.12.08;109038.25;109038.25;109038.25;109098.50
2023.12.11;109098.50;109098.50;109098.50;109152.12
2023.12.12;109152.12;109152.12;109152.12;109239.73
2023.12.13;109239.73;109239.73;109239.73;109762.15
2023.12.14;109762.15;109762.15;109762.15;109866.03
2023.12.15;109866.03;109866.03;109866.03;109867.81
2023.12.18;109867.81;109867.81;109867.81;109890.79
2023.12.19;109890.79;109890.79;109890.79;109977.31
2023.12.20;109977.31;109977.31;109856.46;109856.46
2023.12.21;109856.46;109856.46;109650.34;109650.34
2023.12.22;109650.34;109650.34;109581.91;109581.91
2023.12.26;109581.91;109581.91;109581.91;109681.84
2023.12.27;109681.84;109681.84;109681.84;109694.61
2023.12.28;109694.61;109694.61;109694.61;109698.64
2023.12.29;109698.64;109698.64;109670.08;109670.08
2024.01.02;109670.08;109670.08;109643.97;109643.97
2024.01.03;109643.97;109643.97;109533.87;109533.87
2024.01.04;109533.87;109533.87;109250.97;109250.97
2024.01.05;109250.97;109250.97;109051.77;109051.77
2024.01.08;109051.77;109051.77;109051.77;109275.05
2024.01.09;109275.05;109275.05;109275.05;109442.17
2024.01.10;109442.17;109442.17;109254.53;109254.53
2024.01.11;109254.53;109254.53;109116.56;109116.56
2024.01.12;109116.56;109116.56;109116.56;109322.72
2024.01.15;109322.72;109322.72;109322.72;109414.18
2024.01.16;109414.18;109414.18;109260.00;109260.00
2024.01.17;109260.00;109260.00;108694.27;108694.27
2024.01.18;108694.27;108694.27;108694.27;109452.09
2024.01.19;109452.09;109452.09;109452.09;110077.30
2024.01.22;110077.30;110077.30;109938.42;109938.42
2024.01.23;109938.42;109938.42;109938.42;110067.22
2024.01.24;110067.22;110067.22;110028.00;110028.00
2024.01.25;110028.00;110028.00;109854.71;109854.71
2024.01.26;109854.71;109854.71;109854.71;109937.32
2024.01.29;109937.32;109937.32;109761.34;109761.34
2024.01.30;109761.34;109761.34;109761.34;109790.14
2024.01.31;109790.14;109790.14;109680.35;109680.35
2024.02.01;109680.35;109680.35;109464.02;109464.02
2024.02.02;109464.02;109464.02;109464.02;109664.78
2024.02.05;109664.78;109664.78;109570.81;109570.81
2024.02.06;109570.81;109570.81;109470.47;109470.47
2024.02.07;109470.47;109470.47;109470.47;109631.80
2024.02.08;109631.80;109631.80;109530.21;109530.21
2024.02.09;109530.21;109530.21;109530.21;109550.85
2024.02.12;109550.85;109550.85;109463.44;109463.44
2024.02.13;109463.44;109463.44;109171.90;109171.90
2024.02.14;109171.90;109171.90;109000.69;109000.69
2024.02.15;109000.69;109000.69;109000.69;109046.33
2024.02.16;109046.33;109046.33;109046.33;109140.32
2024.02.19;109140.32;109140.32;109140.32;109153.86
2024.02.20;109153.86;109153.86;109015.52;109015.52
2024.02.21;109015.52;109015.52;108868.92;108868.92
2024.02.22;108868.92;108868.92;108868.92;108895.02
2024.02.23;108895.02;108895.02;108895.02;108901.90
2024.02.26;108901.90;108901.90;108887.11;108887.11
2024.02.27;108887.11;108887.11;108827.54;108827.54
2024.02.28;108827.54;108827.54;108827.54;108857.33
2024.02.29;108857.33;108857.33;108857.33;108940.75
2024.03.01;108940.75;108940.75;108940.75;109242.38
2024.03.04;109242.38;109242.38;109242.38;109253.52
2024.03.05;109253.52;109253.52;109152.97;109152.97
2024.03.06;109152.97;109152.97;109117.93;109117.93
2024.03.07;109117.93;109117.93;109117.93;109317.10
2024.03.08;109317.10;109317.10;109138.22;109138.22
2024.03.11;109138.22;109138.22;108893.34;108893.34
2024.03.12;108893.34;108893.34;108893.34;109073.74
2024.03.13;109073.74;109073.74;108960.82;108960.82
2024.03.14;108960.82;108960.82;108806.63;108806.63
2024.03.15;108806.63;108806.63;108727.09;108727.09
2024.03.18;108727.09;108727.09;108562.90;108562.90
2024.03.19;108562.90;108562.90;108562.90;108744.80
2024.03.20;108744.80;108744.80;108744.80;109046.09
2024.03.21;109046.09;109046.09;109046.09;109087.77
2024.03.22;109087.77;109087.77;109087.77;109222.07
2024.03.25;109222.07;109222.07;109215.75;109215.75
2024.03.26;109215.75;109215.75;109215.75;109254.84
2024.03.27;109254.84;109254.84;109166.11;109166.11
2024.03.28;109166.11;109166.11;109092.28;109092.28
2024.03.29;109092.28;109092.28;109092.28;109106.21
2024.04.01;109106.21;109106.21;109106.21;109165.53
2024.04.02;109165.53;109165.53;108961.37;108961.37
2024.04.03;108961.37;108961.37;108961.37;109087.11
2024.04.04;109087.11;109087.11;109087.11;109505.05
2024.04.05;109505.05;109505.05;109505.05;110364.63
2024.04.08;110364.63;110364.63;110263.37;110263.37
2024.04.09;110263.37;110263.37;110263.37;110325.55
2024.04.10;110325.55;110325.55;109872.10;109872.10
2024.04.11;109872.10;109872.10;109750.98;109750.98
2024.04.12;109750.98;109750.98;109607.37;109607.37
2024.04.15;109607.37;109607.37;109607.37;110031.17
2024.04.16;110031.17;110031.17;109539.95;109539.95
2024.04.17;109539.95;109539.95;109539.95;109736.42
2024.04.18;109736.42;109736.42;109338.41;109338.41
2024.04.19;109338.41;109338.41;109142.57;109142.57
2024.04.22;109142.57;109142.57;108897.58;108897.58
2024.04.23;108897.58;108897.58;108897.58;109625.07
2024.04.24;109625.07;109625.07;109528.69;109528.69
2024.04.25;109528.69;109528.69;109528.69;109708.45
2024.04.26;109708.45;109708.45;109708.45;109767.43
2024.04.29;109767.43;109767.43;109635.60;109635.60
2024.04.30;109635.60;109635.60;109344.55;109344.55
2024.05.01;109344.55;109344.55;109344.55;109509.64
2024.05.02;109509.64;109509.64;109161.97;109161.97
2024.05.03;109161.97;109161.97;109029.15;109029.15
2024.05.06;109029.15;109029.15;109029.15;109066.18
2024.05.07;109066.18;109066.18;108905.93;108905.93
2024.05.08;108905.93;108905.93;108882.72;108882.72
2024.05.09;108882.72;108882.72;108882.72;109168.62
2024.05.10;109168.62;109168.62;109134.08;109134.08
2024.05.13;109134.08;109134.08;109134.08;109166.67
2024.05.14;109166.67;109166.67;109166.67;109175.96
2024.05.15;109175.96;109175.96;109175.96;109403.67
2024.05.16;109403.67;109403.67;109335.99;109335.99
2024.05.17;109335.99;109335.99;109335.99;109345.05
2024.05.20;109345.05;109345.05;109299.01;109299.01
2024.05.21;109299.01;109299.01;109299.01;109328.62
2024.05.22;109328.62;109328.62;109328.62;109338.29
2024.05.23;109338.29;109338.29;109338.29;109601.44
2024.05.24;109601.44;109601.44;109601.44;110038.18
2024.05.27;110038.18;110038.18;110038.18;110048.83
2024.05.28;110048.83;110048.83;109900.67;109900.67
2024.05.29;109900.67;109900.67;109220.22;109220.22
2024.05.30;109220.22;109220.22;109220.22;109472.38
2024.05.31;109472.38;109472.38;109472.38;110050.32
2024.06.03;110050.32;110050.32;110050.32;110082.65
2024.06.04;110082.65;110082.65;110082.65;110102.24
2024.06.05;110102.24;110102.24;109881.18;109881.18
2024.06.06;109881.18;109881.18;109746.12;109746.12
2024.06.07;109746.12;109746.12;109746.12;109803.35
2024.06.10;109803.35;109803.35;109803.35;109869.82
2024.06.11;109869.82;109869.82;109869.82;110230.88
2024.06.12;110230.88;110230.88;110230.88;110710.52
2024.06.13;110710.52;110710.52;110710.52;110807.83
2024.06.14;110807.83;110807.83;110807.83;110809.78
2024.06.17;110809.78;110809.78;110809.78;111024.59
2024.06.18;111024.59;111024.59;110937.15;110937.15
2024.06.19;110937.15;110937.15;110937.15;110969.92
2024.06.20;110969.92;110969.92;110969.92;111281.96
2024.06.21;111281.96;111281.96;111281.96;111320.56
2024.06.24;111320.56;111320.56;111252.39;111252.39
2024.06.25;111252.39;111252.39;111252.39;111610.51
2024.06.26;111610.51;111610.51;111447.18;111447.18
2024.06.27;111447.18;111447.18;111447.18;111490.30
2024.06.28;111490.30;111490.30;111297.25;111297.25
2024.07.01;111297.25;111297.25;111191.92;111191.92
2024.07.02;111191.92;111191.92;111191.92;111207.18
2024.07.03;111207.18;111207.18;111207.18;111389.84
2024.07.04;111389.84;111389.84;111389.84;111402.71
2024.07.05;111402.71;111402.71;111328.82;111328.82
2024.07.08;111328.82;111328.82;111264.90;111264.90
2024.07.09;111264.90;111264.90;111076.09;111076.09
2024.07.10;111076.09;111076.09;111076.09;111209.61
2024.07.11;111209.61;111209.61;111209.61;111391.30
2024.07.12;111391.30;111391.30;111391.30;111402.04
2024.07.15;111402.04;111402.04;111242.25;111242.25
2024.07.16;111242.25;111242.25;111242.25;111308.85
2024.07.17;111308.85;111308.85;111308.85;111422.11
2024.07.18;111422.11;111422.11;111250.80;111250.80
2024.07.19;111250.80;111250.80;110894.11;110894.11
2024.07.22;110894.11;110894.11;110620.65;110620.65
2024.07.23;110620.65;110620.65;110574.90;110574.90
2024.07.24;110574.90;110574.90;109626.39;109626.39
2024.07.25;109626.39;109626.39;108894.40;108894.40
2024.07.26;108894.40;108894.40;108894.40;110014.98
2024.07.29;110014.98;110014.98;109968.22;109968.22
2024.07.30;109968.22;109968.22;109737.82;109737.82
2024.07.31;109737.82;109737.82;109737.82;110897.11
2024.08.01;110897.11;110897.11;110897.11;111796.39
2024.08.02;111796.39;111796.39;111764.23;111764.23
2024.08.05;111764.23;111764.23;111666.88;111666.88
2024.08.06;111666.88;111666.88;111573.14;111573.14
2024.08.07;111573.14;111573.14;111573.14;111828.62
2024.08.08;111828.62;111828.62;111828.62;114266.84
2024.08.09;114266.84;114266.84;114153.59;114153.59
2024.08.12;114153.59;114153.59;113989.68;113989.68
2024.08.13;113989.68;113989.68;113989.68;114069.44
2024.08.14;114069.44;114069.44;113883.60;113883.60
2024.08.15;113883.60;113883.60;113883.60;113955.92
2024.08.16;113955.92;113955.92;113955.92;114000.97
2024.08.19;114000.97;114000.97;113941.65;113941.65
2024.08.20;113941.65;113941.65;113941.65;113985.68
2024.08.21;113985.68;113985.68;113844.94;113844.94
2024.08.22;113844.94;113844.94;113844.94;114166.40
2024.08.23;114166.40;114166.40;114071.59;114071.59
2024.08.26;114071.59;114071.59;114071.59;114088.69
2024.08.27;114088.69;114088.69;114088.69;114150.99
2024.08.28;114150.99;114150.99;114150.99;114238.92
2024.08.29;114238.92;114238.92;114145.51;114145.51
2024.08.30;114145.51;114145.51;114084.81;114084.81
2024.09.02;114084.81;114084.81;114005.45;114005.45
2024.09.03;114005.45;114005.45;114005.45;114339.25
2024.09.04;114339.25;114339.25;114133.15;114133.15
2024.09.05;114133.15;114133.15;113869.83;113869.83
2024.09.06;113869.83;113869.83;112182.82;112182.82
2024.09.09;112182.82;112182.82;112054.38;112054.38
2024.09.10;112054.38;112054.38;111602.37;111602.37
2024.09.11;111602.37;111602.37;111602.37;112264.73
2024.09.12;112264.73;112264.73;112264.73;112564.58
2024.09.13;112564.58;112564.58;112564.58;112600.86
2024.09.16;112600.86;112600.86;112433.89;112433.89
2024.09.17;112433.89;112433.89;112201.02;112201.02
2024.09.18;112201.02;112201.02;112050.52;112050.52
2024.09.19;112050.52;112050.52;111926.50;111926.50
2024.09.20;111926.50;111926.50;111925.68;111925.68
2024.09.23;111925.68;111925.68;111764.19;111764.19
2024.09.24;111764.19;111764.19;111764.19;111774.59
2024.09.25;111774.59;111774.59;111709.45;111709.45
2024.09.26;111709.45;111709.45;111709.45;111805.47
2024.09.27;111805.47;111805.47;111805.47;112019.85
2024.09.30;112019.85;112019.85;111939.70;111939.70
2024.10.01;111939.70;111939.70;111804.15;111804.15
2024.10.02;111804.15;111804.15;111747.52;111747.52
2024.10.03;111747.52;111747.52;111465.59;111465.59
2024.10.04;111465.59;111465.59;111449.66;111449.66
2024.10.07;111449.66;111449.66;111193.04;111193.04
2024.10.08;111193.04;111193.04;111193.04;111473.22
2024.10.09;111473.22;111473.22;111473.22;111910.84
2024.10.10;111910.84;111910.84;111910.84;111970.72
2024.10.11;111970.72;111970.72;111970.72;112351.37
2024.10.14;112351.37;112351.37;112291.08;112291.08
2024.10.15;112291.08;112291.08;112291.08;112562.36
2024.10.16;112562.36;112562.36;112523.08;112523.08
2024.10.17;112523.08;112523.08;112523.08;112623.06
2024.10.18;112623.06;112623.06;112623.06;112643.80
2024.10.21;112643.80;112643.80;112633.31;112633.31
2024.10.22;112633.31;112633.31;112562.48;112562.48
2024.10.23;112562.48;112562.48;112562.48;112576.76
2024.10.24;112576.76;112576.76;112427.86;112427.86
2024.10.25;112427.86;112427.86;111976.43;111976.43
2024.10.28;111976.43;111976.43;111875.07;111875.07
2024.10.29;111875.07;111875.07;111841.45;111841.45
2024.10.30;111841.45;111841.45;111415.20;111415.20
2024.10.31;111415.20;111415.20;111229.52;111229.52
2024.11.01;111229.52;111229.52;111229.52;111773.55
2024.11.04;111773.55;111773.55;111617.09;111617.09
2024.11.05;111617.09;111617.09;111617.09;112435.96
2024.11.06;112435.96;112435.96;112316.31;112316.31
2024.11.07;112316.31;112316.31;112316.31;112808.72
2024.11.08;112808.72;112808.72;112791.47;112791.47
2024.11.11;112791.47;112791.47;112730.01;112730.01
2024.11.12;112730.01;112730.01;112730.01;112745.42
2024.11.13;112745.42;112745.42;112505.66;112505.66
2024.11.14;112505.66;112505.66;112505.66;112657.35
2024.11.15;112657.35;112657.35;112302.02;112302.02
2024.11.18;112302.02;112302.02;112302.02;112306.90
2024.11.19;112306.90;112306.90;112306.90;112718.54
2024.11.20;112718.54;112718.54;112718.54;112743.97
2024.11.21;112743.97;112743.97;112743.97;112786.84
2024.11.22;112786.84;112786.84;112753.40;112753.40
2024.11.25;112753.40;112753.40;112753.40;112789.01
2024.11.26;112789.01;112789.01;112616.55;112616.55
2024.11.27;112616.55;112616.55;112616.55;112701.54
2024.11.28;112701.54;112701.54;112700.73;112700.73
2024.11.29;112700.73;112700.73;112646.48;112646.48
2024.12.02;112646.48;112646.48;112646.48;112760.82
2024.12.03;112760.82;112760.82;112760.82;112804.96
2024.12.04;112804.96;112804.96;112777.51;112777.51
2024.12.05;112777.51;112777.51;112736.76;112736.76
2024.12.06;112736.76;112736.76;112719.83;112719.83
2024.12.09;112719.83;112719.83;112719.83;112834.76
2024.12.10;112834.76;112834.76;112738.94;112738.94
2024.12.11;112738.94;112738.94;112738.94;112849.18
2024.12.12;112849.18;112849.18;112715.70;112715.70
2024.12.13;112715.70;112715.70;112670.81;112670.81
2024.12.16;112670.81;112670.81;112670.81;112744.05
2024.12.17;112744.05;112744.05;112465.63;112465.63
2024.12.18;112465.63;112465.63;111278.31;111278.31
2024.12.19;111278.31;111278.31;111278.31;111443.56
2024.12.20;111443.56;111443.56;111443.56;112080.50
2024.12.23;112080.50;112080.50;111809.36;111809.36
2024.12.24;111809.36;111809.36;111809.36;111934.81
2024.12.26;111934.81;111934.81;111934.81;112126.62
2024.12.27;112126.62;112126.62;112126.62;112174.89
2024.12.30;112174.89;112174.89;111891.02;111891.02
2024.12.31;111891.02;111891.02;111891.02;112021.82
2025.01.02;112021.82;112021.82;111874.32;111874.32
2025.01.03;111874.32;111874.32;111874.32;112417.14
2025.01.06;112417.14;112417.14;112392.41;112392.41
2025.01.07;112392.41;112392.41;112392.41;112872.88
2025.01.08;112872.88;112872.88;112629.06;112629.06
2025.01.09;112629.06;112629.06;112629.06;112680.87
2025.01.10;112680.87;112680.87;112680.87;112699.42
2025.01.13;112699.42;112699.42;112699.42;112827.34
2025.01.14;112827.34;112827.34;112827.34;112927.97
2025.01.15;112927.97;112927.97;112927.97;113803.08
2025.01.16;113803.08;113803.08;113791.92;113791.92
2025.01.17;113791.92;113791.92;113756.63;113756.63
2025.01.20;113756.63;113756.63;113723.10;113723.10
2025.01.21;113723.10;113723.10;113668.07;113668.07
2025.01.22;113668.07;113668.07;113577.96;113577.96
2025.01.23;113577.96;113577.96;113577.96;113793.46
2025.01.24;113793.46;113793.46;113793.46;113910.63
2025.01.27;113910.63;113910.63;113910.63;113913.41
2025.01.28;113913.41;113913.41;113913.41;114414.89
2025.01.29;114414.89;114414.89;114347.99;114347.99
2025.01.30;114347.99;114347.99;114347.99;114388.29
2025.01.31;114388.29;114388.29;114278.16;114278.16
2025.02.03;114278.16;114278.16;114091.93;114091.93
2025.02.04;114091.93;114091.93;114091.93;114160.14
2025.02.05;114160.14;114160.14;114160.14;114163.47
2025.02.06;114163.47;114163.47;114163.47;114198.91
2025.02.07;114198.91;114198.91;114198.91;114590.43
2025.02.10;114590.43;114590.43;114561.14;114561.14
2025.02.11;114561.14;114561.14;114561.14;114604.56
2025.02.12;114604.56;114604.56;114604.56;114632.89
2025.02.13;114632.89;114632.89;114632.89;114805.06
2025.02.14;114805.06;114805.06;114805.06;114887.08
2025.02.17;114887.08;114887.08;114887.08;115006.83
2025.02.18;115006.83;115006.83;114853.65;114853.65
2025.02.19;114853.65;114853.65;114826.38;114826.38
2025.02.20;114826.38;114826.38;114616.40;114616.40
2025.02.21;114616.40;114616.40;114500.72;114500.72
2025.02.24;114500.72;114500.72;114393.48;114393.48
2025.02.25;114393.48;114393.48;114393.48;114550.86
2025.02.26;114550.86;114550.86;114437.50;114437.50
2025.02.27;114437.50;114437.50;113599.88;113599.88
2025.02.28;113599.88;113599.88;113599.88;114318.47
2025.03.03;114318.47;114318.47;114318.47;114735.64
2025.03.04;114735.64;114735.64;114538.91;114538.91
2025.03.05;114538.91;114538.91;114538.91;114544.53
2025.03.06;114544.53;114544.53;113458.50;113458.50
2025.03.07;113458.50;113458.50;113318.68;113318.68
2025.03.10;113318.68;113318.68;113318.68;113886.33
2025.03.11;113886.33;113886.33;113257.11;113257.11
2025.03.12;113257.11;113257.11;113257.11;113783.96
2025.03.13;113783.96;113783.96;113031.94;113031.94
2025.03.14;113031.94;113031.94;113031.94;114715.41
2025.03.17;114715.41;114715.41;114701.68;114701.68
2025.03.18;114701.68;114701.68;114605.32;114605.32
2025.03.19;114605.32;114605.32;114605.32;114700.51
2025.03.20;114700.51;114700.51;114700.51;114747.19
2025.03.21;114747.19;114747.19;114621.71;114621.71
2025.03.24;114621.71;114621.71;114621.71;114834.94
2025.03.25;114834.94;114834.94;114834.94;114888.61
2025.03.26;114888.61;114888.61;114888.61;115181.78
2025.03.27;115181.78;115181.78;115139.20;115139.20
2025.03.28;115139.20;115139.20;115139.20;115477.05
2025.03.31;115477.05;115477.05;115477.05;115881.74
2025.04.01;115881.74;115881.74;115881.74;115888.03
2025.04.02;115888.03;115888.03;115557.21;115557.21
2025.04.03;115557.21;115557.21;115176.73;115176.73
2025.04.04;115176.73;115176.73;114656.91;114656.91
2025.04.07;114656.91;114656.91;114656.91;115301.20
2025.04.08;115301.20;115301.20;114504.28;114504.28
2025.04.09;114504.28;114504.28;114504.28;119819.11
2025.04.10;119819.11;119819.11;119819.11;120869.42
2025.04.11;120869.42;120869.42;120274.05;120274.05
2025.04.14;120274.05;120274.05;120274.05;120275.24
2025.04.15;120275.24;120275.24;120097.61;120097.61
2025.04.16;120097.61;120097.61;119740.91;119740.91
2025.04.17;119740.91;119740.91;119482.21;119482.21
2025.04.18;119482.21;119482.21;119482.21;119495.67
2025.04.21;119495.67;119495.67;119495.67;119715.15
2025.04.22;119715.15;119715.15;119715.15;120124.24
2025.04.23;120124.24;120124.24;119576.63;119576.63
2025.04.24;119576.63;119576.63;119576.63;119833.92
2025.04.25;119833.92;119833.92;119530.15;119530.15
2025.04.28;119530.15;119530.15;119530.15;119648.52
2025.04.29;119648.52;119648.52;119612.84;119612.84
2025.04.30;119612.84;119612.84;119612.84;119861.79
2025.05.01;119861.79;119861.79;119625.19;119625.19
2025.05.02;119625.19;119625.19;119625.19;119696.88
2025.05.05;119696.88;119696.88;119696.88;119727.23
2025.05.06;119727.23;119727.23;119580.11;119580.11
2025.05.07;119580.11;119580.11;119459.09;119459.09
2025.05.08;119459.09;119459.09;119359.25;119359.25
2025.05.09;119359.25;119359.25;119359.25;119381.20
2025.05.12;119381.20;119381.20;119182.77;119182.77
2025.05.13;119182.77;119182.77;119103.65;119103.65
2025.05.14;119103.65;119103.65;119103.65;119121.45
2025.05.15;119121.45;119121.45;119121.45;119751.85
2025.05.16;119751.85;119751.85;119673.93;119673.93
2025.05.19;119673.93;119673.93;119673.93;119783.19
2025.05.20;119783.19;119783.19;119719.13;119719.13
2025.05.21;119719.13;119719.13;119472.29;119472.29
2025.05.22;119472.29;119472.29;119283.52;119283.52
2025.05.23;119283.52;119283.52;119155.01;119155.01
2025.05.26;119155.01;119155.01;119155.01;119166.88
2025.05.27;119166.88;119166.88;119166.88;119626.59
2025.05.28;119626.59;119626.59;119626.59;119689.47
2025.05.29;119689.47;119689.47;119689.47;119714.23
2025.05.30;119714.23;119714.23;119423.38;119423.38
2025.06.02;119423.38;119423.38;119049.49;119049.49
2025.06.03;119049.49;119049.49;119000.98;119000.98
2025.06.04;119000.98;119000.98;118926.19;118926.19
2025.06.05;118926.19;118926.19;118709.78;118709.78
2025.06.06;118709.78;118709.78;118678.56;118678.56
2025.06.09;118678.56;118678.56;118617.78;118617.78
2025.06.10;118617.78;118617.78;118617.78;118636.26
2025.06.11;118636.26;118636.26;118459.21;118459.21
2025.06.12;118459.21;118459.21;118420.72;118420.72
2025.06.13;118420.72;118420.72;117788.06;117788.06
2025.06.16;117788.06;117788.06;117705.16;117705.16
2025.06.17;117705.16;117705.16;117302.33;117302.33
2025.06.18;117302.33;117302.33;117193.88;117193.88
2025.06.19;117193.88;117193.88;116860.56;116860.56
2025.06.20;116860.56;116860.56;116860.56;117226.85
2025.06.23;117226.85;117226.85;116840.81;116840.81
2025.06.24;116840.81;116840.81;116779.12;116779.12
2025.06.25;116779.12;116779.12;116760.04;116760.04
2025.06.26;116760.04;116760.04;116760.04;116989.08
2025.06.27;116989.08;116989.08;116555.30;116555.30
2025.06.30;116555.30;116555.30;116555.30;116603.27
2025.07.01;116603.27;116603.27;116603.27;116866.09
2025.07.02;116866.09;116866.09;116866.09;116882.82
2025.07.03;116882.82;116882.82;116841.40;116841.40
2025.07.04;116841.40;116841.40;116807.78;116807.78
2025.07.07;116807.78;116807.78;116807.78;117053.01
2025.07.08;117053.01;117053.01;117053.01;117086.86
2025.07.09;117086.86;117086.86;117086.86;117108.14
2025.07.10;117108.14;117108.14;117108.14;117174.77
2025.07.11;117174.77;117174.77;117174.77;117177.70
2025.07.14;117177.70;117177.70;117177.70;117274.25
2025.07.15;117274.25;117274.25;117274.25;117425.70
2025.07.16;117425.70;117425.70;117223.41;117223.41
2025.07.17;117223.41;117223.41;117223.41;117325.93
2025.07.18;117325.93;117325.93;117281.92;117281.92
2025.07.21;117281.92;117281.92;117142.87;117142.87
2025.07.22;117142.87;117142.87;117118.47;117118.47
2025.07.23;117118.47;117118.47;116990.34;116990.34
2025.07.24;116990.34;116990.34;116982.30;116982.30
2025.07.25;116982.30;116982.30;116908.51;116908.51
2025.07.28;116908.51;116908.51;116908.51;117144.78
2025.07.29;117144.78;117144.78;117144.78;117351.36
2025.07.30;117351.36;117351.36;116999.27;116999.27
2025.07.31;116999.27;116999.27;116999.27;117202.83
2025.08.01;117202.83;117202.83;117202.83;117456.16
2025.08.04;117456.16;117456.16;117456.16;117621.61
2025.08.05;117621.61;117621.61;117294.77;117294.77
2025.08.06;117294.77;117294.77;117294.77;117829.12
2025.08.07;117829.12;117829.12;117829.12;118268.67
2025.08.08;118268.67;118268.67;118268.67;118504.07
2025.08.11;118504.07;118504.07;118504.07;118529.35
2025.08.12;118529.35;118529.35;118529.35;118607.10
2025.08.13;118607.10;118607.10;118598.51;118598.51
2025.08.14;118598.51;118598.51;118598.51;118635.61
2025.08.15;118635.61;118635.61;118635.61;118743.55
2025.08.18;118743.55;118743.55;118622.75;118622.75
2025.08.19;118622.75;118622.75;118620.69;118620.69
2025.08.20;118620.69;118620.69;118424.52;118424.52
2025.08.21;118424.52;118424.52;118065.80;118065.80
2025.08.22;118065.80;118065.80;118065.80;119425.18
2025.08.25;119425.18;119425.18;119425.18;119448.12
2025.08.26;119448.12;119448.12;119448.12;119529.11
2025.08.27;119529.11;119529.11;119529.11;119680.50
2025.08.28;119680.50;119680.50;119680.50;119793.31
2025.08.29;119793.31;119793.31;119670.88;119670.88
2025.09.01;119670.88;119670.88;119621.06;119621.06
2025.09.02;119621.06;119621.06;119487.64;119487.64
2025.09.03;119487.64;119487.64;119429.92;119429.92
2025.09.04;119429.92;119429.92;119429.92;120020.30
2025.09.05;120020.30;120020.30;120020.30;120079.30
2025.09.08;120079.30;120079.30;119955.57;119955.57
2025.09.09;119955.57;119955.57;119854.97;119854.97
2025.09.10;119854.97;119854.97;119580.06;119580.06
2025.09.11;119580.06;119580.06;119580.06;119739.00
2025.09.12;119739.00;119739.00;119717.44;119717.44
2025.09.15;119717.44;119717.44;119717.44;119729.41
2025.09.16;119729.41;119729.41;119643.55;119643.55
2025.09.17;119643.55;119643.55;119417.25;119417.25
2025.09.18;119417.25;119417.25;119417.25;119674.84
2025.09.19;119674.84;119674.84;119561.83;119561.83
2025.09.22;119561.83;119561.83;119561.83;119800.46
2025.09.23;119800.46;119800.46;119793.67;119793.67
2025.09.24;119793.67;119793.67;119793.67;119857.28
2025.09.25;119857.28;119857.28;119759.66;119759.66
2025.09.26;119759.66;119759.66;119750.85;119750.85
2025.09.29;119750.85;119750.85;119544.75;119544.75
2025.09.30;119544.75;119544.75;119544.75;119562.51
2025.10.01;119562.51;119562.51;119562.51;119966.21
2025.10.02;119966.21;119966.21;119883.94;119883.94
2025.10.03;119883.94;119883.94;119883.94;119906.98
2025.10.06;119906.98;119906.98;119737.36;119737.36
2025.10.07;119737.36;119737.36;119737.36;119803.04
2025.10.08;119803.04;119803.04;119803.04;120042.94
2025.10.09;120042.94;120042.94;120042.94;120098.82
2025.10.10;120098.82;120098.82;120098.82;120585.30
2025.10.13;120585.30;120585.30;120540.27;120540.27
2025.10.14;120540.27;120540.27;120540.27;120664.73
2025.10.15;120664.73;120664.73;120664.73;120698.79
2025.10.16;120698.79;120698.79;120069.91;120069.91
2025.10.17;120069.91;120069.91;120069.91;120518.34
2025.10.20;120518.34;120518.34;120518.34;120624.42
2025.10.21;120624.42;120624.42;120624.42;120713.95
2025.10.22;120713.95;120713.95;120713.95;120844.57
2025.10.23;120844.57;120844.57;120691.12;120691.12
2025.10.24;120691.12;120691.12;120613.39;120613.39
2025.10.27;120613.39;120613.39;120613.39;120737.26
2025.10.28;120737.26;120737.26;120448.38;120448.38
2025.10.29;120448.38;120448.38;120307.60;120307.60
2025.10.30;120307.60;120307.60;120307.60;120597.70
2025.10.31;120597.70;120597.70;120597.70;120677.78
2025.11.03;120677.78;120677.78;120606.05;120606.05
2025.11.04;120606.05;120606.05;119916.86;119916.86
2025.11.05;119916.86;119916.86;119916.86;120336.50
2025.11.06;120336.50;120336.50;119873.89;119873.89
2025.11.07;119873.89;119873.89;119768.39;119768.39
2025.11.10;119768.39;119768.39;119583.64;119583.64
2025.11.11;119583.64;119583.64;119512.44;119512.44
2025.11.12;119512.44;119512.44;119512.44;119629.08
2025.11.13;119629.08;119629.08;119629.08;120110.60
2025.11.14;120110.60;120110.60;120110.60;120150.45
2025.11.17;120150.45;120150.45;120150.45;120563.45
2025.11.18;120563.45;120563.45;119169.86;119169.86
2025.11.19;119169.86;119169.86;119169.86;119382.91
2025.11.20;119382.91;119382.91;117297.01;117297.01
2025.11.21;117297.01;117297.01;117297.01;118267.19
2025.11.24;118267.19;118267.19;118267.19;118423.56
2025.11.25;118423.56;118423.56;118423.56;118802.44
2025.11.26;118802.44;118802.44;118585.78;118585.78
2025.11.27;118585.78;118585.78;118511.74;118511.74
2025.11.28;118511.74;118511.74;118450.76;118450.76
2025.12.01;118450.76;118450.76;118450.76;118480.86
2025.12.02;118480.86;118480.86;118385.70;118385.70
2025.12.03;118385.70;118385.70;118385.70;118482.06
2025.12.04;118482.06;118482.06;118238.70;118238.70
2025.12.05;118238.70;118238.70;118156.89;118156.89
2025.12.08;118156.89;118156.89;118156.89;118207.64
2025.12.09;118207.64;118207.64;118070.95;118070.95
2025.12.10;118070.95;118070.95;118070.95;118269.77
2025.12.11;118269.77;118269.77;118222.08;118222.08
2025.12.12;118222.08;118222.08;118222.08;118509.76
2025.12.15;118509.76;118509.76;118509.76;118751.94
2025.12.16;118751.94;118751.94;118530.88;118530.88
2025.12.17;118530.88;118530.88;118359.40;118359.40
2025.12.18;118359.40;118359.40;118359.40;118763.18
2025.12.19;118763.18;118763.18;118763.18;119487.83
2025.12.22;119487.83;119487.83;119379.29;119379.29
2025.12.23;119379.29;119379.29;119211.84;119211.84
2025.12.24;119211.84;119211.84;119198.74;119198.74
2025.12.26;119198.74;119198.74;119116.48;119116.48
2025.12.29;119116.48;119116.48;119056.04;119056.04
2025.12.30;119056.04;119056.04;119056.04;119228.84
2025.12.31;119228.84;119228.84;119228.84;119422.24
2026.01.02;119422.24;119422.24;119422.24;119523.88
2026.01.05;119523.88;119523.88;119465.09;119465.09
2026.01.06;119465.09;119465.09;119465.09;119835.76
2026.01.07;119835.76;119835.76;119833.79;119833.79
2026.01.08;119833.79;119833.79;119833.79;119876.41
2026.01.09;119876.41;119876.41;119771.98;119771.98
2026.01.12;119771.98;119771.98;119771.98;119897.71
2026.01.13;119897.71;119897.71;119897.71;119965.13
2026.01.14;119965.13;119965.13;119832.10;119832.10
2026.01.15;119832.10;119832.10;119832.10;119915.26
2026.01.16;119915.26;119915.26;119866.31;119866.31
2026.01.19;119866.31;119866.31;119723.83;119723.83
2026.01.20;119723.83;119723.83;118734.50;118734.50
2026.01.21;118734.50;118734.50;118734.50;119875.58
2026.01.22;119875.58;119875.58;119851.37;119851.37
2026.01.23;119851.37;119851.37;119851.37;119993.43
2026.01.26;119993.43;119993.43;119888.59;119888.59
2026.01.27;119888.59;119888.59;119753.75;119753.75
2026.01.28;119753.75;119753.75;119744.65;119744.65
2026.01.29;119744.65;119744.65;119744.65;119961.68
2026.01.30;119961.68;119961.68;119961.68;120456.71
2026.02.02;120456.71;120456.71;120456.71;120984.12
2026.02.03;120984.12;120984.12;120984.12;122513.38
2026.02.04;122513.38;122513.38;122513.38;122877.43
2026.02.05;122877.43;122877.43;121898.57;121898.57
2026.02.06;121898.57;121898.57;121898.57;124291.94
2026.02.09;124291.94;124291.94;124291.94;124441.64
2026.02.10;124441.64;124441.64;124224.57;124224.57
2026.02.11;124224.57;124224.57;124204.46;124204.46
2026.02.12;124204.46;124204.46;124204.46;124781.78
2026.02.13;124781.78;124781.78;124730.41;124730.41
2026.02.16;124730.41;124730.41;124730.41;124807.12
2026.02.17;124807.12;124807.12;124255.75;124255.75
2026.02.18;124255.75;124255.75;124255.75;124429.25
2026.02.19;124429.25;124429.25;124293.19;124293.19
2026.02.20;124293.19;124293.19;124293.19;124563.33
2026.02.23;124563.33;124563.33;124563.33;124817.48
2026.02.24;124817.48;124817.48;124810.43;124810.43
2026.02.25;124810.43;124810.43;124767.48;124767.48
2026.02.26;124767.48;124767.48;124767.48;124828.68
2026.02.27;124828.68;124828.68;124828.68;124870.45
2026.03.02;124870.45;124870.45;124870.45;124898.21
2026.03.03;124898.21;124898.21;124058.79;124058.79
2026.03.04;124058.79;124058.79;124058.79;124678.41
2026.03.05;124678.41;124678.41;123047.05;123047.05
2026.03.06;123047.05;123047.05;122401.91;122401.91
2026.03.09;122401.91;122401.91;122401.91;122544.59
2026.03.10;122544.59;122544.59;122337.78;122337.78
2026.03.11;122337.78;122337.78;121755.34;121755.34
2026.03.12;121755.34;121755.34;121244.34;121244.34
2026.03.13;121244.34;121244.34;121186.79;121186.79
2026.03.16;121186.79;121186.79;120848.29;120848.29
2026.03.17;120848.29;120848.29;120848.29;121204.63
2026.03.18;121204.63;121204.63;119758.40;119758.40
2026.03.19;119758.40;119758.40;119128.73;119128.73
2026.03.20;119128.73;119128.73;118486.17;118486.17
2026.03.23;118486.17;118486.17;117871.45;117871.45
2026.03.24;117871.45;117871.45;117871.45;118330.76
2026.03.25;118330.76;118330.76;118330.76;118482.72
2026.03.26;118482.72;118482.72;117289.19;117289.19
2026.03.27;117289.19;117289.19;117289.19;117727.36
2026.03.30;117727.36;117727.36;117727.36;117910.37
2026.03.31;117910.37;117910.37;117910.37;119315.22
2026.04.01;119315.22;119315.22;119083.91;119083.91
2026.04.02;119083.91;119083.91;119083.91;119573.00
2026.04.03;119573.00;119573.00;119565.07;119565.07
2026.04.06;119565.07;119565.07;119401.28;119401.28
2026.04.07;119401.28;119401.28;119013.87;119013.87
2026.04.08;119013.87;119013.87;118834.30;118834.30
2026.04.09;118834.30;118834.30;118820.21;118820.21
2026.04.10;118820.21;118820.21;118653.38;118653.38
2026.04.13;118653.38;118653.38;118653.38;118841.68
2026.04.14;118841.68;118841.68;118841.68;119102.38
2026.04.15;119102.38;119102.38;119102.38;119180.10
2026.04.16;119180.10;119180.10;119091.83;119091.83
2026.04.17;119091.83;119091.83;119091.83;119342.38
2026.04.20;119342.38;119342.38;119199.63;119199.63
2026.04.21;119199.63;119199.63;119199.63;119419.35
2026.04.22;119419.35;119419.35;119419.35;119514.69
2026.04.23;119514.69;119514.69;119330.61;119330.61
2026.04.24;119330.61;119330.61;119282.14;119282.14
2026.04.27;119282.14;119282.14;119171.01;119171.01
2026.04.28;119171.01;119171.01;118917.28;118917.28
2026.04.29;118917.28;118917.28;118541.11;118541.11
2026.04.30;118541.11;118541.11;118541.11;120064.01
2026.05.01;120064.01;120064.01;119848.14;119848.14
2026.05.04;119848.14;119848.14;119659.89;119659.89
2026.05.05;119659.89;119659.89;119659.89;120001.20
2026.05.06;120001.20;120001.20;120001.20;120908.16
2026.05.07;120908.16;120908.16;120908.16;120915.27
2026.05.08;120915.27;120915.27;120915.27;120933.82
2026.05.11;120933.82;120933.82;120766.99;120766.99
2026.05.12;120766.99;120766.99;120673.16;120673.16
2026.05.13;120673.16;120673.16;120673.16;120735.50
2026.05.14;120735.50;120735.50;120671.89;120671.89
2026.05.15;120671.89;120671.89;120254.95;120254.95
2026.05.18;120254.95;120254.95;120254.95;120477.88
2026.05.19;120477.88;120477.88;119698.11;119698.11
2026.05.20;119698.11;119698.11;119698.11;120036.49
2026.05.21;120036.49;120036.49;119912.92;119912.92
2026.05.22;119912.92;119912.92;119442.94;119442.94
2026.05.25;119442.94;119442.94;119442.94;119536.59
2026.05.26;119536.59;119536.59;119536.59;119556.95
2026.05.27;119556.95;119556.95;119444.92;119444.92
2026.05.28;119444.92;119444.92;119444.92;119683.16
2026.05.29;119683.16;119683.16;119531.05;119531.05
2026.06.01;119531.05;119531.05;119310.06;119310.06
2026.06.02;119310.06;119310.06;119310.06;119486.15
2026.06.03;119486.15;119486.15;119345.47;119345.47
2026.06.04;119345.47;119345.47;119345.47;119722.39
2026.06.05;119722.39;119722.39;119722.39;119971.83
2026.06.08;119971.83;119971.83;119847.25;119847.25
2026.06.09;119847.25;119847.25;119801.01;119801.01
2026.06.10;119801.01;119801.01;118226.25;118226.25
2026.06.11;118226.25;118226.25;118226.25;120423.08
2026.06.12;120423.08;120423.08;120423.08;120969.39
2026.06.15;120969.39;120969.39;120969.39;121068.98
2026.06.16;121068.98;121068.98;121068.98;121218.21
2026.06.17;121218.21;121218.21;120960.80;120960.80
2026.06.18;120960.80;120960.80;120960.80;121108.49
2026.06.19;121108.49;121108.49;121058.52;121058.52
2026.06.22;121058.52;121058.52;120743.63;120743.63
2026.06.23;120743.63;120743.63;120539.63;120539.63
2026.06.24;120539.63;120539.63;120539.63;120722.71
2026.06.25;120722.71;120722.71;120311.88;120311.88
2026.06.26;120311.88;120311.88;119683.14;119683.14
2026.06.29;119683.14;119683.14;119440.58;119440.58
2026.06.30;119440.58;119440.58;119440.58;119801.17
2026.07.01;119801.17;119801.17;119409.57;119409.57
2026.07.02;119409.57;119409.57;119409.57;119699.08
2026.07.03;119699.08;119699.08;119656.71;119656.71
2026.07.06;119656.71;119656.71;119452.03;119452.03
2026.07.07;119452.03;119452.03;119452.03;119574.85
2026.07.08;119574.85;119574.85;119574.85;119634.74
2026.07.09;119634.74;119634.74;119380.21;119380.21
2026.07.10;119380.21;119380.21;119241.14;119241.14
2026.07.13;119241.14;119241.14;119161.92;119161.92
2026.07.14;119161.92;119161.92;119072.55;119072.55
2026.07.15;119072.55;119072.55;118901.96;118901.96
2026.07.16;118901.96;118901.96;118860.25;118860.25
2026.07.17;118860.25;118860.25;118686.38;118686.38
2026.07.20;118686.38;118686.38;118686.38;118780.22
2026.07.21;118780.22;118780.22;118780.22;119709.51
2026.07.22;119709.51;119709.51;119709.51;119709.53
2026.07.23;119709.53;119709.53;119367.05;119367.05
2026.07.24;119367.05;119367.05;119306.19;119306.19
2026.07.27;119306.19;119306.19;119306.19;119346.19
2026.07.28;119346.19;119346.19;119022.87;119022.87
2026.07.29;119022.87;119022.87;118294.31;118294.31
2026.07.30;118294.31;118294.31;118294.31;119528.20
2026.07.31;119528.20;119528.20;119173.24;119173.24
2026.08.03;119173.24;119173.24;119173.24;119325.82
2026.08.04;119325.82;119325.82;119325.82;119500.35
2026.08.05;119500.35;119500.35;119500.35;119771.54
2026.08.06;119771.54;119771.54;119618.64;119618.64
2026.08.07;119618.64;119618.64;119589.06;119589.06
2026.08.10;119589.06;119589.06;119589.06;119597.43
2026.08.11;119597.43;119597.43;119597.43;119637.95
2026.08.12;119637.95;119637.95;119504.54;119504.54
2026.08.13;119504.54;119504.54;119504.54;119623.94
2026.08.14;119623.94;119623.94;119623.94;119628.47
2026.08.17;119628.47;119628.47;119628.47;119690.10
2026.08.18;119690.10;119690.10;119670.60;119670.60
2026.08.19;119670.60;119670.60;119670.60;119754.39
2026.08.20;119754.39;119754.39;119096.48;119096.48
2026.08.21;119096.48;119096.48;119096.48;119612.26
2026.08.24;119612.26;119612.26;119526.80;119526.80
2026.08.25;119526.80;119526.80;119526.80;119910.00
2026.08.26;119910.00;119910.00;119752.34;119752.34
2026.08.27;119752.34;119752.34;119752.34;120031.33
2026.08.28;120031.33;120031.33;119850.95;119850.95
2026.08.31;119850.95;119850.95;119850.95;119856.44
2026.09.01;119856.44;119856.44;119454.13;119454.13
2026.09.02;119454.13;119454.13;119454.13;119751.86
2026.09.03;119751.86;119751.86;119751.86;120274.14
2026.09.04;120274.14;120274.14;120274.14;120309.97
2026.09.07;120309.97;120309.97;120279.27;120279.27
2026.09.08;120279.27;120279.27;119987.37;119987.37
2026.09.09;119987.37;119987.37;119816.29;119816.29
2026.09.10;119816.29;119816.29;119193.38;119193.38
2026.09.11;119193.38;119193.38;119193.38;119999.65
2026.09.14;119999.65;119999.65;119899.68;119899.68
2026.09.15;119899.68;119899.68;119342.51;119342.51
2026.09.16;119342.51;119342.51;118837.60;118837.60
2026.09.17;118837.60;118837.60;118837.60;119646.42
2026.09.18;119646.42;119646.42;119646.42;119721.36
2026.09.21;119721.36;119721.36;119721.36;119938.97
2026.09.22;119938.97;119938.97;119812.07;119812.07
2026.09.23;119812.07;119812.07;119812.07;119895.48
2026.09.24;119895.48;119895.48;119706.93;119706.93
2026.09.25;119706.93;119706.93;119448.18;119448.18
2026.09.28;119448.18;119448.18;119337.55;119337.55
2026.09.29;119337.55;119337.55;119260.47;119260.47
