date,side,bruto_bp,reason
2021-09-14,-1,18.799259380121025,flat
2021-09-15,1,20.93659203554922,flat
2021-09-16,-1,-22.008860525079744,stop
2021-09-17,1,-15.509036315222676,stop
2021-09-20,-1,49.07623767274103,flat
2021-09-21,1,36.342700874383794,flat
2021-09-22,1,54.88630693563333,flat
2021-09-23,1,-25.217580657623675,stop
2021-09-24,-1,41.81199459486254,flat
2021-09-27,-1,68.61944710320365,flat
2021-09-28,-1,66.59204579265787,flat
2021-09-29,-1,-37.06237883453073,stop
2021-09-30,1,-27.943524665938064,stop
2021-10-01,-1,-74.46922773978733,stop
2021-10-04,-1,-39.65418691054587,flat
2021-10-05,-1,-36.72668924942057,stop
2021-10-06,1,-26.68032699408764,stop
2021-10-07,-1,-8.080178047431804,flat
2021-10-08,1,-14.838892029395138,stop
2021-10-11,-1,-51.641930417804446,stop
2021-10-12,-1,-34.79012555621584,stop
2021-10-13,-1,-11.269034102914453,flat
2021-10-14,1,-17.412259623755894,stop
2021-10-15,-1,8.657109218089895,flat
2021-10-18,1,-13.577826577901773,flat
2021-10-19,1,-11.443472712519158,stop
2021-10-20,-1,-14.238879782179868,flat
2021-10-21,-1,-20.904175260605385,flat
2021-10-22,-1,-13.827222256963735,stop
2021-10-25,1,-12.456574995501791,stop
2021-10-26,1,48.42749021072876,flat
2021-10-27,-1,-13.086210577790634,stop
2021-10-28,-1,13.12354086946912,flat
2021-10-29,-1,-18.83933040431592,stop
2021-11-01,1,25.10379453509804,flat
2021-11-08,-1,-12.278523558989358,stop
2021-11-10,-1,-22.328504679337613,stop
2021-11-11,1,46.081061707661746,flat
2021-11-12,-1,25.8190762206308,flat
2021-11-16,1,-13.63038485391635,stop
2021-11-17,1,-16.439932596276353,stop
2021-11-19,-1,66.98268755152515,flat
2021-11-22,1,4.143245818774428,flat
2021-11-23,-1,-36.72572810488314,stop
2021-11-24,-1,-23.726342429577468,stop
2021-11-25,-1,4.793798194792565,flat
2021-11-26,-1,4.224786824298158,flat
2021-11-29,-1,-9.138904315671816,flat
2021-11-30,-1,3.134684572364647,flat
2021-12-01,-1,-44.43004907724939,stop
2021-12-02,-1,-54.68838207067856,stop
2021-12-03,-1,-26.639258295925483,stop
2021-12-06,-1,-23.744343259399965,stop
2021-12-07,1,52.45379397467912,flat
2021-12-08,-1,-15.413364614734332,stop
2021-12-09,1,-18.66279385417232,stop
2021-12-10,1,31.84299009100932,flat
2021-12-13,-1,23.947015517666056,flat
2021-12-14,1,-24.375004291373994,stop
2021-12-15,1,-18.08017622976396,stop
2021-12-16,-1,4.133512452206262,flat
2021-12-17,1,24.46167097329888,flat
2021-12-20,1,-53.06002764706704,stop
2021-12-21,-1,24.051842027501564,flat
2021-12-22,-1,12.042751768779414,flat
2021-12-23,1,-12.904102146155935,stop
2021-12-24,1,32.89362135033402,flat
2021-12-29,-1,-13.380759946476715,stop
2021-12-30,1,-13.545569722618099,stop
2022-01-04,1,29.15999115145096,flat
2022-01-05,1,32.36937123330642,flat
2022-01-06,1,71.24948747420568,flat
2022-01-07,-1,-21.239699417924935,stop
2022-01-10,1,-20.988386426177517,stop
2022-01-11,1,-21.373515542553335,stop
2022-01-12,1,-11.280091302386072,stop
2022-01-13,-1,-16.942846132380105,stop
2022-01-14,-1,-11.290354716379648,stop
2022-01-17,1,22.136027541182923,flat
2022-01-18,1,-16.123618798165197,stop
2022-01-19,-1,-18.683262190661388,stop
2022-01-20,-1,50.174462838103736,flat
2022-01-21,1,-35.91213497642435,stop
2022-01-24,1,-20.421554448551074,stop
2022-01-25,-1,-53.20092214931726,stop
2022-01-26,1,77.17262084668214,flat
2022-01-27,1,142.55432979148466,flat
2022-01-28,-1,111.02052719837215,flat
2022-01-31,1,-26.28818757551119,stop
2022-02-01,-1,-28.365102247850924,stop
2022-02-02,1,-14.203044075679104,stop
2022-02-03,1,-19.128656706573,flat
2022-02-04,-1,-22.1205337981947,stop
2022-02-07,-1,-21.234381117326592,stop
2022-02-08,-1,-16.792003055486045,stop
2022-02-09,-1,-15.834012246721745,stop
2022-02-10,-1,-19.277139925897366,stop
2022-02-11,1,-26.48242589509265,stop
2022-02-14,-1,80.84991328088445,flat
2022-02-15,-1,-26.280422083538475,stop
2022-02-16,-1,-17.42882135129269,stop
2022-02-17,1,-21.02030864929667,stop
2022-02-18,1,-13.902405116085083,stop
2022-02-21,1,-27.731631930425795,stop
2022-02-22,-1,-73.00410181185994,stop
2022-02-23,1,37.65712686119517,flat
2022-02-24,-1,-105.97549403281778,stop
2022-02-25,-1,-38.83882232441759,stop
2022-02-28,1,28.071457077727494,flat
2022-03-01,-1,-28.917866533958318,stop
2022-03-02,1,43.21374128919861,flat
2022-03-03,-1,-26.941651119088835,stop
2022-03-04,1,-62.53430701565442,stop
2022-03-07,-1,-63.11611175564944,stop
2022-03-08,-1,-63.353358820316764,stop
2022-03-09,1,-26.004329369430156,flat
2022-03-10,-1,-37.09172854453457,stop
2022-03-11,-1,-37.8107637914583,stop
2022-03-14,1,-65.25602576918806,stop
2022-03-15,-1,49.82760070641687,flat
2022-03-16,1,-6.272660848946306,flat
2022-03-17,1,-18.496191154710363,stop
2022-03-18,1,-28.345436384742055,stop
2022-03-21,1,52.646162371847915,flat
2022-03-22,-1,-16.79656006449879,stop
2022-03-23,-1,-12.334566790012335,stop
2022-03-24,-1,-17.42440488955608,stop
2022-03-25,1,-12.719409819384381,stop
2022-03-28,1,24.68427478267831,flat
2022-03-29,-1,-18.708264259226212,stop
2022-03-30,-1,-21.3155902625605,stop
2022-03-31,1,-15.535546652916056,stop
2022-04-01,1,-25.243801982302767,stop
2022-04-04,-1,13.554167079903468,flat
2022-04-05,-1,-14.111380530269422,stop
2022-04-06,1,-20.405073622822087,stop
2022-04-07,1,-39.21232651016884,stop
2022-04-08,1,5.907333626512114,flat
2022-04-11,1,-29.087819067228814,stop
2022-04-12,-1,-20.176895139683655,stop
2022-04-13,-1,-18.556551255043857,stop
2022-04-14,-1,5.607562953140565,flat
2022-04-19,-1,36.17350126607254,flat
2022-04-20,1,-21.9787429471198,stop
2022-04-21,-1,0.9825434775488815,flat
2022-04-22,1,40.08055861036397,flat
2022-04-25,-1,50.71062489012698,flat
2022-04-26,-1,10.393407227106007,flat
2022-04-27,1,-28.690239917912162,stop
2022-04-28,1,-39.691275257326204,stop
2022-04-29,-1,47.28304357314323,flat
2022-05-03,1,34.98978351740906,flat
2022-05-04,-1,38.37831757396097,flat
2022-05-05,1,-16.469363689664487,stop
2022-05-06,-1,48.111940448109266,flat
2022-05-09,1,-45.017559560129385,stop
2022-05-10,1,-12.725884448969204,flat
2022-05-11,-1,-31.920370688175733,stop
2022-05-12,-1,65.94046636758888,flat
2022-05-13,-1,-33.264974382540345,stop
2022-05-16,-1,-26.76169892749951,stop
2022-05-17,-1,-15.36940019245162,stop
2022-05-18,-1,-7.314559297802307,flat
2022-05-19,1,-18.5913817114888,stop
2022-05-20,-1,-20.03164320587776,stop
2022-05-23,1,-26.11403126987847,stop
2022-05-24,-1,-16.456316874777503,stop
2022-05-25,-1,-11.63772751757297,flat
2022-05-26,1,23.284745830367303,flat
2022-05-27,1,-12.250682065001456,stop
2022-05-30,-1,-20.036262350220728,stop
2022-05-31,1,-25.60769018634519,stop
2022-06-01,1,-25.583668435657074,stop
2022-06-06,1,51.26823144320071,flat
2022-06-07,1,9.210223347916187,flat
2022-06-08,1,-17.042028263548413,stop
2022-06-09,1,-11.926927689687846,stop
2022-06-10,1,-25.468205062729492,stop
2022-06-13,1,-46.0994371740357,stop
2022-06-14,-1,-21.71006382069555,stop
2022-06-15,1,-44.08051765290314,stop
2022-06-16,-1,175.77370772880207,flat
2022-06-17,-1,-49.20423652016312,stop
2022-06-20,1,82.91519874737554,flat
2022-06-21,-1,-28.71590861337181,stop
2022-06-22,1,-22.258338044092707,stop
2022-06-23,-1,-23.349276879970564,stop
2022-06-24,-1,-18.745534672165356,stop
2022-06-27,-1,-22.796510061550578,stop
2022-06-28,1,46.12987439006055,flat
2022-06-29,-1,-21.985723021113166,stop
2022-06-30,-1,5.202877538137092,flat
2022-07-01,-1,-31.214051233130384,stop
2022-07-04,1,14.155698877211398,flat
2022-07-05,1,-13.75146968832294,stop
2022-07-06,1,53.91386467267589,flat
2022-07-07,-1,-16.70739093206357,stop
2022-07-08,-1,-16.035361457962953,stop
2022-07-11,-1,-30.576525663194296,stop
2022-07-12,1,12.215466875143967,flat
2022-07-13,-1,-30.0201992059625,stop
2022-07-14,-1,66.01328648369228,flat
2022-07-15,-1,-17.300305050276805,stop
2022-07-18,-1,-18.730619012272026,stop
2022-07-19,-1,-19.747455081492767,stop
2022-07-20,1,-16.35779960332336,stop
2022-07-21,-1,48.78987369607344,flat
2022-07-22,1,-17.104820261998885,stop
2022-07-25,-1,-18.896812369826794,stop
2022-07-26,-1,-20.02788866407781,stop
2022-07-27,1,-22.79175142703578,stop
2022-07-28,1,-36.75551501638434,stop
2022-07-29,1,-27.7606624641989,stop
2022-08-01,1,50.17645949513726,flat
2022-08-02,1,1.0134039563290456,flat
2022-08-03,-1,-17.564837896813334,stop
2022-08-04,-1,-10.422620448508892,stop
2022-08-08,1,-12.654922363055418,stop
2022-08-09,-1,-15.057418957625078,stop
2022-08-11,1,-10.98111248652318,stop
2022-08-12,1,26.398096663815224,flat
2022-08-18,-1,-14.32502481893835,stop
2022-08-19,-1,-11.607468576924353,stop
2022-08-22,-1,-17.3614575642077,stop
2022-08-23,-1,-29.691607617065003,stop
2022-08-24,-1,23.09159666677822,flat
2022-08-25,1,-45.80995186298213,stop
2022-08-26,1,-10.327137051102671,stop
2022-08-30,-1,-13.157184497463026,stop
2022-08-31,-1,145.44715171642574,flat
2022-09-01,1,-22.4380881368102,stop
2022-09-02,1,-20.646601332264055,stop
2022-09-05,1,-47.06045191875151,stop
2022-09-06,1,-12.379386945248724,stop
2022-09-07,1,-36.86451772942133,stop
2022-09-08,-1,9.294256149699486,flat
2022-09-09,-1,-12.77674357899843,stop
2022-09-12,1,79.12816868040723,flat
2022-09-13,1,17.729784700199374,flat
2022-09-14,1,-26.89618074233459,stop
2022-09-15,-1,-20.201190158254068,stop
2022-09-16,-1,-25.812863640441744,stop
2022-09-20,-1,-18.890216928382035,stop
2022-09-21,-1,-41.47237382291645,stop
2022-09-22,-1,-25.78954338567914,stop
2022-09-23,-1,162.62205378392903,flat
2022-09-26,-1,-60.418015812582915,stop
2022-09-27,1,-26.489315739894497,stop
2022-09-28,-1,62.413865258205796,flat
2022-09-29,-1,76.42571635653853,flat
2022-09-30,1,70.8735252854931,flat
2022-10-03,-1,-42.814798550883744,stop
2022-10-04,1,-13.290898249193566,stop
2022-10-05,1,-15.20562961915202,stop
2022-10-06,-1,78.74961154900133,flat
2022-10-07,-1,-40.164387098625085,stop
2022-10-10,-1,-21.971530659289996,stop
2022-10-11,1,-19.79072210947508,stop
2022-10-12,1,-27.774764023000717,stop
2022-10-13,-1,-21.300818979764223,stop
2022-10-14,1,-38.46181548412164,stop
2022-10-17,1,-14.940166455317971,stop
2022-10-18,1,-31.054122899911015,stop
2022-10-19,-1,24.065746181807732,flat
2022-10-20,-1,-20.96724049424847,stop
2022-10-21,-1,-19.91454848287349,stop
2022-10-24,1,-32.90979853479853,stop
2022-10-25,-1,51.315630271238724,flat
2022-10-26,1,-24.51067710745613,stop
2022-10-27,-1,-22.386150434930922,stop
2022-10-28,-1,-15.677108571102812,stop
2022-10-31,-1,-13.458664192161391,stop
2022-11-02,-1,-10.762020482555112,stop
2022-11-03,1,-14.409424466499846,stop
2022-11-04,1,-11.74365669837454,stop
2022-11-07,-1,-30.122750207093908,stop
2022-11-08,-1,-17.870029897934636,stop
2022-11-09,-1,-15.010383895708426,stop
2022-11-10,-1,-19.249675161731645,stop
2022-11-11,1,-19.49160516729174,stop
2022-11-14,1,-11.21213356708933,stop
2022-11-15,1,-20.578630610207,stop
2022-11-16,1,7.447680047665152,flat
2022-11-17,1,-11.880757924465534,stop
2022-11-18,-1,-11.799970160995983,stop
2022-11-21,1,-10.828516899254186,stop
2022-11-24,1,-12.291249164996417,stop
2022-11-28,-1,-17.419385095706122,stop
2022-11-29,-1,-25.883808978820284,stop
2022-11-30,1,-19.07993767660472,stop
2022-12-01,-1,28.89641947093283,flat
2022-12-02,1,-13.469792010564303,stop
2022-12-05,1,-10.227107773921535,stop
2022-12-06,-1,21.779303062302006,flat
2022-12-07,-1,-23.18848261195068,stop
2022-12-08,1,-17.871616683718653,stop
2022-12-09,1,-13.973171510699459,stop
2022-12-13,-1,-13.712558027532141,stop
2022-12-14,-1,6.998833527745376,flat
2022-12-15,-1,2.3409179073531576,flat
2022-12-16,-1,165.30865439425946,flat
2022-12-19,1,-10.179843909060061,stop
2022-12-20,-1,-21.76939455150928,stop
2022-12-21,-1,-11.821448836769434,stop
2022-12-22,-1,-12.634574846556413,stop
2022-12-23,-1,-10.351137289471223,stop
2022-12-28,1,34.91457567152367,flat
2022-12-30,-1,-15.286131006815102,stop
2023-01-03,1,171.00183025396444,flat
2023-01-05,-1,-15.847128038191578,stop
2023-01-06,-1,-15.99122766939279,stop
2023-01-09,-1,22.00989150418188,flat
2023-01-10,1,26.321775582491146,flat
2023-01-11,-1,-17.25356908886909,stop
2023-01-12,-1,-13.554770956644097,stop
2023-01-13,1,-11.756287057862307,stop
2023-01-17,-1,13.673452514961301,flat
2023-01-18,-1,-11.1510424631697,stop
2023-01-19,1,-16.99077368930607,stop
2023-01-20,1,-16.607035227432796,stop
2023-01-23,1,2.566208170806816,flat
2023-01-24,-1,46.790072813044816,flat
2023-01-25,1,-13.176670223296354,stop
2023-01-30,-1,-17.483423124740984,stop
2023-01-31,1,-13.125808298856406,stop
2023-02-01,1,-13.405427594656722,stop
2023-02-02,-1,-17.32690740372336,stop
2023-02-03,1,-12.14453272312383,stop
2023-02-06,-1,45.09625828087982,flat
2023-02-07,1,34.98839021597379,flat
2023-02-09,1,42.32389784148121,flat
2023-02-10,-1,-13.565338658045473,stop
2023-02-13,1,16.838746842735194,flat
2023-02-15,-1,-4.023208886262399,flat
2023-02-16,1,-12.388179560127153,stop
2023-02-17,-1,-11.899766388796683,stop
2023-02-21,-1,-10.001437706670334,stop
2023-02-22,-1,64.21758428557938,flat
2023-02-27,1,37.246769316237696,flat
2023-02-28,-1,15.769189526735083,flat
2023-03-01,1,-13.208536885945001,stop
2023-03-02,-1,-11.142131819016557,stop
2023-03-03,-1,-11.36998950945742,stop
2023-03-08,-1,-14.571071987430866,stop
2023-03-09,-1,32.89328028237616,flat
2023-03-10,1,-19.939153422137608,stop
2023-03-15,1,-18.659037193680806,stop
2023-03-16,-1,-12.283436932649582,stop
2023-03-17,1,-13.41498588072736,stop
2023-03-20,-1,-48.85399536231086,stop
2023-03-23,1,-14.907474276324942,stop
2023-03-24,1,-18.438803288141504,stop
2023-03-27,1,-32.094357410787715,stop
2023-03-28,1,-27.852190618000527,stop
2023-03-29,1,40.65880596418026,flat
2023-03-30,-1,-18.082585941779115,stop
2023-04-03,1,35.92399788374994,flat
2023-04-04,1,-14.294903866771495,stop
2023-04-05,1,7.194573983112373,flat
2023-04-06,1,43.72140978707021,flat
2023-04-11,1,-22.364483406065734,stop
2023-04-13,1,-2.5571687028122465,flat
2023-04-19,-1,19.007431905875197,flat
2023-04-20,-1,9.889253044432136,flat
2023-04-26,1,-15.867877703092967,stop
2023-04-27,1,30.007597668345813,flat
2023-04-28,-1,36.96504254166534,flat
2023-05-02,-1,-13.967987911341371,stop
2023-05-03,1,-15.375449251407815,stop
2023-05-04,-1,-18.04926159181595,stop
2023-05-05,1,-13.565453312231517,stop
2023-05-09,-1,46.856445970666584,flat
2023-05-10,1,-13.446827127848735,stop
2023-05-15,1,-16.633805801923778,stop
2023-05-17,1,-21.325406313612717,stop
2023-05-19,1,-19.29719611740414,stop
2023-05-23,-1,-14.166768624471162,stop
2023-05-24,-1,80.49804922066203,flat
2023-05-25,1,-17.703176736714422,stop
2023-05-26,1,-26.99090867198146,stop
2023-05-30,1,-15.649042396463996,stop
2023-05-31,-1,-33.922800537946635,stop
2023-06-01,-1,-12.735181945533638,stop
2023-06-02,1,-14.480720050482761,stop
2023-06-05,1,11.782803652669132,flat
2023-06-06,1,-15.143235253451671,stop
2023-06-07,-1,-0.655570050937793,flat
2023-06-08,1,-21.627006232509977,stop
2023-06-09,1,-11.23108448928145,stop
2023-06-12,1,-12.497451177720333,stop
2023-06-13,-1,31.616179579900013,flat
2023-06-14,-1,-11.20699316373417,stop
2023-06-15,-1,-11.868888346729792,stop
2023-06-16,1,-18.30388369189334,stop
2023-06-19,-1,-14.457989682252817,stop
2023-06-20,-1,-16.245451603742097,stop
2023-06-21,-1,-24.243708890021356,stop
2023-06-22,-1,2.6697814116469214,flat
2023-06-23,-1,-14.719952896150732,stop
2023-06-26,1,-22.337401772278643,stop
2023-06-27,-1,35.4029591530009,flat
2023-07-03,1,-9.91571641051066,flat
2023-07-05,-1,31.3293649471067,flat
2023-07-06,1,-10.798188603861703,stop
2023-07-07,-1,21.33472811985988,flat
2023-07-10,1,35.23729902648325,flat
2023-07-11,-1,17.25370507850117,flat
2023-07-13,-1,-18.218992287293265,stop
2023-07-14,-1,-14.743701948323968,stop
2023-07-17,1,-13.2344798714355,stop
2023-07-18,1,-13.48463089194091,stop
2023-07-19,1,55.17919943624143,flat
2023-07-20,1,48.66340051951468,flat
2023-07-21,1,-15.67920349646238,stop
2023-07-24,-1,-27.9448711977594,stop
2023-07-25,1,-12.345438360525787,flat
2023-07-26,1,-29.257065581337894,stop
2023-07-27,-1,-16.26344173459364,stop
2023-07-28,1,18.99397006498327,flat
2023-07-31,1,-18.164180756384898,stop
2023-08-01,-1,-14.950500841778199,stop
2023-08-02,-1,59.17665546693669,flat
2023-08-03,-1,65.64943203294408,flat
2023-08-04,-1,-19.240848985874564,stop
2023-08-07,-1,-18.8535200982505,stop
2023-08-08,-1,-15.36731883527722,stop
2023-08-09,1,-12.492151095541582,stop
2023-08-10,1,-20.681705911410926,stop
2023-08-11,-1,40.306860756315295,flat
2023-08-14,1,-13.319037566345456,stop
2023-08-15,-1,156.4757662318638,flat
2023-08-16,1,-10.925179485091787,flat
2023-08-17,1,26.636615100911794,flat
2023-08-18,-1,-15.141608451770535,stop
2023-08-21,1,66.1079625663662,flat
2023-08-22,1,-28.842786213148187,stop
2023-08-24,1,-19.695601089370488,stop
2023-08-25,1,18.37347142925193,flat
2023-08-29,-1,-18.81753065436421,stop
2023-08-30,-1,-14.69556795030226,stop
2023-08-31,-1,-7.291457622583207,flat
2023-09-01,-1,-14.098596182637243,stop
2023-09-04,1,0.0,flat
2023-09-05,-1,-21.617471765965856,stop
2023-09-06,-1,6.08103999297302,flat
2023-09-07,-1,-20.266299171108365,stop
2023-09-08,1,-12.056181807221652,stop
2023-09-11,1,-13.298314438644901,stop
2023-09-12,1,23.9131156796971,flat
2023-09-13,1,0.0,flat
2023-09-14,-1,-11.976523367454535,stop
2023-09-15,1,-12.65994483881201,flat
2023-09-18,1,-14.896662499919039,stop
2023-09-19,1,23.75343413316256,flat
2023-09-20,1,21.402027355682236,flat
2023-09-21,1,8.458530427936573,flat
2023-09-22,1,-15.623270861948873,stop
2023-09-25,-1,-14.35066502286322,stop
2023-09-26,-1,-16.826054093135077,stop
2023-09-27,-1,-17.717116703303915,stop
2023-09-28,-1,39.51241677697216,flat
2023-09-29,1,45.21951123606551,flat
2023-10-02,1,-16.417881042601117,stop
2023-10-03,1,43.979183186624994,flat
2023-10-04,-1,-22.146610561919907,stop
2023-10-05,1,-19.54699339029526,stop
2023-10-06,-1,-19.00720801515198,flat
2023-10-09,1,-22.5559407291089,stop
2023-10-10,1,78.72712344730874,flat
2023-10-12,-1,-15.02276275138634,stop
2023-10-13,1,-12.430731384979751,stop
2023-10-16,1,-18.93033766744155,stop
2023-10-17,-1,-18.352833218628124,stop
2023-10-18,1,-18.171552434663532,stop
2023-10-19,-1,24.502824447196414,flat
2023-10-20,-1,-23.468354600132763,stop
2023-10-23,1,-11.064409706995296,stop
2023-10-24,1,-21.27126279493653,stop
2023-10-25,-1,-25.066901527726024,stop
2023-10-26,-1,-3.3934425116904094,flat
2023-10-27,-1,-17.91761967137432,stop
2023-11-01,1,-22.789425706472198,stop
2023-11-09,1,-19.847565297814498,stop
2023-11-10,-1,68.19285560112263,flat
2023-11-13,1,27.71000466339103,flat
2023-11-14,-1,-10.113064056147731,stop
2023-11-15,1,31.363651529812152,flat
2023-11-17,1,51.719853035015014,flat
2023-11-22,1,-11.265990707223992,stop
2023-11-23,1,-14.689876671808124,stop
2023-11-24,1,-12.7011290635257,stop
2023-11-27,1,-14.94937900012656,stop
2023-11-28,-1,20.781519196090393,flat
2023-11-29,-1,-10.136881465618762,stop
2023-12-01,1,16.669444907484582,flat
2023-12-04,-1,-19.280761124666743,stop
2023-12-05,-1,-26.479261255357944,stop
2023-12-06,1,-16.52804789814981,stop
2023-12-07,-1,-10.0015335684805,stop
2023-12-08,-1,-10.607195656353378,stop
2023-12-11,-1,59.505312502066154,flat
2023-12-12,1,0.39544187334020775,flat
2023-12-13,1,7.920426118925198,flat
2023-12-14,1,116.342150499683,flat
2023-12-15,1,-18.808124589183347,stop
2023-12-18,1,46.05046445747391,flat
2023-12-19,-1,-12.440498405651914,stop
2023-12-20,1,-47.7539509941211,flat
2023-12-22,1,42.473875968488564,flat
2023-12-27,-1,-12.875895679493205,stop
