date;start_balance;start_equity;min_equity;end_equity
2021.01.01;80000.00;80000.00;80000.00;80000.00
2021.01.04;80000.00;80000.00;80000.00;80000.00
2021.01.05;80000.00;80000.00;80000.00;80000.00
2021.01.06;80000.00;80000.00;80000.00;80000.00
2021.01.07;80000.00;80000.00;80000.00;80000.00
2021.01.08;80000.00;80000.00;80000.00;80000.00
2021.01.11;80000.00;80000.00;79797.57;79940.13
2021.01.12;79999.93;79940.13;79890.69;79997.48
2021.01.13;79999.93;79997.48;79915.46;79931.10
2021.01.14;79999.93;79931.10;79821.63;79925.73
2021.01.15;79999.93;79925.73;79787.15;79811.20
2021.01.18;79999.93;79811.20;79662.57;79882.46
2021.01.19;79999.93;79870.57;79870.52;79987.11
2021.01.20;79999.93;79973.87;79958.92;80364.41
2021.01.21;80194.71;80366.28;80270.69;80352.26
2021.01.22;80352.26;80352.26;80352.26;80352.26
2021.01.25;80352.26;80352.26;80352.26;80352.26
2021.01.26;80352.26;80352.26;80296.50;80358.83
2021.01.27;80352.26;80353.04;79681.62;79772.16
2021.01.28;80352.26;79766.99;79574.60;79869.57
2021.01.29;80352.26;79866.27;79448.09;79480.75
2021.02.01;80352.26;79441.16;79297.60;79845.95
2021.02.02;80352.26;79841.96;79834.38;80094.38
2021.02.03;80352.26;80091.32;80056.40;80176.54
2021.02.04;80176.54;80176.54;80176.54;80176.54
2021.02.05;80176.54;80176.54;80176.54;80176.54
2021.02.08;80176.54;80176.54;80176.54;80176.54
2021.02.09;80176.54;80176.54;80176.54;80176.54
2021.02.10;80176.54;80176.54;80176.54;80176.54
2021.02.11;80176.54;80176.54;80176.54;80176.54
2021.02.12;80176.54;80176.54;80176.54;80176.54
2021.02.15;80176.54;80176.54;80176.54;80176.54
2021.02.16;80176.54;80176.54;80176.54;80176.54
2021.02.17;80176.54;80176.54;80176.54;80176.54
2021.02.18;80176.54;80176.54;80176.54;80176.54
2021.02.19;80176.54;80176.54;80176.54;80176.54
2021.02.22;80176.54;80176.54;79775.21;79789.53
2021.02.23;80176.54;79794.35;79223.76;79720.51
2021.02.24;80176.54;79740.61;79512.23;79982.85
2021.02.25;80176.54;79953.76;79553.66;79569.03
2021.02.26;80223.73;79568.75;79469.48;79649.93
2021.03.01;80223.73;79692.51;79673.35;79963.85
2021.03.02;80223.73;79954.62;79950.20;79962.44
2021.03.03;79962.44;79962.44;79962.44;79962.44
2021.03.04;79962.44;79962.44;79962.44;79962.44
2021.03.05;79962.44;79962.44;79962.44;79962.44
2021.03.08;79962.44;79962.44;79962.44;79962.44
2021.03.09;79962.44;79962.44;79962.44;79962.44
2021.03.10;79962.44;79962.44;79962.44;79962.44
2021.03.11;79962.44;79962.44;79962.44;79962.44
2021.03.12;79962.44;79962.44;79962.44;79962.44
2021.03.15;79962.44;79962.44;79962.44;79962.44
2021.03.16;79962.44;79962.44;79962.44;79962.44
2021.03.17;79962.44;79962.44;79962.44;79962.44
2021.03.18;79962.44;79962.44;79962.44;79962.44
2021.03.19;79962.44;79962.44;79962.44;79962.44
2021.03.22;79962.44;79962.44;79932.04;80061.38
2021.03.23;79962.44;80059.42;79945.53;79978.00
2021.03.24;79962.44;79982.13;79934.09;79965.61
2021.03.25;79962.44;79944.49;79744.81;80046.49
2021.03.26;79962.44;80035.56;80007.97;80301.48
2021.03.29;79962.44;80301.48;80233.78;80246.50
2021.03.30;80246.50;80246.50;80246.50;80246.50
2021.03.31;80246.50;80246.50;80246.50;80246.50
2021.04.01;80246.50;80246.50;80246.50;80246.50
2021.04.02;80246.50;80246.50;80246.50;80246.50
2021.04.05;80246.50;80246.50;80246.50;80246.50
2021.04.06;80246.50;80246.50;80246.50;80246.50
2021.04.07;80246.50;80246.50;80246.50;80246.50
2021.04.08;80246.50;80246.50;80246.50;80246.50
2021.04.09;80246.50;80246.50;80246.50;80246.50
2021.04.12;80246.50;80246.50;80246.50;80246.50
2021.04.13;80246.50;80246.50;80246.50;80246.50
2021.04.14;80246.50;80246.50;80246.50;80246.50
2021.04.15;80246.50;80246.50;80246.50;80246.50
2021.04.16;80246.50;80246.50;80246.50;80246.50
2021.04.19;80246.50;80246.50;80246.50;80246.50
2021.04.20;80246.50;80246.50;80246.50;80246.50
2021.04.21;80246.50;80246.50;80246.50;80246.50
2021.04.22;80246.50;80246.50;80246.50;80246.50
2021.04.23;80246.50;80246.50;80246.50;80246.50
2021.04.26;80246.50;80246.50;80246.50;80246.50
2021.04.27;80246.50;80246.50;80246.50;80246.50
2021.04.28;80246.50;80246.50;80246.50;80246.50
2021.04.29;80246.50;80246.50;80246.50;80246.50
2021.04.30;80246.50;80246.50;80246.50;80246.50
2021.05.03;80246.50;80246.50;80246.50;80246.50
2021.05.04;80246.50;80246.50;79933.96;80039.25
2021.05.05;80246.50;80039.25;79991.74;80007.63
2021.05.06;80246.50;80007.63;79929.75;80098.22
2021.05.07;80246.50;80098.22;80076.96;80180.64
2021.05.10;80246.50;80180.64;80160.63;80179.11
2021.05.11;80179.11;80179.11;80179.11;80179.11
2021.05.12;80179.11;80179.11;80179.11;80179.11
2021.05.13;80179.11;80179.11;80014.19;80363.83
2021.05.14;80179.11;80363.83;80331.77;80777.83
2021.05.17;80179.11;80777.83;80723.66;80758.70
2021.05.18;80758.70;80758.70;80758.70;80758.70
2021.05.19;80758.70;80758.70;80758.70;80758.70
2021.05.20;80758.70;80758.70;80758.70;80758.70
2021.05.21;80758.70;80758.70;80758.70;80758.70
2021.05.24;80758.70;80758.70;80758.70;80758.70
2021.05.25;80758.70;80758.70;80758.70;80758.70
2021.05.26;80758.70;80758.70;80758.70;80758.70
2021.05.27;80758.70;80758.70;80758.70;80758.70
2021.05.28;80758.70;80758.70;80758.70;80758.70
2021.05.31;80758.70;80758.70;80758.70;80758.70
2021.06.01;80758.70;80758.70;80758.70;80758.70
2021.06.02;80758.70;80758.70;80758.70;80758.70
2021.06.03;80758.70;80758.70;80758.70;80758.70
2021.06.04;80758.70;80758.70;80713.96;80946.36
2021.06.07;80758.70;80946.36;80937.24;80941.68
2021.06.08;80941.68;80941.68;80941.68;80941.68
2021.06.09;80941.68;80941.68;80941.68;80941.68
2021.06.10;80941.68;80941.68;80941.68;80941.68
2021.06.11;80941.68;80941.68;80941.68;80941.68
2021.06.14;80941.68;80941.68;80857.47;80905.34
2021.06.15;80941.68;80905.34;80849.85;80877.83
2021.06.16;80941.68;80877.83;80459.11;80481.31
2021.06.17;80941.60;80481.31;80120.32;80225.22
2021.06.18;80941.60;80225.22;79778.65;79780.03
2021.06.21;80941.60;79780.03;79727.10;80293.92
2021.06.22;80941.60;80293.92;80160.74;80321.95
2021.06.23;80941.60;80321.95;80256.65;80282.71
2021.06.24;81012.94;80282.71;80246.22;80362.57
2021.06.25;81012.94;80362.57;80352.12;80395.83
2021.06.28;80912.49;80395.83;80329.11;80377.77
2021.06.29;80912.49;80377.77;80204.33;80265.83
2021.06.30;80912.49;80265.83;80214.73;80309.29
2021.07.01;80912.49;80309.29;80269.22;80333.39
2021.07.02;80912.49;80333.39;80322.45;80326.62
2021.07.05;80326.62;80326.62;80326.62;80326.62
2021.07.06;80326.62;80326.62;80326.62;80326.62
2021.07.07;80326.62;80326.62;80326.62;80326.62
2021.07.08;80326.62;80326.62;80326.62;80326.62
2021.07.09;80326.62;80326.62;80326.62;80326.62
2021.07.12;80326.62;80326.62;80326.62;80326.62
2021.07.13;80326.62;80326.62;80326.62;80326.62
2021.07.14;80326.62;80326.62;80326.62;80326.62
2021.07.15;80326.62;80326.62;80326.62;80326.62
2021.07.16;80326.62;80326.62;80276.11;80311.23
2021.07.19;80326.62;80311.23;79711.81;79853.32
2021.07.20;80326.62;79853.32;79761.61;80002.02
2021.07.21;80326.62;80002.02;79915.65;80278.82
2021.07.22;80326.62;80278.82;80261.32;80345.33
2021.07.23;80303.89;80345.33;80336.01;80337.39
2021.07.26;80337.39;80337.39;80337.39;80337.39
2021.07.27;80337.39;80337.39;80337.39;80337.39
2021.07.28;80337.39;80337.39;80337.39;80337.39
2021.07.29;80337.39;80337.39;80337.39;80337.39
2021.07.30;80337.39;80337.39;80337.39;80337.39
2021.08.02;80337.39;80337.39;80337.39;80337.39
2021.08.03;80337.39;80337.39;80337.39;80337.39
2021.08.04;80337.39;80337.39;80337.39;80337.39
2021.08.05;80337.39;80337.39;80337.39;80337.39
2021.08.06;80337.39;80337.39;80337.39;80337.39
2021.08.09;80337.39;80337.39;80337.39;80337.39
2021.08.10;80337.39;80337.39;80337.39;80337.39
2021.08.11;80337.39;80337.39;80337.39;80337.39
2021.08.12;80337.39;80337.39;80337.39;80337.39
2021.08.13;80337.39;80337.39;80337.39;80337.39
2021.08.16;80337.39;80337.39;80337.39;80337.39
2021.08.17;80337.39;80337.39;80337.39;80337.39
2021.08.18;80337.39;80337.39;80337.39;80337.39
2021.08.19;80337.39;80337.39;80040.73;80334.29
2021.08.20;80337.39;80334.29;80198.57;80476.92
2021.08.23;80337.39;80476.92;80428.68;80482.93
2021.08.24;80507.27;80482.93;80421.59;80475.58
2021.08.25;80507.27;80475.58;80462.23;80510.09
2021.08.26;80507.27;80510.09;80494.96;80497.20
2021.08.27;80497.20;80497.20;80497.20;80497.20
2021.08.30;80497.20;80497.20;80497.20;80497.20
2021.08.31;80497.20;80497.20;80497.20;80497.20
2021.09.01;80497.20;80497.20;80497.20;80497.20
2021.09.02;80497.20;80497.20;80497.20;80497.20
2021.09.03;80497.20;80497.20;80497.20;80497.20
2021.09.06;80497.20;80497.20;80497.20;80497.20
2021.09.07;80497.20;80497.20;80497.20;80497.20
2021.09.08;80497.20;80497.20;80497.20;80497.20
2021.09.09;80497.20;80497.20;80497.20;80497.20
2021.09.10;80497.20;80497.20;80399.57;80421.65
2021.09.13;80497.20;80421.65;80387.39;80573.31
2021.09.14;80497.20;80573.31;80371.63;80399.21
2021.09.15;80497.20;80399.21;80360.63;80514.85
2021.09.16;80497.20;80514.85;80370.18;80475.78
2021.09.17;80497.20;80475.78;80216.88;80274.42
2021.09.20;80497.20;80274.42;79773.10;79934.24
2021.09.21;80497.20;79934.24;79934.24;80027.39
2021.09.22;80497.20;80027.39;79944.91;80310.58
2021.09.23;80497.20;80310.58;80308.87;80465.59
2021.09.24;80550.20;80465.59;80464.96;80464.96
2021.09.27;80464.96;80464.96;80464.96;80464.96
2021.09.28;80464.96;80464.96;80464.96;80464.96
2021.09.29;80464.96;80464.96;80419.51;80458.06
2021.09.30;80464.96;80458.06;80386.21;80391.25
2021.10.01;80464.96;80391.25;80188.16;80564.28
2021.10.04;80464.96;80564.28;80054.23;80208.35
2021.10.05;80464.96;80208.35;80083.92;80405.06
2021.10.06;80464.96;80405.06;80092.05;80538.87
2021.10.07;80464.96;80538.87;80538.87;80546.95
2021.10.08;80546.95;80546.95;80546.95;80546.95
2021.10.11;80546.95;80546.95;80546.95;80546.95
2021.10.12;80546.95;80546.95;80546.95;80546.95
2021.10.13;80546.95;80546.95;80546.95;80546.95
2021.10.14;80546.95;80546.95;80546.95;80546.95
2021.10.15;80546.95;80546.95;80546.95;80546.95
2021.10.18;80546.95;80546.95;80546.95;80546.95
2021.10.19;80546.95;80546.95;80546.95;80546.95
2021.10.20;80546.95;80546.95;80546.95;80546.95
2021.10.21;80546.95;80546.95;80546.95;80546.95
2021.10.22;80546.95;80546.95;80546.95;80546.95
2021.10.25;80546.95;80546.95;80546.95;80546.95
2021.10.26;80546.95;80546.95;80546.95;80546.95
2021.10.27;80546.95;80546.95;80546.95;80546.95
2021.10.28;80546.95;80546.95;80546.95;80546.95
2021.10.29;80546.95;80546.95;80546.95;80546.95
2021.11.01;80546.95;80546.95;80546.95;80546.95
2021.11.02;80546.95;80546.95;80546.95;80546.95
2021.11.03;80546.95;80546.95;80546.95;80546.95
2021.11.04;80546.95;80546.95;80546.95;80546.95
2021.11.05;80546.95;80546.95;80546.95;80546.95
2021.11.08;80546.95;80546.95;80546.95;80546.95
2021.11.09;80546.95;80546.95;80546.95;80546.95
2021.11.10;80546.95;80546.95;80546.95;80546.95
2021.11.11;80546.95;80546.95;80534.48;80575.47
2021.11.12;80546.95;80575.47;80560.59;80730.97
2021.11.15;80546.95;80730.97;80688.51;80708.47
2021.11.16;80678.99;80708.47;80684.33;80723.97
2021.11.17;80678.99;80723.97;80639.75;80643.66
2021.11.18;80678.99;80643.66;80514.76;80603.87
2021.11.19;80678.99;80603.87;80415.70;80448.47
2021.11.22;80678.99;80448.47;80418.02;80467.85
2021.11.23;80678.99;80467.85;80335.49;80486.29
2021.11.24;80678.92;80486.29;80359.60;80478.49
2021.11.25;80664.14;80478.49;80442.94;80467.36
2021.11.26;80583.62;80467.36;79903.96;79917.00
2021.11.29;80583.62;79917.00;79917.00;80100.52
2021.11.30;80583.62;80100.52;79623.64;79734.11
2021.12.01;80583.62;79734.11;79537.03;79604.94
2021.12.02;80583.62;79604.94;79593.94;79831.72
2021.12.03;80583.62;79831.72;79562.64;79732.60
2021.12.06;80583.62;79732.60;79726.98;80066.89
2021.12.07;80583.62;80066.89;80019.49;80084.52
2021.12.08;80279.67;80084.52;80055.47;80070.45
2021.12.09;80279.67;80070.45;80007.03;80015.25
2021.12.10;80279.67;80015.25;79985.55;80053.05
2021.12.13;80279.67;80053.05;80043.02;80071.23
2021.12.14;80279.67;80071.23;80059.82;80061.01
2021.12.15;80061.01;80061.01;80061.01;80061.01
2021.12.16;80061.01;80061.01;80061.01;80061.01
2021.12.17;80061.01;80061.01;80061.01;80061.01
2021.12.20;80061.01;80061.01;80061.01;80061.01
2021.12.21;80061.01;80061.01;80048.82;80212.78
2021.12.22;80061.01;80212.78;80174.70;80282.43
2021.12.23;80061.01;80282.43;80282.43;80283.84
2021.12.24;80283.84;80283.84;80283.84;80283.84
2021.12.27;80283.84;80283.84;80283.84;80283.84
2021.12.28;80283.84;80283.84;80283.84;80283.84
2021.12.29;80283.84;80283.84;80283.84;80283.84
2021.12.30;80283.84;80283.84;80283.84;80283.84
2021.12.31;80283.84;80283.84;80283.84;80283.84
2022.01.03;80283.84;80283.84;80283.84;80283.84
2022.01.04;80283.84;80283.84;80283.84;80283.84
2022.01.05;80283.84;80283.84;80283.84;80283.84
2022.01.06;80283.84;80283.84;80125.10;80320.53
2022.01.07;80283.84;80320.53;80040.06;80112.74
2022.01.10;80283.84;80112.74;79596.13;80109.58
2022.01.11;80283.84;80109.58;79935.69;80340.13
2022.01.12;80283.84;80340.13;80340.13;80342.66
2022.01.13;80342.66;80342.66;80342.66;80342.66
2022.01.14;80342.66;80342.66;80342.66;80342.66
2022.01.17;80342.66;80342.66;80342.66;80342.66
2022.01.18;80342.66;80342.66;80342.66;80342.66
2022.01.19;80342.66;80342.66;80072.35;80105.35
2022.01.20;80342.66;80105.35;79745.34;79757.97
2022.01.21;80342.66;79757.97;79509.37;79519.03
2022.01.24;80342.66;79519.03;78773.37;79604.19
2022.01.25;80342.66;79604.19;79027.26;79264.80
2022.01.26;80342.66;79264.80;79159.13;79346.42
2022.01.27;80342.66;79346.42;79011.15;79386.14
2022.01.28;80342.66;79386.14;79024.46;79684.94
2022.01.31;80342.66;79684.94;79645.89;79645.89
2022.02.01;79645.89;79645.89;79645.89;79645.89
2022.02.02;79645.89;79645.89;79645.89;79645.89
2022.02.03;79645.89;79645.89;79645.89;79645.89
2022.02.04;79645.89;79645.89;79645.89;79645.89
2022.02.07;79645.89;79645.89;79645.89;79645.89
2022.02.08;79645.89;79645.89;79645.89;79645.89
2022.02.09;79645.89;79645.89;79645.89;79645.89
2022.02.10;79645.89;79645.89;79645.89;79645.89
2022.02.11;79645.89;79645.89;79645.89;79645.89
2022.02.14;79645.89;79645.89;79645.89;79645.89
2022.02.15;79645.89;79645.89;79645.89;79645.89
2022.02.16;79645.89;79645.89;79645.89;79645.89
2022.02.17;79645.89;79645.89;79645.89;79645.89
2022.02.18;79645.89;79645.89;79645.89;79645.89
2022.02.21;79645.89;79645.89;79645.89;79645.89
2022.02.22;79645.89;79645.89;79559.74;79749.80
2022.02.23;79645.89;79749.80;79706.94;79718.86
2022.02.24;79645.89;79718.86;79291.06;79443.60
2022.02.25;79645.89;79443.60;79399.22;79813.89
2022.02.28;79645.89;79813.89;79618.68;79618.68
2022.03.01;79618.68;79618.68;79618.68;79618.68
2022.03.02;79618.68;79618.68;79618.68;79618.68
2022.03.03;79618.68;79618.68;79618.68;79618.68
2022.03.04;79618.68;79618.68;79618.68;79618.68
2022.03.07;79618.68;79618.68;79618.68;79618.68
2022.03.08;79618.68;79618.68;79618.68;79618.68
2022.03.09;79618.68;79618.68;79618.68;79618.68
2022.03.10;79618.68;79618.68;79618.68;79618.68
2022.03.11;79618.68;79618.68;79618.68;79618.68
2022.03.14;79618.68;79618.68;79618.68;79618.68
2022.03.15;79618.68;79618.68;79618.68;79618.68
2022.03.16;79618.68;79618.68;79481.71;79645.30
2022.03.17;79618.61;79645.30;79619.50;79718.62
2022.03.18;79618.61;79718.62;79586.66;79597.95
2022.03.21;79618.61;79597.95;79581.41;79672.40
2022.03.22;79618.61;79672.40;79537.15;79593.45
2022.03.23;79618.61;79593.45;79558.49;79722.02
2022.03.24;79618.61;79722.02;79701.34;79701.34
2022.03.25;79701.34;79701.34;79701.34;79701.34
2022.03.28;79701.34;79701.34;79701.34;79701.34
2022.03.29;79701.34;79701.34;79701.34;79701.34
2022.03.30;79701.34;79701.34;79701.34;79701.34
2022.03.31;79701.34;79701.34;79701.34;79701.34
2022.04.01;79701.34;79701.34;79701.34;79701.34
2022.04.04;79701.34;79701.34;79701.34;79701.34
2022.04.05;79701.34;79701.34;79701.34;79701.34
2022.04.06;79701.34;79701.34;79701.34;79701.34
2022.04.07;79701.34;79701.34;79701.34;79701.34
2022.04.08;79701.34;79701.34;79701.34;79701.34
2022.04.11;79701.34;79701.34;79701.34;79701.34
2022.04.12;79701.34;79701.34;79701.34;79701.34
2022.04.13;79701.34;79701.34;79701.34;79701.34
2022.04.14;79701.34;79701.34;79701.34;79701.34
2022.04.15;79701.34;79701.34;79701.34;79701.34
2022.04.18;79701.34;79701.34;79701.34;79701.34
2022.04.19;79701.34;79701.34;79701.34;79701.34
2022.04.20;79701.34;79701.34;79701.34;79701.34
2022.04.21;79701.34;79701.34;79701.34;79701.34
2022.04.22;79701.34;79701.34;79701.34;79701.34
2022.04.25;79701.34;79701.34;79345.08;79485.93
2022.04.26;79701.28;79485.93;79302.23;79302.24
2022.04.27;79701.28;79302.24;79302.24;79445.33
2022.04.28;79701.28;79445.33;79343.98;79556.69
2022.04.29;79701.28;79556.69;79537.14;79556.76
2022.05.02;79755.39;79556.76;79352.35;79390.97
2022.05.03;79755.39;79390.97;79328.04;79411.71
2022.05.04;79755.39;79411.71;79376.07;79480.23
2022.05.05;79755.39;79480.23;79415.97;79441.29
2022.05.06;79755.39;79441.29;79382.27;79457.54
2022.05.09;79755.39;79457.54;79310.78;79321.27
2022.05.10;79755.39;79321.27;79228.40;79243.47
2022.05.11;79755.39;79243.47;79207.63;79303.48
2022.05.12;79755.39;79303.48;79136.26;79141.76
2022.05.13;79755.39;79141.76;79023.53;79082.97
2022.05.16;79755.39;79082.97;78962.80;79145.24
2022.05.17;79755.39;79145.24;79091.36;79101.32
2022.05.18;79755.39;79101.32;79059.14;79099.38
2022.05.19;79755.39;79099.38;79061.41;79211.23
2022.05.20;79755.39;79211.23;79209.42;79209.88
2022.05.23;79209.88;79209.88;79209.88;79209.88
2022.05.24;79209.88;79209.88;79209.88;79209.88
2022.05.25;79209.88;79209.88;79209.88;79209.88
2022.05.26;79209.88;79209.88;79209.88;79209.88
2022.05.27;79209.88;79209.88;79209.88;79209.88
2022.05.30;79209.88;79209.88;79209.88;79209.88
2022.05.31;79209.88;79209.88;79209.88;79209.88
2022.06.01;79209.88;79209.88;79209.88;79209.88
2022.06.02;79209.88;79209.88;79209.88;79209.88
2022.06.03;79209.88;79209.88;79209.88;79209.88
2022.06.06;79209.88;79209.88;79209.88;79209.88
2022.06.07;79209.88;79209.88;79209.88;79209.88
2022.06.08;79209.88;79209.88;79209.88;79209.88
2022.06.09;79209.88;79209.88;79209.88;79209.88
2022.06.10;79209.88;79209.88;78998.76;79076.87
2022.06.13;79209.88;79076.87;78823.22;78883.94
2022.06.14;79209.88;78883.94;78765.61;78842.22
2022.06.15;79209.88;78842.22;78835.84;78969.95
2022.06.16;79209.88;78969.95;78572.14;78594.73
2022.06.17;79209.88;78594.73;78563.37;78582.12
2022.06.20;79209.88;78582.12;78515.85;78720.93
2022.06.21;79209.88;78720.93;78702.67;78764.65
2022.06.22;79209.88;78764.65;78744.71;78744.71
2022.06.23;78744.71;78744.71;78744.71;78744.71
2022.06.24;78744.71;78744.71;78744.71;78744.71
2022.06.27;78744.71;78744.71;78744.71;78744.71
2022.06.28;78744.71;78744.71;78744.71;78744.71
2022.06.29;78744.71;78744.71;78744.71;78744.71
2022.06.30;78744.71;78744.71;78744.71;78744.71
2022.07.01;78744.71;78744.71;78744.71;78744.71
2022.07.04;78744.71;78744.71;78744.71;78744.71
2022.07.05;78744.71;78744.71;78744.71;78744.71
2022.07.06;78744.71;78744.71;78744.71;78744.71
2022.07.07;78744.71;78744.71;78744.71;78744.71
2022.07.08;78744.71;78744.71;78744.71;78744.71
2022.07.11;78744.71;78744.71;78744.71;78744.71
2022.07.12;78744.71;78744.71;78744.71;78744.71
2022.07.13;78744.71;78744.71;78744.71;78744.71
2022.07.14;78744.71;78744.71;78744.71;78744.71
2022.07.15;78744.71;78744.71;78744.71;78744.71
2022.07.18;78744.71;78744.71;78744.71;78744.71
2022.07.19;78744.71;78744.71;78744.71;78744.71
2022.07.20;78744.71;78744.71;78744.71;78744.71
2022.07.21;78744.71;78744.71;78744.71;78744.71
2022.07.22;78744.71;78744.71;78744.71;78744.71
2022.07.25;78744.71;78744.71;78744.71;78744.71
2022.07.26;78744.71;78744.71;78744.71;78744.71
2022.07.27;78744.71;78744.71;78744.71;78744.71
2022.07.28;78744.71;78744.71;78744.71;78744.71
2022.07.29;78744.71;78744.71;78744.71;78744.71
2022.08.01;78744.71;78744.71;78744.71;78744.71
2022.08.02;78744.71;78744.71;78744.71;78744.71
2022.08.03;78744.71;78744.71;78744.71;78744.71
2022.08.04;78744.71;78744.71;78744.71;78744.71
2022.08.05;78744.71;78744.71;78744.71;78744.71
2022.08.08;78744.71;78744.71;78744.71;78744.71
2022.08.09;78744.71;78744.71;78744.71;78744.71
2022.08.10;78744.71;78744.71;78744.71;78744.71
2022.08.11;78744.71;78744.71;78744.71;78744.71
2022.08.12;78744.71;78744.71;78744.71;78744.71
2022.08.15;78744.71;78744.71;78744.71;78744.71
2022.08.16;78744.71;78744.71;78744.71;78744.71
2022.08.17;78744.71;78744.71;78744.71;78744.71
2022.08.18;78744.71;78744.71;78744.71;78744.71
2022.08.19;78744.71;78744.71;78744.71;78744.71
2022.08.22;78744.71;78744.71;78744.71;78744.71
2022.08.23;78744.71;78744.71;78744.71;78744.71
2022.08.24;78744.71;78744.71;78620.75;78713.14
2022.08.25;78744.71;78713.14;78694.02;78737.27
2022.08.26;78744.71;78737.27;78590.84;78604.12
2022.08.29;78744.71;78604.12;78604.12;78604.12
2022.08.30;78744.71;78604.12;78493.86;78502.48
2022.08.31;78744.71;78502.48;78396.05;78413.27
2022.09.01;78744.71;78413.27;78220.14;78280.12
2022.09.02;78744.71;78280.12;78241.00;78327.06
2022.09.05;78744.71;78327.06;78274.31;78401.95
2022.09.06;78744.71;78401.95;78360.01;78368.22
2022.09.07;78744.71;78368.22;78272.14;78365.22
2022.09.08;78744.71;78365.22;78254.92;78368.91
2022.09.09;78744.71;78368.91;78349.98;78534.25
2022.09.12;78744.71;78534.25;78534.25;78539.58
2022.09.13;78539.58;78539.58;78539.58;78539.58
2022.09.14;78539.58;78539.58;78539.58;78539.58
2022.09.15;78539.58;78539.58;78539.58;78539.58
2022.09.16;78539.58;78539.58;78539.58;78539.58
2022.09.19;78539.58;78539.58;78539.58;78539.58
2022.09.20;78539.58;78539.58;78539.58;78539.58
2022.09.21;78539.58;78539.58;78539.58;78539.58
2022.09.22;78539.58;78539.58;78539.58;78539.58
2022.09.23;78539.58;78539.58;78539.58;78539.58
2022.09.26;78539.58;78539.58;78539.58;78539.58
2022.09.27;78539.58;78539.58;78539.58;78539.58
2022.09.28;78539.58;78539.58;78539.58;78539.58
2022.09.29;78539.58;78539.58;78539.58;78539.58
2022.09.30;78539.58;78539.58;78539.58;78539.58
2022.10.03;78539.58;78539.58;78539.58;78539.58
2022.10.04;78539.58;78539.58;78539.58;78539.58
2022.10.05;78539.58;78539.58;78539.58;78539.58
2022.10.06;78539.58;78539.58;78539.58;78539.58
2022.10.07;78539.58;78539.58;78539.58;78539.58
2022.10.10;78539.58;78539.58;78539.58;78539.58
2022.10.11;78539.58;78539.58;78539.58;78539.58
2022.10.12;78539.58;78539.58;78539.58;78539.58
2022.10.13;78539.58;78539.58;78539.58;78539.58
2022.10.14;78539.58;78539.58;78539.58;78539.58
2022.10.17;78539.58;78539.58;78539.58;78539.58
2022.10.18;78539.58;78539.58;78539.58;78539.58
2022.10.19;78539.58;78539.58;78539.58;78539.58
2022.10.20;78539.58;78539.58;78539.58;78539.58
2022.10.21;78539.58;78539.58;78539.58;78539.58
2022.10.24;78539.58;78539.58;78539.58;78539.58
2022.10.25;78539.58;78539.58;78539.58;78539.58
2022.10.26;78539.58;78539.58;78539.58;78539.58
2022.10.27;78539.58;78539.58;78539.58;78539.58
2022.10.28;78539.58;78539.58;78539.58;78539.58
2022.10.31;78539.58;78539.58;78539.58;78539.58
2022.11.01;78539.58;78539.58;78539.58;78539.58
2022.11.02;78539.58;78539.58;78539.58;78539.58
2022.11.03;78539.58;78539.58;78539.58;78539.58
2022.11.04;78539.58;78539.58;78539.58;78539.58
2022.11.07;78539.58;78539.58;78539.58;78539.58
2022.11.08;78539.58;78539.58;78539.58;78539.58
2022.11.09;78539.58;78539.58;78539.58;78539.58
2022.11.10;78539.58;78539.58;78539.58;78539.58
2022.11.11;78539.58;78539.58;78539.58;78539.58
2022.11.14;78539.58;78539.58;78539.58;78539.58
2022.11.15;78539.58;78539.58;78539.58;78539.58
2022.11.16;78539.58;78539.58;78539.58;78539.58
2022.11.17;78539.58;78539.58;78539.58;78539.58
2022.11.18;78539.58;78539.58;78539.58;78539.58
2022.11.21;78539.58;78539.58;78539.58;78539.58
2022.11.22;78539.58;78539.58;78539.58;78539.58
2022.11.23;78539.58;78539.58;78539.58;78539.58
2022.11.24;78539.58;78539.58;78539.58;78539.58
2022.11.25;78539.58;78539.58;78539.58;78539.58
2022.11.28;78539.58;78539.58;78539.58;78539.58
2022.11.29;78539.58;78539.58;78539.58;78539.58
2022.11.30;78539.58;78539.58;78539.58;78539.58
2022.12.01;78539.58;78539.58;78539.58;78539.58
2022.12.02;78539.58;78539.58;78539.58;78539.58
2022.12.05;78539.58;78539.58;78539.58;78539.58
2022.12.06;78539.58;78539.58;78539.58;78539.58
2022.12.07;78539.58;78539.58;78436.00;78508.71
2022.12.08;78539.58;78508.71;78408.10;78559.80
2022.12.09;78539.58;78559.80;78428.20;78487.40
2022.12.12;78539.58;78487.40;78412.34;78631.85
2022.12.13;78539.58;78631.85;78631.85;78637.83
2022.12.14;78637.83;78637.83;78637.83;78637.83
2022.12.15;78637.83;78637.83;78637.83;78637.83
2022.12.16;78637.83;78637.83;78507.18;78578.48
2022.12.19;78637.83;78578.48;78537.09;78551.54
2022.12.20;78637.83;78551.54;78333.89;78608.45
2022.12.21;78637.83;78608.45;78604.10;78918.10
2022.12.22;78637.83;78918.10;78897.11;78897.11
2022.12.23;78897.11;78897.11;78897.11;78897.11
2022.12.27;78897.11;78897.11;78897.11;78897.11
2022.12.28;78897.11;78897.11;78897.11;78897.11
2022.12.29;78897.11;78897.11;78897.11;78897.11
2022.12.30;78897.11;78897.11;78897.11;78897.11
2023.01.02;78897.11;78897.11;78897.11;78897.11
2023.01.03;78897.11;78897.11;78897.11;78897.11
2023.01.04;78897.11;78897.11;78897.11;78897.11
2023.01.05;78897.11;78897.11;78897.11;78897.11
2023.01.06;78897.11;78897.11;78897.11;78897.11
2023.01.09;78897.11;78897.11;78897.11;78897.11
2023.01.10;78897.11;78897.11;78897.11;78897.11
2023.01.11;78897.11;78897.11;78897.11;78897.11
2023.01.12;78897.11;78897.11;78897.11;78897.11
2023.01.13;78897.11;78897.11;78897.11;78897.11
2023.01.16;78897.11;78897.11;78897.11;78897.11
2023.01.17;78897.11;78897.11;78897.11;78897.11
2023.01.18;78897.11;78897.11;78897.11;78897.11
2023.01.19;78897.11;78897.11;78801.59;78833.29
2023.01.20;78897.11;78833.29;78789.83;78923.83
2023.01.23;78897.11;78923.83;78897.22;78999.91
2023.01.24;78897.11;78999.91;78995.01;78995.01
2023.01.25;78995.01;78995.01;78995.01;78995.01
2023.01.26;78995.01;78995.01;78995.01;78995.01
2023.01.27;78995.01;78995.01;78995.01;78995.01
2023.01.30;78995.01;78995.01;78995.01;78995.01
2023.01.31;78995.01;78995.01;78995.01;78995.01
2023.02.01;78995.01;78995.01;78995.01;78995.01
2023.02.02;78995.01;78995.01;78995.01;78995.01
2023.02.03;78995.01;78995.01;78995.01;78995.01
2023.02.06;78995.01;78995.01;78977.54;79001.43
2023.02.07;78994.94;79001.43;78982.93;79033.23
2023.02.08;78994.94;79033.23;79001.01;79037.59
2023.02.09;78994.94;79037.59;78929.24;78944.18
2023.02.10;78994.94;78944.18;78889.34;78957.02
2023.02.13;78994.94;78957.02;78871.65;78888.92
2023.02.14;78994.94;78888.92;78826.30;78889.21
2023.02.15;78994.94;78889.21;78745.82;78782.65
2023.02.16;78994.94;78782.65;78717.29;78772.63
2023.02.17;78994.94;78772.63;78662.53;78792.97
2023.02.20;78994.94;78792.97;78761.43;78784.64
2023.02.21;78994.94;78784.64;78716.62;78741.11
2023.02.22;78994.94;78741.11;78558.88;78650.55
2023.02.23;78994.94;78650.55;78474.55;78734.25
2023.02.24;78994.94;78734.25;78240.29;78384.53
2023.02.27;78994.94;78384.53;78342.28;78516.52
2023.02.28;78994.94;78516.52;78326.02;78465.18
2023.03.01;78994.94;78465.18;78282.24;78380.31
2023.03.02;78655.22;78380.31;78139.02;78501.54
2023.03.03;78655.22;78501.54;78420.76;78899.03
2023.03.06;78655.22;78899.03;78823.14;78823.14
2023.03.07;78823.14;78823.14;78823.14;78823.14
2023.03.08;78823.14;78823.14;78823.14;78823.14
2023.03.09;78823.14;78823.14;78823.14;78823.14
2023.03.10;78823.14;78823.14;78823.14;78823.14
2023.03.13;78823.14;78823.14;78591.79;78620.42
2023.03.14;78823.14;78620.42;78520.96;78905.49
2023.03.15;78823.14;78905.49;78099.21;78335.63
2023.03.16;78823.14;78335.63;78071.12;78506.52
2023.03.17;78823.14;78506.52;78056.20;78126.66
2023.03.20;78823.14;78126.66;77734.95;78391.72
2023.03.21;78823.14;78391.72;78362.74;78771.45
2023.03.22;78823.14;78771.45;78749.49;78749.49
2023.03.23;78749.49;78749.49;78749.49;78749.49
2023.03.24;78749.49;78749.49;78749.49;78749.49
2023.03.27;78749.49;78749.49;78749.49;78749.49
2023.03.28;78749.49;78749.49;78749.49;78749.49
2023.03.29;78749.49;78749.49;78749.49;78749.49
2023.03.30;78749.49;78749.49;78749.49;78749.49
2023.03.31;78749.49;78749.49;78749.49;78749.49
2023.04.03;78749.49;78749.49;78749.49;78749.49
2023.04.04;78749.49;78749.49;78749.49;78749.49
2023.04.05;78749.49;78749.49;78749.49;78749.49
2023.04.06;78749.49;78749.49;78749.49;78749.49
2023.04.07;78749.49;78749.49;78749.49;78749.49
2023.04.10;78749.49;78749.49;78749.49;78749.49
2023.04.11;78749.49;78749.49;78749.49;78749.49
2023.04.12;78749.49;78749.49;78749.49;78749.49
2023.04.13;78749.49;78749.49;78728.04;78941.55
2023.04.14;78749.49;78941.55;78932.50;78932.50
2023.04.17;78932.50;78932.50;78932.50;78932.50
2023.04.18;78932.50;78932.50;78932.50;78932.50
2023.04.19;78932.50;78932.50;78932.50;78932.50
2023.04.20;78932.50;78932.50;78932.50;78932.50
2023.04.21;78932.50;78932.50;78932.50;78932.50
2023.04.24;78932.50;78932.50;78854.59;78923.39
2023.04.25;78932.50;78923.39;78718.97;78809.23
2023.04.26;78932.50;78809.23;78653.48;78776.96
2023.04.27;78932.50;78776.96;78735.38;79215.62
2023.04.28;78932.50;79215.62;79135.75;79135.75
2023.05.01;79135.75;79135.75;79135.75;79135.75
2023.05.02;79135.75;79135.75;79135.75;79135.75
2023.05.03;79135.75;79135.75;79135.75;79135.75
2023.05.04;79135.75;79135.75;79083.12;79111.64
2023.05.05;79135.75;79111.64;79107.31;79396.85
2023.05.08;79135.75;79396.85;79327.82;79366.45
2023.05.09;79135.75;79366.45;79229.12;79292.86
2023.05.10;79135.75;79292.86;79103.34;79240.93
2023.05.11;79135.75;79240.93;79018.51;79168.29
2023.05.12;79135.75;79168.29;79085.71;79145.36
2023.05.15;79135.75;79145.36;79116.68;79200.55
2023.05.16;79135.75;79200.55;79081.19;79107.16
2023.05.17;79171.27;79107.16;79042.55;79183.41
2023.05.18;79171.21;79183.41;78984.97;79100.72
2023.05.19;79171.21;79100.72;79078.62;79186.13
2023.05.22;79255.34;79186.13;79143.91;79157.71
2023.05.23;79255.34;79157.71;79071.80;79166.36
2023.05.24;79255.34;79166.36;79078.75;79083.77
2023.05.25;79255.34;79083.77;78843.47;78920.06
2023.05.26;79255.34;78920.06;78855.17;79116.79
2023.05.29;79255.34;79116.79;79100.31;79116.26
2023.05.30;79389.72;79116.26;79012.86;79044.95
2023.05.31;79389.72;79044.95;78898.00;78918.39
2023.06.01;79192.28;78918.39;78898.02;79096.51
2023.06.02;79192.28;79096.51;79077.97;79360.85
2023.06.05;79192.28;79360.85;79330.37;79330.37
2023.06.06;79330.37;79330.37;79330.37;79330.37
2023.06.07;79330.37;79330.37;79330.37;79330.37
2023.06.08;79330.37;79330.37;79330.37;79330.37
2023.06.09;79330.37;79330.37;79330.37;79330.37
2023.06.12;79330.37;79330.37;79330.37;79330.37
2023.06.13;79330.37;79330.37;79330.37;79330.37
2023.06.14;79330.37;79330.37;79330.37;79330.37
2023.06.15;79330.37;79330.37;79330.37;79330.37
2023.06.16;79330.37;79330.37;79330.37;79330.37
2023.06.19;79330.37;79330.37;79330.37;79330.37
2023.06.20;79330.37;79330.37;79330.37;79330.37
2023.06.21;79330.37;79330.37;79265.70;79297.05
2023.06.22;79330.37;79297.05;79006.05;79123.87
2023.06.23;79330.30;79123.87;78922.62;78957.62
2023.06.26;79330.30;78957.62;78858.43;78974.82
2023.06.27;79330.30;78974.82;78862.48;78964.53
2023.06.28;79330.30;78964.53;78939.21;79011.30
2023.06.29;79330.30;79011.30;78912.93;78997.52
2023.06.30;79171.16;78997.52;78948.80;79051.01
2023.07.03;79171.16;79051.01;79043.51;79043.51
2023.07.04;79043.51;79043.51;79043.51;79043.51
2023.07.05;79043.51;79043.51;79043.51;79043.51
2023.07.06;79043.51;79043.51;79043.51;79043.51
2023.07.07;79043.51;79043.51;78960.25;79045.45
2023.07.10;79043.51;79045.45;78929.10;79125.32
2023.07.11;79043.51;79125.32;79075.34;79298.59
2023.07.12;79043.51;79298.59;79290.42;79290.42
2023.07.13;79290.42;79290.42;79290.42;79290.42
2023.07.14;79290.42;79290.42;79290.42;79290.42
2023.07.17;79290.42;79290.42;79290.42;79290.42
2023.07.18;79290.42;79290.42;79290.42;79290.42
2023.07.19;79290.42;79290.42;79290.42;79290.42
2023.07.20;79290.42;79290.42;79290.42;79290.42
2023.07.21;79290.42;79290.42;79290.42;79290.42
2023.07.24;79290.42;79290.42;79290.42;79290.42
2023.07.25;79290.42;79290.42;79290.42;79290.42
2023.07.26;79290.42;79290.42;79290.42;79290.42
2023.07.27;79290.42;79290.42;79290.42;79290.42
2023.07.28;79290.42;79290.42;79290.42;79290.42
2023.07.31;79290.42;79290.42;79290.42;79290.42
2023.08.01;79290.42;79290.42;79290.42;79290.42
2023.08.02;79290.42;79290.42;79290.42;79290.42
2023.08.03;79290.42;79290.42;79097.46;79181.75
2023.08.04;79290.42;79181.75;79072.12;79085.01
2023.08.07;79290.42;79085.01;79081.42;79277.70
2023.08.08;79290.42;79277.70;78965.25;79104.85
2023.08.09;79290.42;79104.85;79018.90;79092.18
2023.08.10;79290.42;79092.18;79047.07;79090.73
2023.08.11;79290.35;79090.73;78942.70;79015.34
2023.08.14;79290.35;79015.34;78884.06;79059.77
2023.08.15;79290.35;79059.77;78872.97;78896.92
2023.08.16;79200.83;78896.92;78764.90;78775.91
2023.08.17;79200.83;78775.91;78553.41;78558.81
2023.08.18;79200.83;78558.81;78418.63;78560.47
2023.08.21;79200.83;78560.47;78454.07;78576.27
2023.08.22;79200.83;78576.27;78538.54;78567.76
2023.08.23;79200.83;78567.76;78565.26;78631.69
2023.08.24;78785.76;78631.69;78495.35;78503.10
2023.08.25;78785.76;78503.10;78478.77;78574.65
2023.08.28;78785.76;78574.65;78574.36;78631.90
2023.08.29;78785.76;78631.90;78631.90;78634.29
2023.08.30;78634.29;78634.29;78634.29;78634.29
2023.08.31;78634.29;78634.29;78634.29;78634.29
2023.09.01;78634.29;78634.29;78634.29;78634.29
2023.09.04;78634.29;78634.29;78634.29;78634.29
2023.09.05;78634.29;78634.29;78634.29;78634.29
2023.09.06;78634.29;78634.29;78582.62;78586.12
2023.09.07;78634.23;78586.12;78477.95;78588.75
2023.09.08;78634.23;78588.75;78533.78;78616.61
2023.09.11;78634.23;78616.61;78579.97;78686.40
2023.09.12;78634.23;78686.40;78603.93;78631.28
2023.09.13;78716.83;78631.28;78590.53;78603.38
2023.09.14;78716.83;78603.38;78555.84;78598.84
2023.09.15;78716.83;78598.84;78592.67;78656.69
2023.09.18;78716.83;78656.69;78655.22;78656.52
2023.09.19;78656.52;78656.52;78656.52;78656.52
2023.09.20;78656.52;78656.52;78656.52;78656.52
2023.09.21;78656.52;78656.52;78265.31;78270.46
2023.09.22;78656.52;78270.46;78249.13;78275.70
2023.09.25;78656.52;78275.70;78139.33;78361.51
2023.09.26;78656.52;78361.51;77972.69;78044.14
2023.09.27;78656.52;78044.14;77841.53;78071.98
2023.09.28;78656.52;78071.98;77946.65;78209.37
2023.09.29;78656.52;78209.37;78081.09;78194.00
2023.10.02;78656.52;78194.00;78125.51;78203.45
2023.10.03;78498.27;78203.45;78016.15;78049.36
2023.10.04;78498.27;78049.36;77975.68;78115.13
2023.10.05;78498.27;78115.13;78037.42;78110.51
2023.10.06;78498.27;78110.51;77993.59;78242.05
2023.10.09;78498.27;78242.05;78154.20;78154.20
2023.10.10;78154.20;78154.20;78154.20;78154.20
2023.10.11;78154.20;78154.20;78154.20;78154.20
2023.10.12;78154.20;78154.20;78154.20;78154.20
2023.10.13;78154.20;78154.20;78154.20;78154.20
2023.10.16;78154.20;78154.20;78154.20;78154.20
2023.10.17;78154.20;78154.20;78154.20;78154.20
2023.10.18;78154.20;78154.20;78154.20;78154.20
2023.10.19;78154.20;78154.20;78154.20;78154.20
2023.10.20;78154.20;78154.20;77881.07;77895.51
2023.10.23;78154.20;77895.51;77697.45;77953.42
2023.10.24;78154.20;77953.42;77896.85;78053.78
2023.10.25;78154.20;78053.78;77624.72;77670.17
2023.10.26;78154.20;77670.17;77268.68;77351.23
2023.10.27;78154.20;77351.23;77260.42;77339.78
2023.10.30;78154.20;77339.78;77339.78;77523.18
2023.10.31;78154.20;77523.18;77418.80;77593.49
2023.11.01;78154.20;77593.49;77566.41;77806.22
2023.11.02;77909.34;77806.22;77806.22;77807.90
2023.11.03;77807.90;77807.90;77807.90;77807.90
2023.11.06;77807.90;77807.90;77807.90;77807.90
2023.11.07;77807.90;77807.90;77807.90;77807.90
2023.11.08;77807.90;77807.90;77807.90;77807.90
2023.11.09;77807.90;77807.90;77776.38;77840.56
2023.11.10;77807.84;77840.56;77717.51;77736.45
2023.11.13;77807.84;77736.45;77650.00;77774.57
2023.11.14;77807.84;77774.57;77760.33;77848.52
2023.11.15;77807.84;77848.52;77843.12;77843.33
2023.11.16;77843.33;77843.33;77843.33;77843.33
2023.11.17;77843.33;77843.33;77843.33;77843.33
2023.11.20;77843.33;77843.33;77843.33;77843.33
2023.11.21;77843.33;77843.33;77843.33;77843.33
2023.11.22;77843.33;77843.33;77843.33;77843.33
2023.11.23;77843.33;77843.33;77843.33;77843.33
2023.11.24;77843.33;77843.33;77843.33;77843.33
2023.11.27;77843.33;77843.33;77843.33;77843.33
2023.11.28;77843.33;77843.33;77843.33;77843.33
2023.11.29;77843.33;77843.33;77843.33;77843.33
2023.11.30;77843.33;77843.33;77843.33;77843.33
2023.12.01;77843.33;77843.33;77843.33;77843.33
2023.12.04;77843.33;77843.33;77843.33;77843.33
2023.12.05;77843.33;77843.33;77843.33;77843.33
2023.12.06;77843.33;77843.33;77843.33;77843.33
2023.12.07;77843.33;77843.33;77843.33;77843.33
2023.12.08;77843.33;77843.33;77843.33;77843.33
2023.12.11;77843.33;77843.33;77843.33;77843.33
2023.12.12;77843.33;77843.33;77819.86;77831.37
2023.12.13;77843.27;77831.37;77796.29;78042.67
2023.12.14;77843.27;78042.67;78021.14;78027.18
2023.12.15;78027.18;78027.18;78027.18;78027.18
2023.12.18;78027.18;78027.18;78027.18;78027.18
2023.12.19;78027.18;78027.18;78027.18;78027.18
2023.12.20;78027.18;78027.18;78027.18;78027.18
2023.12.21;78027.18;78027.18;78027.18;78027.18
2023.12.22;78027.18;78027.18;78027.18;78027.18
2023.12.26;78027.18;78027.18;78027.18;78027.18
2023.12.27;78027.18;78027.18;78027.18;78027.18
2023.12.28;78027.18;78027.18;78027.18;78027.18
2023.12.29;78027.18;78027.18;78027.18;78027.18
2024.01.02;78027.18;78027.18;78027.18;78027.18
2024.01.03;78027.18;78027.18;77895.46;77905.25
2024.01.04;78027.18;77905.25;77802.89;77823.72
2024.01.05;78027.11;77823.72;77588.02;77839.38
2024.01.08;78027.11;77839.38;77644.73;78083.31
2024.01.09;78027.11;78083.31;78057.19;78074.62
2024.01.10;78145.24;78074.62;78027.88;78042.63
2024.01.11;78145.24;78042.63;77982.55;78050.48
2024.01.12;78145.24;78050.48;78043.06;78178.04
2024.01.15;78145.24;78178.04;78104.25;78123.70
2024.01.16;78134.68;78123.70;78036.03;78044.48
2024.01.17;78134.68;78044.48;77818.34;77867.93
2024.01.18;78134.68;77867.93;77844.55;77983.54
2024.01.19;78134.68;77983.54;77938.69;78099.81
2024.01.22;78134.68;78099.81;78050.96;78097.17
2024.01.23;78273.61;78097.17;78062.30;78118.87
2024.01.24;78273.61;78118.87;78113.52;78113.52
2024.01.25;78113.52;78113.52;78113.52;78113.52
2024.01.26;78113.52;78113.52;78113.52;78113.52
2024.01.29;78113.52;78113.52;78113.52;78113.52
2024.01.30;78113.52;78113.52;78113.52;78113.52
2024.01.31;78113.52;78113.52;78113.52;78113.52
2024.02.01;78113.52;78113.52;78113.52;78113.52
2024.02.02;78113.52;78113.52;78113.52;78113.52
2024.02.05;78113.52;78113.52;78113.52;78113.52
2024.02.06;78113.52;78113.52;78113.52;78113.52
2024.02.07;78113.52;78113.52;78113.52;78113.52
2024.02.08;78113.52;78113.52;78113.52;78113.52
2024.02.09;78113.52;78113.52;78113.52;78113.52
2024.02.12;78113.52;78113.52;78113.52;78113.52
2024.02.13;78113.52;78113.52;77975.28;77985.90
2024.02.14;78113.45;77985.90;77943.39;77982.08
2024.02.15;78113.45;77982.08;77958.93;78024.56
2024.02.16;78113.45;78024.56;77977.47;78061.88
2024.02.19;78113.45;78061.88;78051.27;78051.27
2024.02.20;78051.27;78051.27;78051.27;78051.27
2024.02.21;78051.27;78051.27;78051.27;78051.27
2024.02.22;78051.27;78051.27;78051.27;78051.27
2024.02.23;78051.27;78051.27;78051.27;78051.27
2024.02.26;78051.27;78051.27;78051.27;78051.27
2024.02.27;78051.27;78051.27;78051.27;78051.27
2024.02.28;78051.27;78051.27;78051.27;78051.27
2024.02.29;78051.27;78051.27;78041.43;78120.98
2024.03.01;78051.27;78120.98;78090.81;78139.33
2024.03.04;78051.27;78139.33;78054.35;78075.10
2024.03.05;78051.27;78075.10;78016.64;78079.40
2024.03.06;78051.27;78079.40;78057.38;78153.60
2024.03.07;78051.27;78153.60;78067.58;78139.30
2024.03.08;78084.97;78139.30;78084.40;78125.70
2024.03.11;78084.97;78125.70;78042.75;78124.73
2024.03.12;78084.97;78124.73;78083.30;78182.12
2024.03.13;78084.97;78182.12;78170.09;78170.09
2024.03.14;78170.09;78170.09;78170.09;78170.09
2024.03.15;78170.09;78170.09;78170.09;78170.09
2024.03.18;78170.09;78170.09;78170.09;78170.09
2024.03.19;78170.09;78170.09;78170.09;78170.09
2024.03.20;78170.09;78170.09;78170.09;78170.09
2024.03.21;78170.09;78170.09;78170.09;78170.09
2024.03.22;78170.09;78170.09;78170.09;78170.09
2024.03.25;78170.09;78170.09;78170.09;78170.09
2024.03.26;78170.09;78170.09;78170.09;78170.09
2024.03.27;78170.09;78170.09;78170.09;78170.09
2024.03.28;78170.09;78170.09;78170.09;78170.09
2024.03.29;78170.09;78170.09;78170.09;78170.09
2024.04.01;78170.09;78170.09;78170.09;78170.09
2024.04.02;78170.09;78170.09;78170.09;78170.09
2024.04.03;78170.09;78170.09;78170.09;78170.09
2024.04.04;78170.09;78170.09;78170.09;78170.09
2024.04.05;78170.09;78170.09;78126.16;78349.69
2024.04.08;78170.09;78349.69;78268.10;78339.31
2024.04.09;78170.09;78339.31;78143.96;78347.64
2024.04.10;78170.09;78347.64;78178.91;78211.08
2024.04.11;78281.20;78211.08;78147.19;78223.62
2024.04.12;78281.20;78223.62;78054.95;78084.42
2024.04.15;78281.20;78084.42;77991.23;78000.00
2024.04.16;78281.20;78000.00;77909.66;77973.80
2024.04.17;78281.20;77973.80;77890.01;77950.29
2024.04.18;78281.20;77950.29;77894.50;77925.44
2024.04.19;78281.20;77925.44;77582.06;77959.22
2024.04.22;78281.20;77959.22;77959.22;78093.47
2024.04.23;78073.59;78093.47;78093.47;78101.50
2024.04.24;78101.50;78101.50;78101.50;78101.50
2024.04.25;78101.50;78101.50;78054.51;78155.42
2024.04.26;78101.44;78155.42;78130.18;78168.85
2024.04.29;78101.44;78168.85;78102.94;78166.25
2024.04.30;78101.44;78166.25;77969.29;77971.59
2024.05.01;78101.44;77971.59;77952.56;78096.10
2024.05.02;78101.44;78096.10;77957.26;78022.54
2024.05.03;78101.44;78022.54;77924.59;78021.07
2024.05.06;78101.44;78021.07;77974.97;78100.12
2024.05.07;78101.44;78100.12;78094.87;78097.22
2024.05.08;78097.22;78097.22;78097.22;78097.22
2024.05.09;78097.22;78097.22;78097.22;78097.22
2024.05.10;78097.22;78097.22;78097.22;78097.22
2024.05.13;78097.22;78097.22;78097.22;78097.22
2024.05.14;78097.22;78097.22;78097.22;78097.22
2024.05.15;78097.22;78097.22;78097.22;78097.22
2024.05.16;78097.22;78097.22;78097.22;78097.22
2024.05.17;78097.22;78097.22;78097.22;78097.22
2024.05.20;78097.22;78097.22;78097.22;78097.22
2024.05.21;78097.22;78097.22;78097.22;78097.22
2024.05.22;78097.22;78097.22;78097.22;78097.22
2024.05.23;78097.22;78097.22;78097.22;78097.22
2024.05.24;78097.22;78097.22;78061.98;78132.20
2024.05.27;78097.16;78132.20;78103.20;78187.52
2024.05.28;78097.16;78187.52;77989.31;78073.46
2024.05.29;78097.16;78073.46;77689.43;77689.98
2024.05.30;78097.16;77689.98;77566.48;77745.93
2024.05.31;78097.16;77745.93;77722.39;77957.10
2024.06.03;78097.16;77957.10;77853.66;77984.41
2024.06.04;77936.52;77984.41;77984.32;77984.34
2024.06.05;77984.34;77984.34;77984.34;77984.34
2024.06.06;77984.34;77984.34;77984.34;77984.34
2024.06.07;77984.34;77984.34;77984.34;77984.34
2024.06.10;77984.34;77984.34;77984.34;77984.34
2024.06.11;77984.34;77984.34;77984.34;77984.34
2024.06.12;77984.34;77984.34;77977.54;78136.13
2024.06.13;77984.34;78136.13;78128.31;78128.31
2024.06.14;78128.31;78128.31;78047.06;78118.30
2024.06.17;78128.31;78118.30;78075.34;78171.73
2024.06.18;78128.31;78171.73;78171.73;78177.54
2024.06.19;78177.54;78177.54;78177.54;78177.54
2024.06.20;78177.54;78177.54;78177.54;78177.54
2024.06.21;78177.54;78177.54;78177.54;78177.54
2024.06.24;78177.54;78177.54;78177.54;78177.54
2024.06.25;78177.54;78177.54;78141.89;78315.27
2024.06.26;78177.54;78315.27;78249.28;78297.36
2024.06.27;78177.54;78297.36;78227.96;78395.98
2024.06.28;78177.54;78395.98;78391.73;78391.73
2024.07.01;78391.73;78391.73;78391.73;78391.73
2024.07.02;78391.73;78391.73;78310.94;78345.06
2024.07.03;78391.73;78345.06;78340.33;78418.12
2024.07.04;78391.73;78418.12;78411.08;78411.08
2024.07.05;78411.08;78411.08;78411.08;78411.08
2024.07.08;78411.08;78411.08;78411.08;78411.08
2024.07.09;78411.08;78411.08;78411.08;78411.08
2024.07.10;78411.08;78411.08;78411.08;78411.08
2024.07.11;78411.08;78411.08;78411.08;78411.08
2024.07.12;78411.08;78411.08;78411.08;78411.08
2024.07.15;78411.08;78411.08;78411.08;78411.08
2024.07.16;78411.08;78411.08;78411.08;78411.08
2024.07.17;78411.08;78411.08;78411.08;78411.08
2024.07.18;78411.08;78411.08;78255.39;78354.58
2024.07.19;78411.08;78354.58;78088.55;78125.00
2024.07.22;78411.08;78125.00;78121.57;78414.07
2024.07.23;78411.08;78414.07;78360.11;78451.92
2024.07.24;78411.08;78451.92;78010.36;78063.65
2024.07.25;78482.68;78063.65;77879.25;77921.51
2024.07.26;78482.68;77921.51;77921.51;78272.50
2024.07.29;78482.62;78272.50;78175.63;78252.02
2024.07.30;78648.97;78252.02;78090.54;78183.14
2024.07.31;78648.97;78183.14;78183.14;78539.48
2024.08.01;78808.12;78539.48;78539.48;78563.84
2024.08.02;78563.84;78563.84;78563.84;78563.84
2024.08.05;78563.84;78563.84;77972.89;78285.67
2024.08.06;78563.84;78285.67;78157.50;78241.94
2024.08.07;78563.84;78241.94;78196.93;78198.79
2024.08.08;78563.78;78198.79;78106.34;78764.18
2024.08.09;78563.78;78764.18;78752.63;78757.97
2024.08.12;78757.97;78757.97;78757.97;78757.97
2024.08.13;78757.97;78757.97;78757.97;78757.97
2024.08.14;78757.97;78757.97;78757.97;78757.97
2024.08.15;78757.97;78757.97;78757.97;78757.97
2024.08.16;78757.97;78757.97;78757.97;78757.97
2024.08.19;78757.97;78757.97;78757.97;78757.97
2024.08.20;78757.97;78757.97;78757.97;78757.97
2024.08.21;78757.97;78757.97;78757.97;78757.97
2024.08.22;78757.97;78757.97;78757.97;78757.97
2024.08.23;78757.97;78757.97;78757.97;78757.97
2024.08.26;78757.97;78757.97;78757.97;78757.97
2024.08.27;78757.97;78757.97;78757.97;78757.97
2024.08.28;78757.97;78757.97;78757.97;78757.97
2024.08.29;78757.97;78757.97;78757.97;78757.97
2024.08.30;78757.97;78757.97;78757.97;78757.97
2024.09.02;78757.97;78757.97;78757.97;78757.97
2024.09.03;78757.97;78757.97;78757.97;78757.97
2024.09.04;78757.97;78757.97;78683.55;78743.69
2024.09.05;78757.97;78743.69;78666.22;78710.69
2024.09.06;78757.97;78710.69;78435.01;78439.58
2024.09.09;78757.97;78439.58;78398.41;78686.89
2024.09.10;78757.97;78686.89;78395.52;78511.55
2024.09.11;78757.97;78511.55;78391.43;78650.57
2024.09.12;78757.97;78650.57;78546.44;78686.73
2024.09.13;78757.97;78686.73;78650.59;78710.57
2024.09.16;78722.41;78710.57;78709.50;78709.50
2024.09.17;78709.50;78709.50;78709.50;78709.50
2024.09.18;78709.50;78709.50;78709.50;78709.50
2024.09.19;78709.50;78709.50;78709.50;78709.50
2024.09.20;78709.50;78709.50;78709.50;78709.50
2024.09.23;78709.50;78709.50;78709.50;78709.50
2024.09.24;78709.50;78709.50;78709.50;78709.50
2024.09.25;78709.50;78709.50;78709.50;78709.50
2024.09.26;78709.50;78709.50;78709.50;78709.50
2024.09.27;78709.50;78709.50;78709.50;78709.50
2024.09.30;78709.50;78709.50;78709.50;78709.50
2024.10.01;78709.50;78709.50;78709.50;78709.50
2024.10.02;78709.50;78709.50;78709.50;78709.50
2024.10.03;78709.50;78709.50;78709.50;78709.50
2024.10.04;78709.50;78709.50;78693.25;78826.51
2024.10.07;78709.50;78826.51;78703.93;78734.07
2024.10.08;78709.50;78734.07;78659.46;78763.46
2024.10.09;78709.50;78763.46;78678.39;78859.55
2024.10.10;78709.43;78859.55;78759.91;78909.93
2024.10.11;78848.30;78909.93;78878.31;79002.19
2024.10.14;78848.30;79002.19;78941.74;79045.28
2024.10.15;78933.98;79045.28;79045.28;79048.73
2024.10.16;79048.73;79048.73;79048.73;79048.73
2024.10.17;79048.73;79048.73;79048.73;79048.73
2024.10.18;79048.73;79048.73;79048.73;79048.73
2024.10.21;79048.73;79048.73;79048.73;79048.73
2024.10.22;79048.73;79048.73;79048.73;79048.73
2024.10.23;79048.73;79048.73;79048.73;79048.73
2024.10.24;79048.73;79048.73;78947.99;79045.85
2024.10.25;79048.73;79045.85;78934.04;78954.45
2024.10.28;79048.73;78954.45;78954.45;79065.59
2024.10.29;79048.73;79065.59;78997.90;79032.96
2024.10.30;79081.16;79032.96;78980.45;78993.65
2024.10.31;79081.16;78993.65;78880.42;78901.02
2024.11.01;79081.16;78901.02;78862.07;78992.29
2024.11.04;79081.16;78992.29;78821.03;78900.75
2024.11.05;79081.16;78900.75;78864.92;79142.85
2024.11.06;79081.16;79142.85;79142.85;79144.22
2024.11.07;79144.22;79144.22;79072.42;79309.74
2024.11.08;79144.15;79309.74;79207.25;79220.70
2024.11.11;79144.15;79220.70;78943.05;78979.03
2024.11.12;79144.15;78979.03;78860.10;78889.02
2024.11.13;79144.15;78889.02;78791.93;78794.89
2024.11.14;79144.15;78794.89;78642.82;78755.46
2024.11.15;79144.15;78755.46;78471.53;78504.72
2024.11.18;79144.15;78504.72;78504.34;78784.88
2024.11.19;79144.15;78784.88;78535.06;78877.96
2024.11.20;78915.00;78877.96;78657.69;78886.01
2024.11.21;78915.00;78886.01;78690.97;78939.99
2024.11.22;78915.00;78939.99;78925.27;78925.27
2024.11.25;78925.27;78925.27;78925.27;78925.27
2024.11.26;78925.27;78925.27;78925.27;78925.27
2024.11.27;78925.27;78925.27;78925.27;78925.27
2024.11.28;78925.27;78925.27;78925.27;78925.27
2024.11.29;78925.27;78925.27;78925.27;78925.27
2024.12.02;78925.27;78925.27;78925.27;78925.27
2024.12.03;78925.27;78925.27;78925.27;78925.27
2024.12.04;78925.27;78925.27;78925.27;78925.27
2024.12.05;78925.27;78925.27;78925.27;78925.27
2024.12.06;78925.27;78925.27;78925.27;78925.27
2024.12.09;78925.27;78925.27;78925.27;78925.27
2024.12.10;78925.27;78925.27;78876.13;78899.29
2024.12.11;78925.27;78899.29;78855.59;78857.03
2024.12.12;78925.27;78857.03;78797.92;78810.00
2024.12.13;78925.27;78810.00;78769.16;78775.38
2024.12.16;78925.27;78775.38;78739.32;78742.74
2024.12.17;78925.27;78742.74;78654.30;78678.59
2024.12.18;78925.27;78678.59;78209.07;78300.13
2024.12.19;78925.27;78300.13;78291.94;78354.40
2024.12.20;78925.20;78354.40;78171.64;78484.01
2024.12.23;78925.20;78484.01;78342.38;78535.03
2024.12.24;78925.20;78535.03;78490.62;78597.73
2024.12.26;78925.20;78597.73;78586.43;78661.25
2024.12.27;78605.63;78661.25;78619.24;78647.06
2024.12.30;78744.76;78647.06;78589.91;78617.03
2024.12.31;78744.76;78617.03;78584.77;78680.08
2025.01.02;78744.76;78680.08;78514.38;78614.31
2025.01.03;78678.19;78614.31;78579.46;78839.78
2025.01.06;78678.19;78839.78;78823.42;78855.92
2025.01.07;78777.59;78855.92;78855.92;78860.85
2025.01.08;78860.85;78860.85;78860.85;78860.85
2025.01.09;78860.85;78860.85;78860.85;78860.85
2025.01.10;78860.85;78860.85;78860.85;78860.85
2025.01.13;78860.85;78860.85;78727.63;78997.99
2025.01.14;78860.85;78997.99;78886.21;79074.83
2025.01.15;78860.85;79074.83;79043.85;79234.95
2025.01.16;79006.08;79234.95;79234.95;79240.63
2025.01.17;79240.63;79240.63;79240.63;79240.63
2025.01.20;79240.63;79240.63;79240.63;79240.63
2025.01.21;79240.63;79240.63;79240.63;79240.63
2025.01.22;79240.63;79240.63;79240.63;79240.63
2025.01.23;79240.63;79240.63;79240.63;79240.63
2025.01.24;79240.63;79240.63;79240.63;79240.63
2025.01.27;79240.63;79240.63;79240.63;79240.63
2025.01.28;79240.63;79240.63;79161.56;79363.32
2025.01.29;79240.63;79363.32;79264.97;79374.32
2025.01.30;79240.63;79374.32;79288.65;79387.88
2025.01.31;79240.63;79387.88;79345.86;79361.61
2025.02.03;79240.63;79361.61;79056.86;79359.03
2025.02.04;79240.63;79359.03;79190.96;79370.76
2025.02.05;79240.63;79370.76;79283.20;79445.70
2025.02.06;79240.63;79445.70;79443.34;79443.34
2025.02.07;79443.34;79443.34;79443.34;79443.34
2025.02.10;79443.34;79443.34;79443.34;79443.34
2025.02.11;79443.34;79443.34;79443.34;79443.34
2025.02.12;79443.34;79443.34;79443.34;79443.34
2025.02.13;79443.34;79443.34;79443.34;79443.34
2025.02.14;79443.34;79443.34;79443.34;79443.34
2025.02.17;79443.34;79443.34;79443.34;79443.34
2025.02.18;79443.34;79443.34;79443.34;79443.34
2025.02.19;79443.34;79443.34;79443.34;79443.34
2025.02.20;79443.34;79443.34;79443.34;79443.34
2025.02.21;79443.34;79443.34;79176.57;79216.17
2025.02.24;79443.34;79216.17;79168.44;79230.03
2025.02.25;79443.34;79230.03;79176.74;79345.31
2025.02.26;79443.34;79345.31;79248.52;79300.36
2025.02.27;79483.17;79300.36;79041.61;79075.99
2025.02.28;79483.17;79075.99;78867.61;79269.27
2025.03.03;79483.11;79269.27;79113.47;79231.54
2025.03.04;79374.51;79231.54;79024.91;79211.06
2025.03.05;79374.51;79211.06;79084.50;79248.22
2025.03.06;79481.26;79248.22;79032.39;79105.79
2025.03.07;79481.26;79105.79;78947.59;79215.39
2025.03.10;79481.26;79215.39;78600.61;78776.62
2025.03.11;79481.26;78776.62;78460.71;78591.23
2025.03.12;79481.26;78591.23;78523.63;78649.41
2025.03.13;79481.26;78649.41;78464.88;78551.84
2025.03.14;79481.26;78551.84;78551.84;78854.24
2025.03.17;79481.26;78854.24;78783.62;78922.13
2025.03.18;79445.88;78922.13;78922.13;78926.99
2025.03.19;78926.99;78926.99;78926.99;78926.99
2025.03.20;78926.99;78926.99;78926.99;78926.99
2025.03.21;78926.99;78926.99;78926.99;78926.99
2025.03.24;78926.99;78926.99;78926.99;78926.99
2025.03.25;78926.99;78926.99;78926.99;78926.99
2025.03.26;78926.99;78926.99;78926.99;78926.99
2025.03.27;78926.99;78926.99;78926.99;78926.99
2025.03.28;78926.99;78926.99;78926.99;78926.99
2025.03.31;78926.99;78926.99;78727.58;78865.18
2025.04.01;78926.99;78865.18;78797.36;78944.11
2025.04.02;78926.99;78944.11;78523.69;78641.22
2025.04.03;78926.99;78641.22;78245.98;78338.35
2025.04.04;78926.99;78338.35;77224.78;77258.61
2025.04.07;78926.99;77258.61;76071.26;76677.80
2025.04.08;78926.93;76677.80;76250.26;76448.48
2025.04.09;78926.93;76448.48;76178.16;78065.71
2025.04.10;78926.93;78065.71;77977.00;77977.05
2025.04.11;77977.05;77977.05;77977.05;77977.05
2025.04.14;77977.05;77977.05;77977.05;77977.05
2025.04.15;77977.05;77977.05;77977.05;77977.05
2025.04.16;77977.05;77977.05;77977.05;77977.05
2025.04.17;77977.05;77977.05;77977.05;77977.05
2025.04.18;77977.05;77977.05;77977.05;77977.05
2025.04.21;77977.05;77977.05;77977.05;77977.05
2025.04.22;77977.05;77977.05;77977.05;77977.05
2025.04.23;77977.05;77977.05;77977.05;77977.05
2025.04.24;77977.05;77977.05;77977.05;77977.05
2025.04.25;77977.05;77977.05;77977.05;77977.05
2025.04.28;77977.05;77977.05;77977.05;77977.05
2025.04.29;77977.05;77977.05;77977.05;77977.05
2025.04.30;77977.05;77977.05;77977.05;77977.05
2025.05.01;77977.05;77977.05;77977.05;77977.05
2025.05.02;77977.05;77977.05;77926.14;77968.22
2025.05.05;77976.99;77968.22;77963.31;78211.27
2025.05.06;77976.99;78211.27;78211.27;78212.40
2025.05.07;78212.40;78212.40;78212.40;78212.40
2025.05.08;78212.40;78212.40;78212.40;78212.40
2025.05.09;78212.40;78212.40;78212.40;78212.40
2025.05.12;78212.40;78212.40;78212.40;78212.40
2025.05.13;78212.40;78212.40;78212.40;78212.40
2025.05.14;78212.40;78212.40;78212.40;78212.40
2025.05.15;78212.40;78212.40;78212.40;78212.40
2025.05.16;78212.40;78212.40;78212.40;78212.40
2025.05.19;78212.40;78212.40;78212.40;78212.40
2025.05.20;78212.40;78212.40;78212.40;78212.40
2025.05.21;78212.40;78212.40;78212.40;78212.40
2025.05.22;78212.40;78212.40;78212.40;78212.40
2025.05.23;78212.40;78212.40;78212.40;78212.40
2025.05.26;78212.40;78212.40;78210.86;78332.70
2025.05.27;78212.40;78332.70;78280.43;78420.82
2025.05.28;78212.40;78420.82;78415.35;78415.35
2025.05.29;78415.35;78415.35;78415.35;78415.35
2025.05.30;78415.35;78415.35;78415.35;78415.35
2025.06.02;78415.35;78415.35;78415.35;78415.35
2025.06.03;78415.35;78415.35;78415.35;78415.35
2025.06.04;78415.35;78415.35;78415.35;78415.35
2025.06.05;78415.35;78415.35;78415.35;78415.35
2025.06.06;78415.35;78415.35;78415.35;78415.35
2025.06.09;78415.35;78415.35;78415.35;78415.35
2025.06.10;78415.35;78415.35;78415.35;78415.35
2025.06.11;78415.35;78415.35;78415.35;78415.35
2025.06.12;78415.35;78415.35;78314.18;78374.28
2025.06.13;78415.35;78374.28;78171.91;78225.27
2025.06.16;78415.35;78225.27;78193.33;78294.15
2025.06.17;78415.35;78294.15;78168.11;78171.62
2025.06.18;78415.35;78171.62;78142.76;78175.81
2025.06.19;78415.35;78175.81;78047.49;78059.31
2025.06.20;78415.35;78059.31;78059.31;78159.82
2025.06.23;78415.35;78159.82;78084.02;78264.13
2025.06.24;78415.35;78264.13;78253.39;78263.88
2025.06.25;78225.15;78263.88;78180.72;78220.82
2025.06.26;78225.09;78220.82;78187.00;78268.19
2025.06.27;78225.09;78268.19;78080.48;78146.83
2025.06.30;78225.09;78146.83;78080.36;78218.23
2025.07.01;78281.21;78218.23;78214.92;78309.00
2025.07.02;78281.21;78309.00;78308.20;78309.19
2025.07.03;78309.19;78309.19;78309.19;78309.19
2025.07.04;78309.19;78309.19;78309.19;78309.19
2025.07.07;78309.19;78309.19;78309.19;78309.19
2025.07.08;78309.19;78309.19;78309.19;78309.19
2025.07.09;78309.19;78309.19;78309.19;78309.19
2025.07.10;78309.19;78309.19;78309.19;78309.19
2025.07.11;78309.19;78309.19;78309.19;78309.19
2025.07.14;78309.19;78309.19;78309.19;78309.19
2025.07.15;78309.19;78309.19;78309.19;78309.19
2025.07.16;78309.19;78309.19;78309.19;78309.19
2025.07.17;78309.19;78309.19;78309.19;78309.19
2025.07.18;78309.19;78309.19;78309.19;78309.19
2025.07.21;78309.19;78309.19;78309.19;78309.19
2025.07.22;78309.19;78309.19;78309.19;78309.19
2025.07.23;78309.19;78309.19;78309.19;78309.19
2025.07.24;78309.19;78309.19;78309.19;78309.19
2025.07.25;78309.19;78309.19;78309.19;78309.19
2025.07.28;78309.19;78309.19;78309.19;78309.19
2025.07.29;78309.19;78309.19;78294.71;78340.36
2025.07.30;78309.13;78340.36;78187.63;78204.99
2025.07.31;78309.13;78204.99;78201.96;78238.95
2025.08.01;78309.13;78238.95;78123.44;78296.04
2025.08.04;78309.13;78296.04;78250.66;78612.05
2025.08.05;78420.48;78612.05;78444.92;78507.07
2025.08.06;78420.48;78507.07;78473.47;78591.38
2025.08.07;78420.48;78591.38;78445.72;78547.40
2025.08.08;78420.48;78547.40;78537.24;78685.32
2025.08.11;78420.48;78685.32;78594.63;78608.69
2025.08.12;78675.30;78608.69;78596.95;78713.06
2025.08.13;78675.30;78713.06;78710.79;78710.79
2025.08.14;78710.79;78710.79;78710.79;78710.79
2025.08.15;78710.79;78710.79;78710.79;78710.79
2025.08.18;78710.79;78710.79;78710.79;78710.79
2025.08.19;78710.79;78710.79;78710.79;78710.79
2025.08.20;78710.79;78710.79;78582.42;78713.95
2025.08.21;78710.73;78713.95;78552.14;78635.06
2025.08.22;78792.27;78635.06;78522.38;78945.28
2025.08.25;78792.27;78945.28;78930.78;78930.78
2025.08.26;78930.78;78930.78;78930.78;78930.78
2025.08.27;78930.78;78930.78;78930.78;78930.78
2025.08.28;78930.78;78930.78;78906.73;78942.67
2025.08.29;78930.78;78942.67;78863.97;78894.88
2025.09.01;78930.78;78894.88;78864.44;78923.36
2025.09.02;78930.78;78923.36;78572.47;78715.84
2025.09.03;78930.78;78715.84;78585.92;78708.03
2025.09.04;78930.78;78708.03;78676.95;78861.26
2025.09.05;78930.78;78861.26;78733.64;78782.58
2025.09.08;78955.43;78782.58;78756.95;78832.58
2025.09.09;78955.43;78832.58;78762.44;78841.93
2025.09.10;78955.43;78841.93;78740.10;78745.85
2025.09.11;78955.43;78745.85;78725.67;78814.10
2025.09.12;78955.43;78814.10;78743.70;78791.17
2025.09.15;78955.43;78791.17;78762.37;78793.62
2025.09.16;78955.43;78793.62;78612.28;78651.10
2025.09.17;78955.43;78651.10;78594.50;78644.15
2025.09.18;78955.43;78644.15;78643.19;78777.98
2025.09.19;78955.43;78777.98;78777.98;78782.26
2025.09.22;78782.26;78782.26;78782.26;78782.26
2025.09.23;78782.26;78782.26;78782.26;78782.26
2025.09.24;78782.26;78782.26;78782.26;78782.26
2025.09.25;78782.26;78782.26;78782.26;78782.26
2025.09.26;78782.26;78782.26;78768.93;78845.28
2025.09.29;78782.26;78845.28;78808.65;78838.87
2025.09.30;78782.26;78838.87;78795.96;78843.40
2025.10.01;78782.26;78843.40;78843.40;78851.07
2025.10.02;78851.07;78851.07;78851.07;78851.07
2025.10.03;78851.07;78851.07;78851.07;78851.07
2025.10.06;78851.07;78851.07;78851.07;78851.07
2025.10.07;78851.07;78851.07;78851.07;78851.07
2025.10.08;78851.07;78851.07;78851.07;78851.07
2025.10.09;78851.07;78851.07;78851.07;78851.07
2025.10.10;78851.07;78851.07;78635.25;78654.11
2025.10.13;78851.07;78654.11;78654.11;78818.78
2025.10.14;78851.07;78818.78;78526.41;78847.39
2025.10.15;78851.07;78847.39;78742.48;78893.90
2025.10.16;78851.07;78893.90;78653.01;78725.14
2025.10.17;78851.07;78725.14;78477.48;78876.98
2025.10.20;78851.07;78876.98;78815.38;79088.25
2025.10.21;78851.07;79088.25;79085.26;79085.26
2025.10.22;79085.26;79085.26;79085.26;79085.26
2025.10.23;79085.26;79085.26;79085.26;79085.26
2025.10.24;79085.26;79085.26;79085.26;79085.26
2025.10.27;79085.26;79085.26;79085.26;79085.26
2025.10.28;79085.26;79085.26;78816.64;78990.40
2025.10.29;79085.19;78990.40;78888.30;78935.09
2025.10.30;79085.19;78935.09;78880.72;79165.43
2025.10.31;79085.19;79165.43;79144.16;79145.18
2025.11.03;79145.18;79145.18;79132.79;79200.11
2025.11.04;79145.18;79200.11;78899.61;79056.56
2025.11.05;79145.18;79056.56;78876.52;79188.76
2025.11.06;79145.18;79188.76;78884.93;78970.45
2025.11.07;79145.18;78970.45;78749.04;78958.78
2025.11.10;79145.18;78958.78;78958.78;79162.40
2025.11.11;79145.18;79162.40;79150.70;79150.70
2025.11.12;79150.70;79150.70;79150.70;79150.70
2025.11.13;79150.70;79150.70;79150.70;79150.70
2025.11.14;79150.70;79150.70;79150.70;79150.70
2025.11.17;79150.70;79150.70;79150.70;79150.70
2025.11.18;79150.70;79150.70;78838.59;78946.47
2025.11.19;79150.70;78946.47;78874.98;79064.62
2025.11.20;79150.70;79064.62;78667.27;78685.90
2025.11.21;79150.70;78685.90;78640.54;78946.33
2025.11.24;79150.70;78946.33;78898.09;79065.44
2025.11.25;79150.70;79065.44;79028.54;79150.94
2025.11.26;79179.25;79150.94;79148.41;79148.41
2025.11.27;79148.41;79148.41;79148.41;79148.41
2025.11.28;79148.41;79148.41;79148.41;79148.41
2025.12.01;79148.41;79148.41;79148.41;79148.41
2025.12.02;79148.41;79148.41;79148.41;79148.41
2025.12.03;79148.41;79148.41;79148.41;79148.41
2025.12.04;79148.41;79148.41;79148.41;79148.41
2025.12.05;79148.41;79148.41;79148.41;79148.41
2025.12.08;79148.41;79148.41;79098.06;79119.58
2025.12.09;79148.41;79119.58;79073.83;79081.97
2025.12.10;79148.41;79081.97;79072.39;79151.08
2025.12.11;79148.41;79151.08;79151.08;79152.58
2025.12.12;79152.58;79152.58;79152.58;79152.58
2025.12.15;79152.58;79152.58;79091.48;79114.51
2025.12.16;79152.58;79114.51;79000.80;79114.01
2025.12.17;79152.58;79114.01;78932.76;78964.17
2025.12.18;79152.58;78964.17;78906.97;79110.18
2025.12.19;79152.58;79110.18;79103.71;79378.65
2025.12.22;79152.58;79378.65;79378.65;79409.75
2025.12.23;79409.75;79409.75;79409.75;79409.75
2025.12.24;79409.75;79409.75;79409.75;79409.75
2025.12.26;79409.75;79409.75;79409.75;79409.75
2025.12.29;79409.75;79409.75;79409.75;79409.75
2025.12.30;79409.75;79409.75;79409.75;79409.75
2025.12.31;79409.75;79409.75;79409.75;79409.75
2026.01.02;79409.75;79409.75;79328.76;79439.77
2026.01.05;79409.75;79439.77;79430.61;79634.68
2026.01.06;79409.75;79634.68;79611.84;79736.94
2026.01.07;79586.79;79736.94;79736.94;79737.89
2026.01.08;79737.89;79737.89;79737.89;79737.89
2026.01.09;79737.89;79737.89;79737.89;79737.89
2026.01.12;79737.89;79737.89;79737.89;79737.89
2026.01.13;79737.89;79737.89;79737.89;79737.89
2026.01.14;79737.89;79737.89;79737.89;79737.89
2026.01.15;79737.89;79737.89;79737.89;79737.89
2026.01.16;79737.89;79737.89;79737.89;79737.89
2026.01.19;79737.89;79737.89;79737.89;79737.89
2026.01.20;79737.89;79737.89;79481.99;79520.52
2026.01.21;79737.89;79520.52;79439.24;79790.42
2026.01.22;79737.89;79790.42;79772.17;79885.20
2026.01.23;79737.89;79885.20;79852.26;79852.26
2026.01.26;79852.26;79852.26;79852.26;79852.26
2026.01.27;79852.26;79852.26;79852.26;79852.26
2026.01.28;79852.26;79852.26;79852.26;79852.26
2026.01.29;79852.26;79852.26;79852.26;79852.26
2026.01.30;79852.26;79852.26;79789.82;79881.19
2026.02.02;79852.26;79881.19;79740.16;80015.18
2026.02.03;79852.26;80015.18;80009.34;80421.33
2026.02.04;80023.09;80421.33;80273.26;80462.00
2026.02.05;80023.09;80462.00;80112.48;80130.92
2026.02.06;80023.09;80130.92;79800.60;80969.70
2026.02.09;80023.09;80969.70;80911.34;81305.53
2026.02.10;80023.09;81305.53;81304.37;81314.68
2026.02.11;81314.68;81314.68;81314.68;81314.68
2026.02.12;81314.68;81314.68;81314.68;81314.68
2026.02.13;81314.68;81314.68;81314.68;81314.68
2026.02.16;81314.68;81314.68;81300.04;81321.53
2026.02.17;81314.68;81321.53;81218.30;81331.38
2026.02.18;81314.68;81331.38;81308.64;81377.36
2026.02.19;81314.68;81377.36;81377.36;81384.62
2026.02.20;81384.62;81384.62;81384.62;81384.62
2026.02.23;81384.62;81384.62;81384.62;81384.62
2026.02.24;81384.62;81384.62;81384.62;81384.62
2026.02.25;81384.62;81384.62;81384.62;81384.62
2026.02.26;81384.62;81384.62;81384.62;81384.62
2026.02.27;81384.62;81384.62;81384.62;81384.62
2026.03.02;81384.62;81384.62;81384.62;81384.62
2026.03.03;81384.62;81384.62;80940.34;81113.56
2026.03.04;81384.62;81113.56;80945.65;81306.70
2026.03.05;81384.62;81306.70;80797.23;80907.61
2026.03.06;81384.62;80907.61;80517.08;80744.29
2026.03.09;81384.62;80744.29;80071.77;80840.33
2026.03.10;81384.62;80840.33;80675.06;80858.84
2026.03.11;81384.62;80858.84;80625.33;80704.68
2026.03.12;81384.62;80704.68;80405.79;80501.36
2026.03.13;81384.62;80501.36;80331.86;80389.85
2026.03.16;81384.62;80389.85;80290.70;80550.47
2026.03.17;81384.56;80550.47;80397.36;80593.26
2026.03.18;81384.56;80593.26;80030.53;80073.14
2026.03.19;80951.85;80073.14;79450.99;79780.08
2026.03.20;80951.85;79780.08;79046.40;79200.74
2026.03.23;80951.85;79200.74;78296.01;79241.42
2026.03.24;80951.85;79241.42;78860.60;79424.24
2026.03.25;80951.85;79424.24;79413.43;79594.86
2026.03.26;80477.60;79594.86;79301.46;79390.13
2026.03.27;80481.27;79390.13;79343.17;79555.25
2026.03.30;80481.27;79555.25;79412.58;79559.74
2026.03.31;80481.27;79559.74;79519.11;79848.54
2026.04.01;80481.27;79848.54;79848.54;79861.94
2026.04.02;79861.94;79861.94;79861.94;79861.94
2026.04.03;79861.94;79861.94;79861.94;79861.94
2026.04.06;79861.94;79861.94;79861.94;79861.94
2026.04.07;79861.94;79861.94;79861.94;79861.94
2026.04.08;79861.94;79861.94;79861.94;79861.94
2026.04.09;79861.94;79861.94;79861.94;79861.94
2026.04.10;79861.94;79861.94;79861.94;79861.94
2026.04.13;79861.94;79861.94;79861.94;79861.94
2026.04.14;79861.94;79861.94;79861.94;79861.94
2026.04.15;79861.94;79861.94;79861.94;79861.94
2026.04.16;79861.94;79861.94;79861.94;79861.94
2026.04.17;79861.94;79861.94;79861.94;79861.94
2026.04.20;79861.94;79861.94;79861.94;79861.94
2026.04.21;79861.94;79861.94;79861.94;79861.94
2026.04.22;79861.94;79861.94;79861.94;79861.94
2026.04.23;79861.94;79861.94;79861.94;79861.94
2026.04.24;79861.94;79861.94;79806.79;79825.58
2026.04.27;79861.94;79825.58;79755.18;79759.95
2026.04.28;79861.94;79759.95;79726.31;79742.08
2026.04.29;79861.94;79742.08;79471.64;79524.92
2026.04.30;79861.89;79524.92;79467.01;80035.98
2026.05.01;79861.89;80035.98;79875.01;80051.00
2026.05.04;80077.13;80051.00;79849.49;79885.21
2026.05.05;80077.13;79885.21;79794.91;79867.51
2026.05.06;79947.50;79867.51;79849.36;80093.55
2026.05.07;79947.50;80093.55;80090.81;80092.49
2026.05.08;80092.49;80092.49;80092.49;80092.49
2026.05.11;80092.49;80092.49;80092.49;80092.49
2026.05.12;80092.49;80092.49;80092.49;80092.49
2026.05.13;80092.49;80092.49;80092.49;80092.49
2026.05.14;80092.49;80092.49;80092.49;80092.49
2026.05.15;80092.49;80092.49;79846.24;79891.82
2026.05.18;80092.43;79891.82;79790.45;79934.78
2026.05.19;80092.43;79934.78;79762.00;79793.53
2026.05.20;80092.43;79793.53;79740.89;79895.23
2026.05.21;80092.43;79895.23;79796.40;79886.45
2026.05.22;80092.43;79886.45;79794.70;79826.53
2026.05.25;80092.43;79826.53;79826.53;79935.88
2026.05.26;80092.43;79935.88;79933.77;79934.86
2026.05.27;79934.86;79934.86;79934.86;79934.86
2026.05.28;79934.86;79934.86;79934.86;79934.86
2026.05.29;79934.86;79934.86;79934.86;79934.86
2026.06.01;79934.86;79934.86;79934.86;79934.86
2026.06.02;79934.86;79934.86;79907.70;79993.79
2026.06.03;79934.86;79993.79;79881.29;79890.96
2026.06.04;79934.86;79890.96;79866.57;80079.52
2026.06.05;79934.86;80079.52;79836.70;79893.54
2026.06.08;79934.86;79893.54;79726.72;79885.93
2026.06.09;79934.86;79885.93;79564.55;79797.36
2026.06.10;79934.86;79797.36;79415.90;79471.97
2026.06.11;79934.86;79471.97;79405.27;79937.65
2026.06.12;79934.86;79937.65;79864.97;79974.71
2026.06.15;79995.66;79974.71;79974.71;80077.09
2026.06.16;80077.09;80077.09;80077.09;80077.09
2026.06.17;80077.09;80077.09;80077.09;80077.09
2026.06.18;80077.09;80077.09;80077.09;80077.09
2026.06.19;80077.09;80077.09;80077.09;80077.09
2026.06.22;80077.09;80077.09;80077.09;80077.09
2026.06.23;80077.09;80077.09;80077.09;80077.09
2026.06.24;80077.09;80077.09;79841.49;80258.51
2026.06.25;80077.09;80258.51;79825.33;80063.14
2026.06.26;80077.09;80063.14;79727.01;79831.92
2026.06.29;80077.09;79831.92;79831.92;80232.91
2026.06.30;80077.09;80232.91;80206.66;80405.96
2026.07.01;80142.40;80405.96;80405.96;80412.17
2026.07.02;80412.17;80412.17;80412.17;80412.17
2026.07.03;80412.17;80412.17;80412.17;80412.17
2026.07.06;80412.17;80412.17;80412.17;80412.17
2026.07.07;80412.17;80412.17;80412.17;80412.17
2026.07.08;80412.17;80412.17;80412.17;80412.17
2026.07.09;80412.17;80412.17;80248.35;80423.56
2026.07.10;80412.17;80423.56;80339.76;80490.21
2026.07.13;80412.17;80490.21;80251.06;80379.21
2026.07.14;80412.17;80379.21;80234.00;80382.11
2026.07.15;80412.17;80382.11;80254.51;80367.41
2026.07.16;80412.17;80367.41;80203.81;80389.42
2026.07.17;80412.17;80389.42;80282.33;80377.16
2026.07.20;80466.23;80377.16;80308.84;80325.84
2026.07.21;80466.23;80325.84;80281.82;80660.83
2026.07.22;80466.23;80660.83;80660.83;80665.75
2026.07.23;80665.75;80665.75;80665.75;80665.75
2026.07.24;80665.75;80665.75;80665.75;80665.75
2026.07.27;80665.75;80665.75;80409.66;80506.40
2026.07.28;80665.75;80506.40;80282.21;80414.75
2026.07.29;80665.75;80414.75;80135.84;80161.53
2026.07.30;80665.75;80161.53;80161.53;80749.66
2026.07.31;80665.75;80749.66;80698.02;80830.41
2026.08.03;80587.94;80830.41;80830.41;80876.33
2026.08.04;80876.33;80876.33;80876.33;80876.33
2026.08.05;80876.33;80876.33;80876.33;80876.33
2026.08.06;80876.33;80876.33;80876.33;80876.33
2026.08.07;80876.33;80876.33;80876.33;80876.33
2026.08.10;80876.33;80876.33;80876.33;80876.33
2026.08.11;80876.33;80876.33;80876.33;80876.33
2026.08.12;80876.33;80876.33;80876.33;80876.33
2026.08.13;80876.33;80876.33;80876.33;80876.33
2026.08.14;80876.33;80876.33;80876.33;80876.33
2026.08.17;80876.33;80876.33;80820.26;80840.43
2026.08.18;80876.33;80840.43;80786.41;80808.31
2026.08.19;80876.33;80808.31;80771.06;80853.99
2026.08.20;80876.33;80853.99;80684.57;80702.72
2026.08.21;80876.33;80702.72;80687.20;80868.89
2026.08.24;80876.33;80868.89;80825.36;80882.80
2026.08.25;80900.51;80882.80;80866.38;80907.54
2026.08.26;80900.51;80907.54;80904.15;80904.15
2026.08.27;80904.15;80904.15;80904.15;80904.15
2026.08.28;80904.15;80904.15;80904.15;80904.15
2026.08.31;80904.15;80904.15;80904.15;80904.15
2026.09.01;80904.15;80904.15;80799.14;80817.17
2026.09.02;80904.15;80817.17;80758.13;80916.39
2026.09.03;80904.15;80916.39;80890.90;81134.20
2026.09.04;80904.15;81134.20;81133.31;81133.31
2026.09.07;81133.31;81133.31;81133.31;81133.31
2026.09.08;81133.31;81133.31;81133.31;81133.31
2026.09.09;81133.31;81133.31;81133.31;81133.31
2026.09.10;81133.31;81133.31;80957.16;81001.39
2026.09.11;81133.31;81001.39;80956.32;81133.13
2026.09.14;81133.31;81133.13;81003.99;81141.61
2026.09.15;81133.31;81141.61;80883.33;81107.27
2026.09.16;81133.31;81107.27;81021.78;81110.99
2026.09.17;81133.31;81110.99;81105.88;81291.43
2026.09.18;81133.31;81291.43;81288.20;81288.20
2026.09.21;81288.20;81288.20;81288.20;81288.20
2026.09.22;81288.20;81288.20;81288.20;81288.20
2026.09.23;81288.20;81288.20;81288.20;81288.20
