close_time;symbol;profit;raw_profit;swap;commission;volume;open_time
2021.01.20 01:05;US500.cash;243.47;250.79;-7.32;0.00;4.25;2021.01.18 01:05
2021.01.21 01:05;US30.cash;156.53;171.65;-15.12;0.00;0.52;2021.01.18 01:05
2021.01.21 01:05;GER40.cash;31.74;44.73;-12.99;0.00;0.95;2021.01.18 01:05
2021.01.21 01:05;XAUUSD;39.02;110.59;-71.48;-0.09;0.08;2021.01.11 01:05
2021.02.03 01:05;US500.cash;371.17;393.42;-22.25;0.00;4.31;2021.01.28 01:05
2021.02.03 01:05;US30.cash;149.97;180.79;-30.82;0.00;0.53;2021.01.28 01:05
2021.02.03 01:05;GER40.cash;48.43;83.40;-34.97;0.00;0.96;2021.01.26 01:05
2021.02.03 01:05;UK100.cash;-268.95;-229.99;-38.96;0.00;1.78;2021.01.26 01:05
2021.02.25 01:05;US500.cash;59.45;70.17;-10.72;0.00;4.17;2021.02.22 01:05
2021.03.02 01:05;US100.cash;-327.29;-280.74;-46.55;0.00;1.19;2021.02.22 01:05
2021.03.29 01:05;US500.cash;184.15;209.32;-25.17;0.00;4.08;2021.03.22 01:05
2021.03.29 01:05;UK100.cash;172.81;197.22;-24.41;0.00;1.73;2021.03.24 01:05
2021.05.10 01:05;US100.cash;-84.79;-50.39;-34.40;0.00;1.17;2021.05.04 01:05
2021.05.17 01:05;US500.cash;344.86;358.57;-13.71;0.00;3.99;2021.05.13 01:05
2021.05.17 01:05;US100.cash;382.80;407.02;-24.22;0.00;1.24;2021.05.13 01:05
2021.05.17 01:05;US30.cash;298.28;316.85;-18.57;0.00;0.48;2021.05.13 01:05
2021.06.07 01:05;US100.cash;232.54;250.37;-17.83;0.00;1.22;2021.06.04 01:05
2021.06.23 01:05;US500.cash;90.28;110.59;-20.31;0.00;3.86;2021.06.17 01:05
2021.06.25 01:05;US30.cash;-127.59;-76.82;-50.77;0.00;0.47;2021.06.14 01:05
2021.06.25 01:05;UK100.cash;134.56;153.10;-18.54;0.00;1.64;2021.06.21 01:05
2021.07.02 01:05;XAUUSD;-669.53;-560.30;-109.15;-0.08;0.08;2021.06.16 01:05
2021.07.22 01:05;US500.cash;281.82;288.38;-6.56;0.00;3.71;2021.07.20 01:05
2021.07.22 01:05;US100.cash;145.47;161.90;-16.43;0.00;1.09;2021.07.19 01:05
2021.07.22 01:05;US30.cash;300.72;309.88;-9.16;0.00;0.46;2021.07.20 01:05
2021.07.22 01:05;UK100.cash;-28.85;-1.00;-27.85;0.00;1.65;2021.07.16 01:05
2021.07.23 01:05;GER40.cash;42.23;58.07;-15.84;0.00;0.87;2021.07.19 01:05
2021.08.23 01:05;US500.cash;129.60;142.58;-12.98;0.00;3.64;2021.08.19 01:05
2021.08.23 01:05;US100.cash;216.38;238.07;-21.69;0.00;1.07;2021.08.19 01:05
2021.08.24 01:05;US30.cash;146.70;169.25;-22.55;0.00;0.45;2021.08.19 01:05
2021.08.25 01:05;GER40.cash;74.04;93.64;-19.60;0.00;0.86;2021.08.20 01:05
2021.08.26 01:05;UK100.cash;-12.88;19.52;-32.40;0.00;1.64;2021.08.19 01:05
2021.09.16 01:05;US100.cash;14.02;29.67;-15.65;0.00;1.04;2021.09.13 01:05
2021.09.23 01:05;GER40.cash;12.67;24.70;-12.03;0.00;0.88;2021.09.20 01:05
2021.09.23 01:06;UK100.cash;67.94;129.73;-61.79;0.00;1.68;2021.09.10 01:05
2021.09.24 01:05;US500.cash;-178.31;-133.41;-44.90;0.00;3.62;2021.09.10 01:05
2021.09.24 01:05;US100.cash;254.97;270.90;-15.93;0.00;1.05;2021.09.21 01:05
2021.09.24 01:05;US30.cash;-108.91;-44.67;-64.24;0.00;0.46;2021.09.10 01:05
2021.10.07 01:05;US500.cash;153.93;173.89;-19.96;0.00;3.70;2021.10.01 01:05
2021.10.07 01:05;US100.cash;-48.57;-3.98;-44.59;0.00;1.09;2021.09.29 01:05
2021.10.07 01:05;US30.cash;188.47;217.02;-28.55;0.00;0.47;2021.10.01 01:05
2021.10.14 01:05;GER40.cash;138.58;175.92;-37.34;0.00;0.91;2021.10.05 01:05
2021.11.15 01:05;US100.cash;169.78;190.28;-20.50;0.00;0.99;2021.11.11 01:05
2021.11.24 01:05;UK100.cash;-19.21;8.43;-27.64;0.00;1.60;2021.11.18 01:06
2021.11.25 01:05;US30.cash;-104.21;-44.94;-59.27;0.00;0.44;2021.11.12 01:05
2021.12.03 01:05;UK100.cash;178.30;197.07;-18.77;0.00;1.65;2021.11.29 01:05
2021.12.07 01:05;US30.cash;82.24;118.77;-36.53;0.00;0.44;2021.11.29 01:05
2021.12.07 01:05;GER40.cash;-634.42;-579.54;-54.88;0.00;0.86;2021.11.23 01:05
2021.12.08 01:05;US500.cash;209.61;237.49;-27.88;0.00;3.36;2021.11.29 01:05
2021.12.14 01:06;XAUUSD;-291.53;-156.98;-134.46;-0.09;0.08;2021.11.23 01:06
2021.12.23 01:05;US30.cash;288.37;297.51;-9.14;0.00;0.44;2021.12.21 01:05
2022.01.12 01:05;US500.cash;29.87;48.21;-18.34;0.00;3.33;2022.01.06 01:05
2022.01.12 01:05;US100.cash;46.61;77.63;-31.02;0.00;0.99;2022.01.06 01:05
2022.01.13 01:05;GER40.cash;116.21;124.13;-7.92;0.00;0.87;2022.01.11 01:05
2022.01.24 12:07;US500.cash;-580.80;-565.13;-15.67;0.00;3.41;2022.01.19 01:05
2022.01.24 12:07;US100.cash;-771.14;-744.48;-26.66;0.00;1.02;2022.01.19 01:05
2022.01.24 12:07;US30.cash;-731.36;-673.72;-57.64;0.00;0.43;2022.01.11 01:05
2022.01.24 12:07;GER40.cash;-322.61;-310.85;-11.76;0.00;0.86;2022.01.21 01:05
2022.01.24 12:07;UK100.cash;-26.15;-26.15;0.00;0.00;1.51;2022.01.24 01:05
2022.01.28 01:05;UK100.cash;350.50;363.79;-13.29;0.00;1.53;2022.01.25 01:05
2022.02.28 01:05;UK100.cash;-34.53;-8.37;-26.16;0.00;1.51;2022.02.22 01:05
2022.03.24 01:06;XAUUSD;96.53;153.93;-57.31;-0.09;0.07;2022.03.16 01:06
2022.04.29 01:05;UK100.cash;69.11;86.56;-17.45;0.00;1.52;2022.04.25 01:05
2022.05.20 01:06;XAUUSD;-763.74;-601.54;-162.11;-0.09;0.07;2022.04.25 01:06
2022.06.22 01:05;UK100.cash;-593.10;-541.34;-51.76;0.00;1.53;2022.06.10 01:05
2022.09.12 01:05;UK100.cash;-259.03;-179.33;-79.70;0.00;1.49;2022.08.24 01:05
2022.12.13 01:05;US30.cash;112.39;139.80;-27.41;0.00;0.41;2022.12.07 01:05
2022.12.13 01:05;GER40.cash;13.26;38.41;-25.15;0.00;0.92;2022.12.07 01:05
2022.12.14 01:05;UK100.cash;-17.99;3.56;-21.55;0.00;1.53;2022.12.09 01:06
2022.12.22 01:05;US30.cash;195.94;209.88;-13.94;0.00;0.42;2022.12.19 01:05
2022.12.22 01:05;GER40.cash;56.10;82.08;-25.98;0.00;0.95;2022.12.16 01:05
2022.12.22 01:05;UK100.cash;275.15;288.18;-13.03;0.00;1.57;2022.12.19 01:05
2023.01.24 01:05;US30.cash;123.82;147.06;-23.24;0.00;0.43;2023.01.19 01:05
2023.02.24 01:05;GER40.cash;113.94;121.78;-7.84;0.00;0.86;2023.02.22 01:05
2023.03.01 01:06;XAUUSD;-396.34;-259.90;-136.36;-0.08;0.07;2023.02.06 01:06
2023.03.03 01:05;US30.cash;-113.46;-71.56;-41.90;0.00;0.42;2023.02.22 01:05
2023.03.03 01:05;UK100.cash;-66.58;-30.33;-36.25;0.00;1.47;2023.02.22 01:05
2023.03.06 01:05;US500.cash;87.39;129.29;-41.90;0.00;3.55;2023.02.22 01:05
2023.03.06 01:05;US100.cash;126.17;204.68;-78.51;0.00;1.17;2023.02.22 01:05
2023.03.22 01:05;GER40.cash;201.03;233.11;-32.08;0.00;0.88;2023.03.14 01:05
2023.03.22 01:06;UK100.cash;-294.93;-256.98;-37.95;0.00;1.53;2023.03.13 01:05
2023.04.14 01:05;US100.cash;234.41;240.53;-6.12;0.00;1.14;2023.04.13 01:05
2023.04.28 01:05;US500.cash;120.18;126.94;-6.76;0.00;3.58;2023.04.26 01:05
2023.04.28 01:05;US100.cash;138.33;162.62;-24.29;0.00;1.13;2023.04.24 01:05
2023.05.01 01:05;US30.cash;289.42;308.16;-18.74;0.00;0.44;2023.04.27 01:05
2023.05.08 01:05;US500.cash;222.53;232.83;-10.30;0.00;3.63;2023.05.05 01:05
2023.05.16 01:05;UK100.cash;-255.60;-172.65;-82.95;0.00;1.50;2023.04.26 01:05
2023.05.19 01:05;US30.cash;105.75;171.97;-66.22;0.00;0.44;2023.05.05 01:05
2023.05.29 01:05;US30.cash;173.91;193.16;-19.25;0.00;0.44;2023.05.25 01:05
2023.05.31 01:06;XAUUSD;-276.44;-194.15;-82.20;-0.09;0.07;2023.05.17 01:06
2023.06.05 01:05;GER40.cash;81.37;123.48;-42.11;0.00;0.84;2023.05.25 01:05
2023.06.05 01:05;UK100.cash;-88.20;-41.08;-47.12;0.00;1.53;2023.05.25 01:05
2023.06.28 01:05;US30.cash;63.94;73.17;-9.23;0.00;0.43;2023.06.26 01:05
2023.06.29 01:05;US100.cash;72.21;109.84;-37.63;0.00;0.99;2023.06.22 01:05
2023.06.29 01:05;GER40.cash;-65.78;-38.98;-26.80;0.00;0.84;2023.06.22 01:05
2023.06.29 01:05;UK100.cash;-137.25;-102.99;-34.26;0.00;1.52;2023.06.21 01:08
2023.07.03 01:06;XAUUSD;-148.94;-96.69;-52.16;-0.09;0.07;2023.06.22 01:06
2023.07.12 01:05;US500.cash;110.21;116.55;-6.34;0.00;3.35;2023.07.10 01:05
2023.07.12 01:05;US30.cash;100.31;123.28;-22.97;0.00;0.43;2023.07.07 01:05
2023.07.12 01:05;GER40.cash;218.10;237.70;-19.60;0.00;0.86;2023.07.07 01:05
2023.08.08 01:05;US30.cash;138.36;142.84;-4.48;0.00;0.42;2023.08.07 01:05
2023.08.15 01:05;US500.cash;-114.33;-77.06;-37.27;0.00;3.27;2023.08.03 01:05
2023.08.22 01:05;US100.cash;-505.31;-406.48;-98.83;0.00;0.96;2023.08.03 01:05
2023.08.23 01:05;GER40.cash;-333.02;-256.45;-76.57;0.00;0.84;2023.08.03 01:05
2023.08.23 01:06;XAUUSD;-178.96;-115.02;-63.85;-0.09;0.07;2023.08.10 01:06
2023.08.24 01:05;US500.cash;139.32;161.40;-22.08;0.00;3.29;2023.08.17 01:05
2023.08.29 01:05;US30.cash;-194.09;-136.40;-57.69;0.00;0.41;2023.08.16 01:05
2023.09.12 01:05;US500.cash;43.37;58.94;-15.57;0.00;3.20;2023.09.07 01:05
2023.09.12 01:05;US100.cash;131.07;151.65;-20.58;0.00;0.93;2023.09.08 01:05
2023.09.12 01:05;US30.cash;62.23;84.70;-22.47;0.00;0.41;2023.09.07 01:05
2023.09.12 01:05;GER40.cash;50.66;69.80;-19.14;0.00;0.84;2023.09.07 01:05
2023.09.18 01:06;XAUUSD;-84.43;-13.52;-70.82;-0.09;0.07;2023.09.06 01:06
2023.10.02 01:05;US100.cash;-203.17;-144.72;-58.45;0.00;0.95;2023.09.21 01:05
2023.10.09 01:05;US500.cash;-438.90;-381.41;-57.49;0.00;3.24;2023.09.21 01:05
2023.10.09 01:05;US30.cash;-416.03;-338.63;-77.40;0.00;0.41;2023.09.22 01:05
2023.11.01 01:05;US500.cash;-310.37;-271.74;-38.63;0.00;3.27;2023.10.20 01:05
2023.11.02 01:05;US100.cash;-128.86;-60.46;-68.40;0.00;0.94;2023.10.20 01:05
2023.11.15 01:06;XAUUSD;49.67;73.33;-23.57;-0.09;0.07;2023.11.09 01:06
2023.12.14 01:06;XAUUSD;257.46;280.86;-23.31;-0.09;0.07;2023.12.12 01:06
2024.01.09 01:05;US500.cash;125.02;139.54;-14.52;0.00;3.05;2024.01.04 01:05
2024.01.09 01:05;US100.cash;25.27;53.55;-28.28;0.00;0.87;2024.01.03 01:05
2024.01.09 01:05;GER40.cash;162.12;180.12;-18.00;0.00;0.79;2024.01.04 01:05
2024.01.15 01:06;XAUUSD;-14.77;37.28;-51.96;-0.09;0.07;2024.01.04 01:06
2024.01.19 01:05;US500.cash;117.88;120.77;-2.89;0.00;3.02;2024.01.18 01:05
2024.01.22 01:05;US30.cash;175.98;196.46;-20.48;0.00;0.38;2024.01.17 01:05
2024.01.22 01:05;GER40.cash;173.17;187.76;-14.59;0.00;0.80;2024.01.18 01:05
2024.01.24 01:05;UK100.cash;-203.85;-153.45;-50.40;0.00;1.49;2024.01.12 01:05
2024.02.19 01:06;XAUUSD;-87.06;-51.63;-35.34;-0.09;0.07;2024.02.13 01:06
2024.03.07 01:05;UK100.cash;43.00;72.28;-29.28;0.00;1.48;2024.02.29 01:05
2024.03.13 01:05;US30.cash;108.59;136.39;-27.80;0.00;0.37;2024.03.06 01:05
2024.04.09 01:05;UK100.cash;52.53;68.66;-16.13;0.00;1.43;2024.04.05 01:05
2024.04.10 01:05;US500.cash;141.54;154.95;-13.41;0.00;2.79;2024.04.05 01:05
2024.04.10 01:05;US100.cash;178.40;200.26;-21.86;0.00;0.80;2024.04.05 01:05
2024.04.22 01:05;US30.cash;-264.91;-196.01;-68.90;0.00;0.37;2024.04.05 01:05
2024.04.22 01:05;UK100.cash;3.21;27.39;-24.18;0.00;1.43;2024.04.16 01:05
2024.04.23 01:05;GER40.cash;35.60;62.57;-26.97;0.00;0.74;2024.04.15 01:05
2024.04.24 01:05;US500.cash;25.36;47.18;-21.82;0.00;2.79;2024.04.16 01:05
2024.04.24 01:05;US100.cash;89.58;112.08;-22.50;0.00;0.81;2024.04.19 01:05
2024.05.07 01:06;XAUUSD;-6.30;44.34;-50.55;-0.09;0.06;2024.04.25 01:06
2024.05.28 01:05;GER40.cash;120.49;133.44;-12.95;0.00;0.71;2024.05.24 01:05
2024.06.03 01:05;US30.cash;-170.56;-131.61;-38.95;0.00;0.36;2024.05.24 01:05
2024.06.03 01:05;UK100.cash;-35.90;2.76;-38.66;0.00;1.36;2024.05.24 01:05
2024.06.04 01:06;XAUUSD;71.73;116.83;-45.01;-0.09;0.06;2024.05.24 01:06
2024.06.05 01:05;US500.cash;138.72;151.86;-13.14;0.00;2.74;2024.05.31 01:05
2024.06.05 01:05;US100.cash;78.01;99.01;-21.00;0.00;0.77;2024.05.31 01:05
2024.06.13 01:05;GER40.cash;185.11;188.39;-3.28;0.00;0.72;2024.06.12 01:05
2024.06.18 01:05;US30.cash;65.07;81.28;-16.21;0.00;0.37;2024.06.14 01:05
2024.06.28 01:05;US500.cash;75.35;83.04;-7.69;0.00;2.63;2024.06.25 01:05
2024.06.28 01:05;US100.cash;199.08;211.21;-12.13;0.00;0.73;2024.06.25 01:05
2024.07.04 01:05;UK100.cash;24.90;32.84;-7.94;0.00;1.39;2024.07.02 01:05
2024.07.24 01:05;GER40.cash;93.33;109.97;-16.64;0.00;0.73;2024.07.19 01:05
2024.07.29 01:05;US30.cash;213.88;229.45;-15.57;0.00;0.36;2024.07.25 01:05
2024.07.31 01:06;XAUUSD;238.73;253.83;-15.01;-0.09;0.06;2024.07.26 01:06
2024.08.01 01:05;US500.cash;42.89;68.25;-25.36;0.00;2.64;2024.07.22 01:05
2024.08.01 01:05;US100.cash;-317.13;-260.59;-56.54;0.00;0.74;2024.07.18 01:05
2024.08.09 01:05;US500.cash;237.78;245.82;-8.04;0.00;2.81;2024.08.06 01:05
2024.08.09 01:05;US30.cash;-26.47;-10.57;-15.90;0.00;0.37;2024.08.05 01:05
2024.08.09 01:05;GER40.cash;118.82;132.66;-13.84;0.00;0.76;2024.08.05 01:05
2024.08.09 01:05;UK100.cash;171.25;183.33;-12.08;0.00;1.43;2024.08.06 01:05
2024.08.09 01:06;XAUUSD;183.03;202.97;-19.85;-0.09;0.06;2024.08.07 01:06
2024.09.12 01:05;US500.cash;100.68;116.18;-15.50;0.00;2.74;2024.09.06 01:05
2024.09.12 01:05;US100.cash;206.13;231.86;-25.73;0.00;0.80;2024.09.06 01:05
2024.09.13 01:05;US30.cash;69.58;97.06;-27.48;0.00;0.37;2024.09.06 01:05
2024.09.13 01:05;GER40.cash;-46.38;-19.75;-26.63;0.00;0.73;2024.09.05 01:05
2024.09.16 01:05;UK100.cash;-16.80;30.67;-47.47;0.00;1.38;2024.09.04 01:05
2024.10.10 01:05;GER40.cash;181.81;201.49;-19.68;0.00;0.72;2024.10.04 01:05
2024.10.14 01:06;XAUUSD;107.09;127.82;-20.65;-0.08;0.05;2024.10.09 01:06
2024.10.15 01:05;UK100.cash;149.06;173.18;-24.12;0.00;1.39;2024.10.09 01:05
2024.10.29 01:05;US500.cash;42.41;54.71;-12.30;0.00;2.55;2024.10.24 01:05
2024.11.06 01:05;US500.cash;175.14;187.61;-12.47;0.00;2.60;2024.11.01 01:05
2024.11.06 01:05;US30.cash;-93.73;-45.86;-47.87;0.00;0.34;2024.10.24 01:05
2024.11.06 01:05;GER40.cash;113.07;129.26;-16.19;0.00;0.71;2024.11.01 01:05
2024.11.07 01:05;UK100.cash;-218.35;-162.45;-55.90;0.00;1.38;2024.10.24 01:05
2024.11.19 01:06;XAUUSD;-286.44;-243.80;-42.55;-0.09;0.05;2024.11.07 01:06
2024.11.22 01:05;US500.cash;144.52;154.12;-9.60;0.00;2.43;2024.11.18 01:05
2024.11.22 01:05;US100.cash;-129.50;-102.75;-26.75;0.00;0.68;2024.11.15 01:05
2024.11.22 01:05;US30.cash;115.75;130.42;-14.67;0.00;0.33;2024.11.18 01:05
2024.12.24 01:05;US500.cash;221.24;233.19;-11.95;0.00;2.39;2024.12.19 01:05
2024.12.26 01:05;US30.cash;-409.05;-355.16;-53.89;0.00;0.32;2024.12.10 01:05
2024.12.27 01:06;XAUUSD;173.92;208.72;-34.71;-0.09;0.05;2024.12.19 01:06
2025.01.02 03:05;UK100.cash;-86.88;-30.90;-55.98;0.00;1.37;2024.12.18 01:05
2025.01.03 01:05;GER40.cash;-208.74;-159.90;-48.84;0.00;0.67;2024.12.18 01:05
2025.01.06 01:05;US500.cash;82.86;94.96;-12.10;0.00;2.39;2025.01.02 01:05
2025.01.06 01:05;US100.cash;128.64;147.64;-19.00;0.00;0.66;2025.01.02 01:05
2025.01.07 01:05;US30.cash;109.90;124.90;-15.00;0.00;0.33;2025.01.03 01:05
2025.01.15 01:05;US30.cash;191.70;199.24;-7.54;0.00;0.33;2025.01.13 01:05
2025.01.16 01:05;US500.cash;305.54;312.87;-7.33;0.00;2.41;2025.01.13 01:05
2025.01.16 01:05;US100.cash;261.84;273.43;-11.59;0.00;0.67;2025.01.13 01:05
2025.02.06 01:05;US100.cash;265.08;300.01;-34.93;0.00;0.68;2025.01.28 01:05
2025.02.26 01:05;GER40.cash;168.28;173.94;-5.66;0.00;0.62;2025.02.24 01:05
2025.02.26 01:05;UK100.cash;52.05;71.32;-19.27;0.00;1.32;2025.02.21 01:05
2025.03.03 01:05;US30.cash;-143.36;-106.26;-37.10;0.00;0.33;2025.02.21 01:05
2025.03.05 01:06;XAUUSD;142.33;152.74;-10.33;-0.08;0.04;2025.02.28 01:06
2025.03.10 19:24;US500.cash;-896.22;-863.12;-33.10;0.00;2.40;2025.02.24 01:05
2025.03.10 19:24;US100.cash;-1364.37;-1312.62;-51.75;0.00;0.66;2025.02.24 01:05
2025.03.10 19:24;UK100.cash;-131.52;-120.10;-11.42;0.00;1.32;2025.03.07 01:05
2025.03.17 01:05;GER40.cash;370.03;383.69;-13.66;0.00;0.60;2025.03.12 01:05
2025.04.07 01:05;GER40.cash;-1715.19;-1696.07;-19.12;0.00;0.60;2025.03.31 01:05
2025.04.07 01:05;UK100.cash;-1376.02;-1353.49;-22.53;0.00;1.31;2025.04.01 01:05
2025.04.10 01:05;GER40.cash;932.10;938.02;-5.92;0.00;0.65;2025.04.08 01:05
2025.04.10 01:06;XAUUSD;328.21;341.49;-13.20;-0.08;0.04;2025.04.08 01:06
2025.05.06 01:06;XAUUSD;313.90;320.37;-6.39;-0.08;0.04;2025.05.02 01:06
2025.05.28 01:05;US500.cash;258.67;263.44;-4.77;0.00;2.60;2025.05.26 01:05
2025.06.24 01:05;GER40.cash;-247.69;-217.07;-30.62;0.00;0.56;2025.06.12 01:05
2025.06.30 01:05;UK100.cash;71.51;97.29;-25.78;0.00;1.30;2025.06.23 01:05
2025.07.02 01:06;XAUUSD;37.31;58.99;-21.60;-0.08;0.04;2025.06.25 01:06
2025.08.04 01:06;XAUUSD;148.46;167.47;-18.93;-0.08;0.04;2025.07.29 01:06
2025.08.08 01:05;US100.cash;375.15;389.02;-13.87;0.00;0.68;2025.08.04 01:05
2025.08.08 01:05;GER40.cash;425.45;435.65;-10.20;0.00;0.56;2025.08.04 01:05
2025.08.11 01:05;US500.cash;325.75;341.31;-15.56;0.00;2.48;2025.08.04 01:05
2025.08.13 01:05;US30.cash;46.43;87.62;-41.19;0.00;0.34;2025.08.01 01:05
2025.08.21 01:06;XAUUSD;108.72;118.10;-9.30;-0.08;0.04;2025.08.20 01:06
2025.08.25 01:05;US500.cash;139.92;148.73;-8.81;0.00;2.47;2025.08.21 01:05
2025.08.25 01:05;US100.cash;39.04;56.03;-16.99;0.00;0.67;2025.08.20 01:05
2025.09.05 01:05;US30.cash;99.41;106.25;-6.84;0.00;0.34;2025.09.03 01:05
2025.09.05 01:05;UK100.cash;32.19;46.47;-14.28;0.00;1.28;2025.09.01 01:05
2025.09.19 01:05;GER40.cash;-225.50;-169.37;-56.13;0.00;0.56;2025.08.28 01:05
2025.10.01 01:05;US30.cash;89.99;107.02;-17.03;0.00;0.34;2025.09.26 01:05
2025.10.20 01:05;US100.cash;187.58;210.39;-22.81;0.00;0.64;2025.10.13 01:05
2025.10.21 01:05;US500.cash;235.29;252.34;-17.05;0.00;2.38;2025.10.13 01:05
2025.10.21 01:05;US30.cash;66.38;103.00;-36.62;0.00;0.33;2025.10.10 01:05
2025.10.21 01:05;GER40.cash;181.49;184.04;-2.55;0.00;0.56;2025.10.20 01:05
2025.10.31 01:06;XAUUSD;79.98;95.65;-15.57;-0.10;0.04;2025.10.28 01:06
2025.11.11 01:05;US500.cash;109.23;121.78;-12.55;0.00;2.32;2025.11.05 01:05
2025.11.11 01:05;US30.cash;-16.47;7.02;-23.49;0.00;0.33;2025.11.04 01:05
2025.11.11 01:05;GER40.cash;23.87;44.66;-20.79;0.00;0.57;2025.11.03 01:05
2025.11.25 01:05;US500.cash;37.14;52.19;-15.05;0.00;2.38;2025.11.18 01:05
2025.11.25 01:05;US100.cash;1.09;24.12;-23.03;0.00;0.64;2025.11.18 01:05
2025.11.25 01:05;US30.cash;-83.83;-59.61;-24.22;0.00;0.34;2025.11.18 01:05
2025.11.26 01:05;UK100.cash;-40.16;-12.68;-27.48;0.00;1.25;2025.11.18 01:05
2025.12.11 01:05;UK100.cash;5.44;15.73;-10.29;0.00;1.24;2025.12.08 01:05
2025.12.22 01:05;US500.cash;222.39;230.89;-8.50;0.00;2.39;2025.12.18 01:05
2025.12.22 01:05;US100.cash;113.51;136.15;-22.64;0.00;0.64;2025.12.15 01:05
2025.12.22 01:05;GER40.cash;214.90;225.29;-10.39;0.00;0.57;2025.12.18 01:05
2026.01.06 01:05;US500.cash;92.34;102.88;-10.54;0.00;2.37;2026.01.02 01:05
2026.01.06 01:05;US30.cash;233.69;250.21;-16.52;0.00;0.33;2026.01.02 01:05
2026.01.07 01:05;US100.cash;197.36;216.78;-19.42;0.00;0.64;2026.01.02 01:05
2026.01.23 01:05;US500.cash;43.03;49.30;-6.27;0.00;2.35;2026.01.20 01:05
2026.01.23 01:05;US100.cash;106.57;116.28;-9.71;0.00;0.64;2026.01.20 01:05
2026.01.23 01:05;US30.cash;204.74;211.34;-6.60;0.00;0.33;2026.01.21 01:05
2026.01.27 01:05;GER40.cash;-55.10;-37.54;-17.56;0.00;0.55;2026.01.20 01:05
2026.02.03 01:05;GER40.cash;226.53;236.92;-10.39;0.00;0.57;2026.01.30 01:05
2026.02.10 01:05;US500.cash;397.48;406.07;-8.59;0.00;2.44;2026.02.06 01:05
2026.02.10 01:05;US100.cash;522.33;535.74;-13.41;0.00;0.67;2026.02.06 01:05
2026.02.10 01:06;XAUUSD;888.97;905.11;-16.05;-0.09;0.03;2026.02.03 01:06
2026.02.19 01:05;US500.cash;92.27;98.82;-6.55;0.00;2.48;2026.02.16 01:05
2026.03.18 01:05;GER40.cash;-570.29;-530.67;-39.62;0.00;0.58;2026.03.03 01:05
2026.03.18 01:05;UK100.cash;-258.27;-212.07;-46.20;0.00;1.18;2026.03.04 01:05
2026.03.19 16:04;US500.cash;-230.99;-217.78;-13.21;0.00;2.42;2026.03.13 01:05
2026.03.19 16:04;US30.cash;-806.24;-754.37;-51.87;0.00;0.34;2026.03.04 01:05
2026.03.19 16:04;XAUUSD;-1271.21;-1259.32;-11.81;-0.08;0.03;2026.03.16 01:06
2026.03.26 01:05;UK100.cash;4.76;24.54;-19.78;0.00;1.18;2026.03.20 01:05
2026.04.01 01:06;XAUUSD;21.98;45.53;-23.47;-0.08;0.03;2026.03.20 01:06
2026.05.01 01:05;US30.cash;275.51;278.71;-3.20;0.00;0.32;2026.04.30 01:05
2026.05.05 03:00;UK100.cash;-169.39;-134.00;-35.39;0.00;1.15;2026.04.24 01:05
2026.05.07 01:06;XAUUSD;217.49;240.72;-23.15;-0.08;0.03;2026.04.29 01:06
2026.05.26 01:06;XAUUSD;-236.37;-215.30;-20.99;-0.08;0.03;2026.05.15 01:06
2026.06.12 01:05;UK100.cash;78.56;110.76;-32.20;0.00;1.15;2026.06.02 01:05
2026.06.15 01:05;US500.cash;222.23;235.80;-13.57;0.00;2.15;2026.06.08 01:05
2026.06.15 01:05;US100.cash;510.43;530.17;-19.74;0.00;0.55;2026.06.08 01:05
2026.06.15 01:05;US30.cash;438.66;451.23;-12.57;0.00;0.31;2026.06.11 01:05
2026.06.15 01:05;GER40.cash;106.06;134.13;-28.07;0.00;0.56;2026.06.04 01:05
2026.06.30 01:05;US500.cash;86.01;97.87;-11.86;0.00;2.16;2026.06.24 01:05
2026.07.01 01:05;US100.cash;355.32;374.99;-19.67;0.00;0.54;2026.06.24 01:05
2026.07.17 01:05;UK100.cash;70.85;96.77;-25.92;0.00;1.14;2026.07.09 01:05
2026.07.22 01:05;US100.cash;268.91;274.73;-5.82;0.00;0.56;2026.07.20 01:05
2026.07.22 01:05;GER40.cash;-2.92;30.25;-33.17;0.00;0.56;2026.07.09 01:05
2026.07.28 01:05;US30.cash;77.29;99.67;-22.38;0.00;0.31;2026.07.21 01:05
2026.07.31 01:05;US100.cash;-101.33;-89.73;-11.60;0.00;0.56;2026.07.27 01:05
2026.08.03 01:05;US500.cash;379.91;387.86;-7.95;0.00;2.20;2026.07.30 01:05
2026.08.24 01:05;UK100.cash;32.15;54.51;-22.36;0.00;1.13;2026.08.17 01:05
2026.08.26 01:05;US30.cash;4.73;28.87;-24.14;0.00;0.30;2026.08.18 01:05
2026.08.26 01:05;GER40.cash;52.82;70.04;-17.22;0.00;0.54;2026.08.19 01:05
2026.08.28 01:05;US100.cash;-5.18;17.58;-22.76;0.00;0.56;2026.08.20 01:05
2026.09.04 01:05;US500.cash;193.02;196.90;-3.88;0.00;2.16;2026.09.02 01:05
2026.09.04 01:05;US30.cash;112.55;121.96;-9.41;0.00;0.31;2026.09.01 01:05
2026.09.18 01:05;US500.cash;-33.81;-18.15;-15.66;0.00;2.17;2026.09.10 01:05
2026.09.18 01:05;US100.cash;118.71;138.82;-20.11;0.00;0.56;2026.09.11 01:05
2026.09.18 01:05;GER40.cash;-141.94;-101.80;-40.14;0.00;0.55;2026.09.02 01:05
2026.09.18 01:05;UK100.cash;171.71;197.67;-25.96;0.00;1.15;2026.09.10 01:05
2026.09.22 01:05;US30.cash;-139.83;-101.98;-37.85;0.00;0.31;2026.09.10 01:05
