day,side,entry,exit,reason,bruto_bp,symbol
2021-01-27,-1,30492.45,30627.45,time,-44.27325452694028,US30cash
2021-01-29,1,30380.45,30285.715,stop,-31.182882412867677,US30cash
2021-02-23,-1,31337.45,31359.45,time,-7.020354240692845,US30cash
2021-03-05,1,31073.0,30952.41,stop,-38.808611978244826,US30cash
2021-03-19,-1,32672.0,32717.45,time,-13.910994123408646,US30cash
2021-05-04,-1,33916.9,33822.45,target,27.84747426799158,US30cash
2021-05-14,1,34240.0,34338.45,target,28.752920560746812,US30cash
2021-06-10,1,34636.45,34474.375,stop,-46.793190410679244,US30cash
2021-06-17,1,33946.45,33893.880000000005,stop,-15.48615540063613,US30cash
2021-06-18,-1,33436.45,33362.65,target,22.07172113068093,US30cash
2021-08-16,-1,35297.25,35384.485,stop,-24.714389931227103,US30cash
2021-08-17,-1,35337.65,35422.305,stop,-23.956035559806278,US30cash
2021-08-19,1,34790.45,34916.45,target,36.21683536717691,US30cash
2021-09-03,-1,35389.45,35376.45,time,3.6734111437165597,US30cash
2021-09-15,1,34635.45,34711.45,target,21.942836024939766,US30cash
2021-09-20,1,34098.45,33865.005000000005,stop,-68.46205619316787,US30cash
2021-09-21,1,34201.45,34154.420000000006,stop,-13.750878983198538,US30cash
2021-11-05,1,36340.25,36348.45,time,2.2564511801644427,US30cash
2021-11-19,1,35657.45,35625.49,stop,-8.963063819762526,US30cash
2021-11-22,1,35806.45,35814.45,time,2.2342343348754206,US30cash
2021-11-23,1,35658.65,35634.1,stop,-6.884725024644205,US30cash
2021-11-26,-1,34985.25,35031.7,stop,-13.277023888637952,US30cash
2021-11-29,-1,35104.65,35166.355,stop,-17.57744344410263,US30cash
2021-11-30,1,34876.45,34986.25,target,31.482562015343568,US30cash
2021-12-02,1,34327.45,34521.65,target,56.57280106736865,US30cash
2021-12-17,-1,35602.65,35382.25,target,61.905504225107244,US30cash
2022-01-06,-1,36336.45,36235.5,target,27.782020533100262,US30cash
2022-01-11,-1,35896.45,36133.665,stop,-66.08313635471022,US30cash
2022-01-20,1,35262.45,35388.65,target,35.78877814786108,US30cash
2022-01-24,-1,33833.45,33621.4,target,62.6746607277696,US30cash
2022-01-25,-1,33969.4,34056.405000000006,stop,-25.612757363981892,US30cash
2022-01-27,1,34477.4,34189.45,time,-83.51847877160237,US30cash
2022-04-12,1,34570.45,34407.45,time,-47.150094951034774,US30cash
2022-04-14,1,34767.65,34596.975,stop,-49.090174343104266,US30cash
2022-05-06,-1,32757.65,32979.545,stop,-67.73837561607648,US30cash
2022-07-13,-1,30863.45,30981.45,time,-38.23292600146775,US30cash
2022-09-06,-1,31346.5,31184.5,target,51.68041089116807,US30cash
2022-10-13,-1,28985.5,29565.8,stop,-200.20355005088726,US30cash
2022-10-21,1,30461.0,30689.6,target,75.04678112996899,US30cash
2022-11-04,1,32181.3,32072.81,stop,-33.71212474325088,US30cash
2022-12-02,-1,34086.8,34354.5,stop,-78.53479939448616,US30cash
2022-12-09,-1,33730.2,33729.0,time,0.3557642705934414,US30cash
2022-12-13,1,34512.4,34390.89,stop,-35.2076355165106,US30cash
2023-01-06,1,33149.9,33358.9,target,63.046947351274056,US30cash
2023-02-02,-1,33934.2,34033.0,time,-29.115169946544466,US30cash
2023-02-14,-1,34219.2,33995.6,target,65.34343292654374,US30cash
2023-02-16,-1,33823.4,33989.3,time,-49.04888331746703,US30cash
2023-03-10,-1,32163.1,32216.850000000002,stop,-16.71169756646705,US30cash
2023-03-13,1,31847.9,32033.0,target,58.12000163276026,US30cash
2023-03-20,1,32071.1,32212.7,target,44.15189999719442,US30cash
2023-05-05,1,33476.1,33537.7,time,18.40118771302468,US30cash
2023-05-10,1,33606.5,33471.65,stop,-40.12616606906359,US30cash
2023-05-11,-1,33266.0,33279.3,time,-3.9980761137506495,US30cash
2023-06-13,1,34208.5,34270.2,time,18.036452928364906,US30cash
2023-06-27,1,33774.7,33860.0,target,25.255590723234526,US30cash
2023-07-07,-1,33905.3,33929.1,stop,-7.019551515543479,US30cash
2023-07-10,1,33848.1,33895.3,time,13.94465272792398,US30cash
2023-07-12,1,34486.9,34401.2,time,-24.850015513138136,US30cash
2023-07-19,1,35065.2,35063.4,time,-0.513329454842874,US30cash
2023-08-01,1,35573.6,35578.3,time,1.3212044887232008,US30cash
2023-08-04,1,35319.2,35417.3,target,27.775261047817004,US30cash
2023-08-10,1,35386.0,35257.53999999999,stop,-36.30249251116442,US30cash
2023-08-16,1,35044.9,34907.299999999996,stop,-39.26391571955001,US30cash
2023-08-24,1,34567.0,34389.049999999996,stop,-51.479735007378245,US30cash
2023-09-13,1,34687.7,34612.76,stop,-21.60419975956753,US30cash
2023-09-14,1,34746.9,34816.3,target,19.973004786038885,US30cash
2023-09-15,-1,34852.1,34753.1,target,28.405748864487364,US30cash
2023-10-06,-1,32976.3,33177.15,stop,-60.907378935780706,US30cash
2023-10-12,-1,33780.7,33708.7,time,21.313945536948616,US30cash
2023-12-04,-1,36115.9,36167.92,stop,-14.403628318828217,US30cash
2023-12-08,1,36091.7,36171.2,time,22.027225096074723,US30cash
2023-12-12,-1,36447.8,36537.149999999994,stop,-24.51451116390873,US30cash
2023-12-14,-1,37187.3,37224.86,stop,-10.10022238775003,US30cash
2023-12-15,-1,37225.7,37281.4,time,-14.962781089409836,US30cash
2023-12-22,1,37437.3,37470.1,time,8.76131558632584,US30cash
