day,signal_day,side,bruto_bp,netto_bp,mae_bp,entry,exit
2021-09-14,2021-09-13,1,-72.3135891607607,-73.0935891607607,90.14128448544776,4487.4,4454.95
2021-09-15,2021-09-14,1,68.54702775592747,67.76702775592747,20.226991796831104,4449.5,4480.0
2021-09-16,2021-09-15,1,-15.072010717874784,-15.852010717874784,72.5689404934688,4478.5,4471.75
2021-09-17,2021-09-16,1,-88.83177831163769,-89.61177831163769,101.68165819319515,4474.75,4435.0
2021-09-21,2021-09-20,1,-56.95020274272156,-57.73020274272156,92.25932844320926,4389.8,4364.8
2021-09-22,2021-09-21,1,67.89447259117232,67.11447259117232,27.95654753754165,4381.8,4411.55
2021-09-23,2021-09-22,1,94.93778184654022,94.15778184654022,35.60166819245245,4423.95,4465.95
2021-09-24,2021-09-23,1,55.36910855735266,54.58910855735266,3.3899454218787075,4424.85,4449.35
2021-10-11,2021-10-08,-1,-0.0,-0.78,84.43825737693695,4381.9,4381.9
2021-10-12,2021-10-11,-1,29.26684272501756,28.48684272501756,6.859416263675961,4373.55,4360.75
2021-10-21,2021-10-20,-1,-13.796452656094083,-14.576452656094082,32.00777016213591,4530.15,4536.4
2021-10-22,2021-10-21,-1,23.48731794584724,22.70731794584724,15.365535104760024,4555.65,4544.95
2021-10-28,2021-10-27,1,49.78717351103556,49.00717351103556,7.659565155543884,4569.45,4592.2
2021-11-01,2021-10-29,1,-43.590658835492846,-44.37065883549285,54.08270326984024,4622.55,4602.4
2021-11-08,2021-11-05,1,2.1245179999795916,1.3445179999795915,20.18292099979817,4706.95,4707.95
2021-11-09,2021-11-08,1,-53.144563842564274,-53.924563842564275,64.30492224950311,4704.15,4679.15
2021-11-10,2021-11-09,1,-39.61328865239921,-40.393288652399214,42.28986220999326,4670.15,4651.65
2021-11-11,2021-11-10,1,-13.928621173646683,-14.708621173646682,30.535823342226223,4666.65,4660.15
2021-11-12,2021-11-11,1,40.746300664809,39.966300664809,17.692472657087713,4663.0,4682.0
2021-11-22,2021-11-19,1,22.48334959487508,21.70334959487508,18.87752937683058,4714.6,4725.2
2021-11-24,2021-11-23,-1,-22.40119473038593,-23.181194730385933,36.26860099205291,4687.25,4697.75
2021-11-29,2021-11-26,1,68.3935591577356,67.6135591577356,26.926598093596855,4642.25,4674.0
2021-11-30,2021-11-29,1,-30.992631122670478,-31.77263112267048,96.01213697442606,4614.0,4599.7
2021-12-01,2021-11-30,1,-74.49714427613662,-75.27714427613662,99.86936008032735,4631.05,4596.55
2021-12-02,2021-12-01,1,127.41031637470756,126.63031637470756,45.77946432511141,4532.6,4590.35
2021-12-03,2021-12-02,1,-169.13572189954152,-169.91572189954152,189.25797820270185,4596.9,4519.15
2021-12-06,2021-12-03,1,127.82812877175198,127.04812877175198,24.687836028879286,4556.9,4615.15
2021-12-07,2021-12-06,1,76.76368594526694,75.98368594526694,17.71469675660007,4657.15,4692.9
2021-12-08,2021-12-07,1,-3.7237607856066557,-4.503760785606656,45.749061080316196,4699.55,4697.8
2021-12-10,2021-12-09,1,-4.356881747853425,-5.136881747853425,63.121652639632366,4705.2,4703.15
2021-12-14,2021-12-13,1,-63.44768254651023,-64.22768254651022,83.34229487041617,4649.5,4620.0
2021-12-15,2021-12-14,1,5.920790587019553,5.140790587019553,60.28441324965283,4644.65,4647.4
2021-12-16,2021-12-15,1,-106.56463445484432,-107.34463445484432,123.11324732270964,4743.6,4693.05
2021-12-17,2021-12-16,1,17.22152259786558,16.44152259786558,89.87482105761676,4645.35,4653.35
2021-12-20,2021-12-17,1,-13.14650686357166,-13.92650686357166,66.28030543717614,4563.95,4557.95
2021-12-21,2021-12-20,1,74.24830367014135,73.46830367014135,59.07346788354398,4612.9,4647.15
2021-12-23,2021-12-22,1,56.14936367592804,55.36936367592804,12.737095729888658,4710.65,4737.1
2021-12-30,2021-12-29,-1,5.7239793104169046,4.943979310416904,17.171937931249804,4804.35,4801.6
2022-01-04,2022-01-03,-1,63.350953899199425,62.570953899199424,12.981752848196576,4814.45,4783.95
2022-01-05,2022-01-04,-1,44.075652426038836,43.295652426038835,13.287359486694683,4794.03,4772.9
2022-01-06,2022-01-05,-1,-1.594726770146604,-2.374726770146604,51.03125664469488,4703.0,4703.75
2022-01-07,2022-01-06,-1,16.504461528632497,15.724461528632498,33.54132504205976,4695.7,4687.95
2022-01-10,2022-01-07,-1,12.367719177492908,11.58771917749291,8.065903811408415,4649.2,4643.45
2022-01-11,2022-01-10,-1,-35.23043909938295,-36.01043909938295,42.169768012896476,4683.45,4699.95
2022-01-12,2022-01-11,-1,32.01031091203066,31.23031091203066,37.50382961640449,4732.85,4717.7
2022-01-13,2022-01-12,-1,61.236987140232955,60.456987140232954,21.116202462149207,4735.7,4706.7
2022-01-14,2022-01-13,-1,-16.846288417096122,-17.626288417096124,75.05237467873263,4630.1,4637.9
2022-01-17,2022-01-14,-1,18.723185723303892,17.94318572330389,0.0,4673.35,4664.6
2022-01-18,2022-01-14,-1,69.78404812394534,69.00404812394534,5.950577747003073,4621.4,4589.15
2022-01-19,2022-01-18,-1,42.94972164231026,42.16972164231026,30.445372303409883,4598.4,4578.65
2022-01-20,2022-01-19,-1,-52.11076004914883,-52.89076004914883,100.93031420045638,4557.6,4581.35
2022-01-21,2022-01-20,-1,36.45459440057452,35.67459440057452,86.36934673366834,4457.6,4441.35
2022-01-24,2022-01-21,-1,53.85419178522754,53.07419178522754,6.315523556902867,4354.35,4330.9
2022-01-25,2022-01-24,-1,-66.8218161708789,-67.6018161708789,88.13567132883247,4339.9,4368.9
2022-01-26,2022-01-25,-1,-34.464055684875206,-35.24405568487521,68.92811136974848,4424.9,4440.15
2022-01-27,2022-01-26,-1,46.35617567273709,45.57617567273709,141.65531608044043,4368.35,4348.1
2022-01-28,2022-01-27,-1,-128.03133001958233,-128.81133001958233,169.74289455084755,4315.35,4370.6
2022-01-31,2022-01-28,-1,-141.37510170870726,-142.15510170870726,147.47762408462165,4424.4,4486.95
2022-02-01,2022-01-31,-1,-17.73757261318787,-18.51757261318787,29.377854640592435,4510.2,4518.2
2022-02-02,2022-02-01,-1,-5.4606613953089855,-6.240661395308986,8.73705823249312,4578.2,4580.7
2022-02-03,2022-02-02,-1,50.34314859490907,49.563148594909066,7.490884254821455,4538.85,4516.0
2022-02-04,2022-02-03,-1,-140.61387770499812,-141.39387770499812,150.15729802192942,4453.33,4515.95
2022-02-07,2022-02-04,-1,0.6656977066721304,-0.11430229332786968,31.620641066891523,4506.55,4506.25
2022-02-08,2022-02-07,-1,-85.38041719215572,-86.16041719215572,99.8895076953984,4479.95,4518.2
2022-02-09,2022-02-08,-1,-41.64885630048465,-42.428856300484654,44.3889126360438,4561.95,4580.95
2022-02-10,2022-02-09,-1,53.34125203466655,52.56125203466655,95.13439795873477,4546.2,4521.95
2022-02-11,2022-02-10,-1,176.40793502862516,175.62793502862516,48.26254826254826,4506.6,4427.1
2022-02-14,2022-02-11,-1,99.16812113244356,98.38812113244356,31.167123784482175,4411.7,4367.95
2022-02-15,2022-02-14,-1,-11.785358319789108,-12.565358319789107,32.55003726418059,4454.68,4459.93
2022-02-16,2022-02-15,-1,33.047074717755805,32.267074717755804,12.322638030349538,4463.33,4448.58
2022-02-17,2022-02-16,-1,104.39046073234981,103.61046073234981,3.3674342171725673,4454.43,4407.93
2022-02-18,2022-02-17,-1,47.58440512630524,46.80440512630524,51.473515160666,4371.18,4350.38
2022-02-21,2022-02-18,-1,33.661201170945844,32.88120117094584,60.93838143015997,4307.63,4293.13
2022-02-22,2022-02-18,-1,142.93519733126203,142.15519733126203,55.90610540779181,4337.63,4275.63
2022-02-23,2022-02-22,-1,159.96285627828178,159.18285627828178,24.831779133451754,4329.13,4259.88
2022-02-24,2022-02-23,-1,-198.82938591374133,-199.60938591374133,256.55796678722874,4114.08,4195.88
2022-02-25,2022-02-24,-1,-141.93913186550944,-142.71913186550944,158.16074693585279,4315.23,4376.48
2022-02-28,2022-02-25,-1,-24.89042424859811,-25.67042424859811,160.91948700256776,4318.93,4329.68
2022-03-01,2022-02-28,-1,141.1333813722293,140.3533813722293,45.89703459259497,4357.58,4296.08
2022-03-02,2022-03-01,-1,-188.80031875980308,-189.58031875980308,192.2751712523137,4316.73,4398.23
2022-03-03,2022-03-02,-1,22.18818769158637,21.40818769158637,61.444212069008685,4394.23,4384.48
2022-03-04,2022-03-03,-1,53.94791188353953,53.16791188353953,18.159540912037883,4333.81,4310.43
2022-03-07,2022-03-04,-1,195.36095980781542,194.58095980781542,34.78236673136187,4312.53,4228.28
2022-03-09,2022-03-08,-1,-65.24299783934096,-66.02299783934096,90.51731231764289,4253.33,4281.08
2022-03-10,2022-03-09,-1,-14.721712523819708,-15.501712523819707,27.0879510438283,4245.43,4251.68
2022-03-11,2022-03-10,-1,129.07036776915294,128.29036776915294,14.534951325355003,4299.98,4244.48
2022-03-14,2022-03-11,-1,107.89456211406923,107.11456211406923,75.88188983846644,4217.08,4171.58
2022-03-15,2022-03-14,-1,-70.24679246001809,-71.02679246001809,117.27642470020099,4199.48,4228.98
2022-03-16,2022-03-15,-1,39.99647567286879,39.21647567286879,83.77232846728893,4312.88,4295.63
2022-03-17,2022-03-16,-1,-123.75297294932696,-124.53297294932696,135.84047263274954,4343.33,4397.08
2022-03-18,2022-03-17,-1,-123.20806419596542,-123.98806419596542,135.1866259927946,4382.83,4436.83
2022-03-21,2022-03-18,-1,41.49815052837291,40.71815052837291,53.274652705342945,4458.03,4439.53
2022-03-22,2022-03-21,-1,-84.4324462148549,-85.21244621485491,97.29301749261356,4471.03,4508.78
2022-03-23,2022-03-22,-1,36.735402686804974,35.95540268680497,24.49026845787006,4491.58,4475.08
2022-03-24,2022-03-23,-1,-67.30861626267348,-68.08861626267348,71.21930943862533,4474.91,4505.03
2022-03-25,2022-03-24,-1,4.961104937292182,4.181104937292182,26.45922633222205,4535.28,4533.03
2022-03-28,2022-03-25,-1,12.09487661026798,11.31487661026798,15.393479322159132,4547.38,4541.88
2022-03-29,2022-03-28,-1,4.87421281463063,4.094212814630629,31.41159369428504,4616.13,4613.88
2022-03-30,2022-03-29,-1,10.29390730715729,9.513907307157291,34.67421408726633,4614.38,4609.63
2022-03-31,2022-03-30,-1,51.57347972239323,50.79347972239323,11.899901847525934,4605.08,4581.33
2022-04-01,2022-03-31,-1,49.96069027007333,49.18069027007333,16.20702831618223,4553.58,4530.83
2022-04-04,2022-04-01,-1,-42.250306177542555,-43.030306177542556,42.7990114525765,4556.18,4575.43
2022-04-05,2022-04-04,-1,67.75615652109268,66.97615652109268,44.26006998555264,4575.23,4544.23
2022-04-06,2022-04-05,-1,-13.66753770278395,-14.447537702783949,38.46085242626665,4485.08,4491.21
2022-04-07,2022-04-06,-1,-18.961236540311344,-19.741236540311345,26.76880452749714,4482.83,4491.33
2022-04-08,2022-04-07,-1,21.054591230651454,20.274591230651453,22.716795801492882,4512.08,4502.58
2022-04-11,2022-04-08,-1,47.12820892608271,46.34820892608271,23.003054356778495,4455.93,4434.93
2022-04-12,2022-04-11,-1,79.20316003756867,78.42316003756866,51.67865761316503,4450.58,4415.33
2022-04-13,2022-04-12,-1,-84.13335819436263,-84.91335819436263,102.32435456071018,4397.78,4434.78
2022-04-14,2022-04-13,-1,26.894849017493616,26.114849017493615,41.636377140053526,4443.23,4431.28
2022-04-18,2022-04-14,-1,-58.77076662185621,-59.55076662185621,70.18256596590611,4381.43,4407.18
2022-04-19,2022-04-18,-1,-118.3349891895702,-119.1149891895702,137.3186041700308,4398.53,4450.58
2022-04-20,2022-04-19,-1,4.459726440380063,3.6797264403800627,15.051576736282996,4484.58,4482.58
2022-04-21,2022-04-20,-1,168.8761011966966,168.0961011966966,41.1350608576549,4497.38,4421.43
2022-04-22,2022-04-21,-1,214.6030242518493,213.8230242518493,12.52325340461721,4391.83,4297.58
2022-04-25,2022-04-22,-1,21.22125992978119,20.44125992978119,46.56887595701988,4241.03,4232.03
2022-04-26,2022-04-25,-1,178.59102189082375,177.81102189082375,4.085415533450216,4283.53,4207.03
2022-04-27,2022-04-26,-1,-86.40381131507891,-87.18381131507891,126.98018679453749,4189.63,4225.83
2022-04-28,2022-04-27,-1,-125.17625052255177,-125.95625052255177,131.0807906415401,4234.03,4287.03
2022-04-29,2022-04-28,-1,157.56067849861165,156.78067849861165,45.26929941937714,4252.33,4185.33
2022-05-02,2022-04-29,-1,69.08203309635374,68.30203309635374,111.50082534850068,4125.53,4097.03
2022-05-03,2022-05-02,-1,-46.8718451642669,-47.6518451642669,99.75290124703146,4160.28,4179.78
2022-05-04,2022-05-03,-1,-35.53619533444241,-36.31619533444241,62.092814428459526,4187.28,4202.16
2022-05-05,2022-05-04,-1,312.315038144545,311.535038144545,4.678876975948233,4274.53,4141.03
2022-05-06,2022-05-05,-1,91.03888023383134,90.25888023383133,28.336605105894495,4146.58,4108.83
2022-05-09,2022-05-06,-1,87.55530782473153,86.77530782473153,50.560107335408354,4054.58,4019.08
2022-05-10,2022-05-09,-1,-17.974107368641246,-18.754107368641247,94.2091144839076,4033.58,4040.83
2022-05-11,2022-05-10,-1,93.11382634083931,92.33382634083931,124.3600767907851,4000.48,3963.23
2022-05-12,2022-05-11,-1,40.39155444653275,39.61155444653275,171.18325455911656,3899.33,3883.58
2022-05-13,2022-05-12,-1,10.027123368712143,9.247123368712144,127.84582295108268,3989.18,3985.18
2022-05-16,2022-05-13,-1,-4.963789158092258,-5.743789158092258,17.373262053321024,4029.18,4031.18
2022-05-17,2022-05-16,-1,-6.197798305935809,-6.977798305935809,33.25167980009637,4065.96,4068.48
2022-05-18,2022-05-17,-1,301.75535400213784,300.97535400213786,8.32598446144702,4059.58,3937.08
2022-05-19,2022-05-18,-1,-89.0709551345359,-89.8509551345359,154.81073388795411,3878.93,3913.48
2022-05-20,2022-05-19,-1,267.61503007181165,266.8350300718117,8.878223746458223,3942.23,3836.73
2022-05-23,2022-05-20,-1,-88.94129366382231,-89.72129366382231,118.80015653667685,3935.18,3970.18
2022-05-24,2022-05-23,-1,50.8584913337129,50.0784913337129,22.886321100170886,3932.48,3912.48
2022-05-25,2022-05-24,-1,-80.79743891204583,-81.57743891204584,129.7848625043898,3929.58,3961.33
2022-05-26,2022-05-25,-1,-182.00429982655476,-182.78429982655476,202.02677505499872,3995.51,4068.23
2022-05-27,2022-05-26,-1,-140.62780180936986,-141.40780180936986,154.8256829352773,4071.03,4128.28
2022-05-30,2022-05-27,-1,5.618743170836549,4.8387431708365485,15.541204515078554,4182.43,4180.08
2022-05-31,2022-05-27,-1,-89.0384573451275,-89.8184573451275,103.57534834025046,4127.43,4164.18
2022-06-01,2022-05-31,-1,108.94085414444699,108.16085414444699,33.10357446378228,4153.63,4108.38
2022-06-02,2022-06-01,-1,-103.66837786333738,-104.44837786333738,105.49138568039426,4114.08,4156.73
2022-06-03,2022-06-02,-1,118.59189249590952,117.81189249590952,3.604616793188716,4161.33,4111.98
2022-06-09,2022-06-08,-1,60.76988147442286,59.98988147442286,13.369373924373097,4113.88,4088.88
2022-06-10,2022-06-09,-1,134.36349551995463,133.58349551995462,140.36884987371118,3963.13,3909.88
2022-06-13,2022-06-10,-1,76.26025975659533,75.48025975659533,10.48250993217816,3815.88,3786.78
2022-06-14,2022-06-13,-1,102.6101370871435,101.8301370871435,27.80403714619363,3776.43,3737.68
2022-06-15,2022-06-14,-1,28.510202674389973,27.73020267438997,83.2232706904511,3770.58,3759.83
2022-06-16,2022-06-15,-1,159.2387506048054,158.4587506048054,21.50422020321488,3720.2,3660.96
2022-06-17,2022-06-16,-1,23.99377458821572,23.21377458821572,25.317755393194982,3700.96,3692.08
2022-06-20,2022-06-17,-1,-33.42395779617924,-34.20395779617924,53.99670080158103,3703.93,3716.31
2022-06-21,2022-06-17,-1,-80.9997375876259,-81.7797375876259,122.50373535979949,3734.58,3764.83
2022-06-22,2022-06-21,-1,-230.43526361092415,-231.21526361092415,244.87119640154017,3706.03,3791.43
2022-06-23,2022-06-22,-1,33.05014724264366,32.27014724264366,61.62475371284502,3776.08,3763.6
2022-06-24,2022-06-23,-1,-162.58674996405765,-163.36674996405765,178.2703592853497,3825.65,3887.85
2022-06-27,2022-06-24,-1,38.912491547696824,38.13249154769682,30.619665480154627,3919.05,3903.8
2022-06-28,2022-06-27,-1,163.6514735025252,162.8714735025252,99.72511666560123,3910.75,3846.75
2022-06-29,2022-06-28,-1,-16.987246498014752,-17.767246498014753,33.9744929960276,3826.4,3832.9
2022-06-30,2022-06-29,-1,-91.93121693121586,-92.71121693121586,111.77248677248677,3780.0,3814.75
2022-07-01,2022-06-30,-1,-32.388556924540794,-33.168556924540795,88.91650362223075,3782.2,3794.45
2022-07-04,2022-07-01,-1,13.748674234984604,12.968674234984604,9.165782823322989,3818.55,3813.3
2022-07-05,2022-07-01,-1,-35.02418651370576,-35.80418651370576,36.34585392931723,3783.1,3796.35
2022-07-08,2022-07-07,-1,-29.245105881687827,-30.02510588168783,83.90284554622987,3887.83,3899.2
2022-07-11,2022-07-08,-1,-1.2907389480476539,-2.070738948047654,23.23330106485963,3873.75,3874.25
2022-07-12,2022-07-11,-1,-29.933495581555558,-30.71349558155556,87.848302250218,3841.85,3853.35
2022-08-12,2022-08-11,-1,-67.8775838418244,-68.6575838418244,72.13471453573625,4228.2,4256.9
2022-08-15,2022-08-12,-1,-86.49372620893826,-87.27372620893826,99.41726584895785,4255.8,4292.61
2022-08-19,2022-08-18,-1,18.833679049593542,18.05367904959354,37.95021685838291,4242.4,4234.41
2022-08-22,2022-08-19,-1,97.85105771991987,97.07105771991986,4.786062984588877,4178.8,4137.91
2022-08-23,2022-08-22,-1,29.55522287149237,28.775222871492367,45.15381272033788,4141.4,4129.16
2022-08-24,2022-08-23,-1,-8.005804813158157,-8.785804813158157,54.686177288667736,4134.5,4137.81
2022-08-25,2022-08-24,-1,-21.414151124783398,-22.1941511247834,55.66237262064952,4160.8,4169.71
2022-08-26,2022-08-25,-1,237.0949667389921,236.3149667389921,50.78562742900568,4194.1,4094.66
2022-08-29,2022-08-26,-1,-52.35732009925442,-53.137320099254424,82.77915632754375,4030.0,4051.1
2022-08-30,2022-08-29,-1,155.9719201107379,155.1919201107379,14.830927427328456,4045.6,3982.5
2022-08-31,2022-08-30,-1,68.81020893281575,68.03020893281575,47.79181784061031,3996.5,3969.0
2022-09-01,2022-08-31,-1,2.035986053495753,1.255986053495753,24.431832641946173,3929.3,3928.5
2022-09-02,2022-09-01,-1,155.2795031055898,154.4995031055898,65.36766179122398,3992.8,3930.8
2022-09-05,2022-09-02,-1,-38.50272833902713,-39.28272833902713,46.94273037890727,3921.8,3936.9
2022-09-06,2022-09-02,-1,98.07399898631442,97.29399898631442,12.671059300557527,3946.0,3907.3
2022-09-07,2022-09-06,-1,-196.0935096893257,-196.87350968932572,197.3751666154004,3901.2,3977.7
2022-09-08,2022-09-07,-1,-65.23600826154885,-66.01600826154885,102.5137272681484,3970.2,3996.1
2022-09-09,2022-09-08,-1,-60.92790651614166,-61.70790651614166,75.78233313527463,4039.2,4063.81
2022-09-12,2022-09-09,-1,-60.78200793767419,-61.56200793767419,92.2632172080941,4081.8,4106.61
2022-09-13,2022-09-12,-1,191.16596457517397,190.38596457517397,216.49052792353388,4059.3,3981.7
2022-09-14,2022-09-13,-1,20.593394859279577,19.813394859279576,73.475198942363,3933.3,3925.2
2022-09-15,2022-09-14,-1,50.564081715621654,49.78408171562165,59.711352779754044,3935.6,3915.7
2022-09-16,2022-09-15,-1,27.216174183515296,26.436174183515295,41.731467081389084,3858.0,3847.5
2022-09-19,2022-09-16,-1,-72.40337535159958,-73.18337535159958,125.27346598603997,3839.6,3867.4
2022-09-20,2022-09-19,-1,96.0967166955129,95.3167166955129,15.499470434760147,3871.1,3833.9
2022-09-21,2022-09-20,-1,143.64184954999027,142.86184954999027,25.014828377647248,3877.7,3822.0
2022-09-22,2022-09-21,-1,73.60312351606612,72.82312351606612,39.04395082572727,3790.6,3762.7
2022-09-23,2022-09-22,-1,90.84537416433002,90.06537416433002,39.08777226655165,3709.6,3675.9
2022-09-26,2022-09-23,-1,21.524126093235285,20.744126093235284,125.33035446693731,3670.3,3662.4
2022-09-27,2022-09-26,-1,189.0863971084089,188.3063971084089,27.783022684972153,3707.3,3637.2
2022-09-28,2022-09-27,-1,-143.5341167447346,-144.3141167447346,174.21316459857113,3650.7,3703.1
2022-09-29,2022-09-28,-1,141.57505660274404,140.79505660274404,55.64799912709046,3665.9,3614.0
2022-09-30,2022-09-29,-1,55.769230769231456,54.989230769231455,86.26373626373652,3640.0,3619.7
2022-10-03,2022-09-30,-1,-154.08848481498927,-154.86848481498927,156.13341807831543,3618.7,3674.46
2022-10-04,2022-10-03,-1,-115.43509119640083,-116.21509119640083,149.98526930390767,3733.7,3776.8
2022-10-05,2022-10-04,-1,-52.98894954067323,-53.76894954067323,87.07229396884522,3755.5,3775.4
2022-10-06,2022-10-05,-1,57.13983387122368,56.35983387122368,46.029310618486036,3780.2,3758.6
2022-10-07,2022-10-06,-1,207.33181146770474,206.55181146770474,69.37021619444052,3723.5,3646.3
2022-10-10,2022-10-07,-1,37.92146409826502,37.14146409826502,44.791294550850985,3639.1,3625.3
2022-10-11,2022-10-10,-1,-40.39062716131525,-41.17062716131525,73.31175477909647,3614.7,3629.3
2022-10-12,2022-10-11,-1,23.095330847571205,22.315330847571204,52.59057265290121,3593.8,3585.5
2022-10-13,2022-10-12,-1,-437.7919562492871,-438.5719562492871,469.12384641677056,3510.8,3664.5
2022-10-14,2022-10-13,-1,190.92689295039267,190.14689295039267,120.48520452567375,3676.8,3606.6
2022-10-17,2022-10-14,-1,-141.81467713066274,-142.59467713066275,164.9456147597414,3631.5,3683.0
2022-10-18,2022-10-17,-1,90.97438352884902,90.19438352884902,15.428404224189947,3759.3,3725.1
2022-10-19,2022-10-18,-1,24.632542024199957,23.852542024199956,93.11642259697274,3694.3,3685.2
2022-10-20,2022-10-19,-1,101.46804835924006,100.68804835924006,84.73661485319542,3705.6,3668.0
2022-10-21,2022-10-20,-1,-286.8304492558238,-287.61044925582377,290.4068887727309,3634.9,3739.16
2022-10-24,2022-10-21,-1,-55.48328864583674,-56.26328864583674,81.23390586423825,3766.9,3787.8
2022-10-25,2022-10-24,-1,-166.03214890016815,-166.81214890016815,186.41603214889955,3782.4,3845.2
2022-10-26,2022-10-25,-1,-63.91095317725748,-64.69095317725748,154.0551839464884,3827.2,3851.66
2022-10-27,2022-10-26,-1,54.014636560146826,53.234636560146825,53.129150714899836,3839.7,3818.96
2022-10-28,2022-10-27,-1,-217.6806333675252,-218.4606333675252,235.4349141218858,3801.9,3884.66
2022-10-31,2022-10-28,-1,-13.824409367584334,-14.604409367584333,41.16372640049529,3877.2,3882.56
2022-11-01,2022-10-31,-1,142.36093374878743,141.58093374878743,4.597231445062388,3915.4,3859.66
2022-11-02,2022-11-01,-1,-69.2624970816369,-70.0424970816369,88.458844587408,3854.9,3881.6
2022-11-03,2022-11-02,-1,7.5046904315201335,6.724690431520133,47.44036451353476,3731.0,3728.2
2022-11-04,2022-11-03,-1,35.141370245185264,34.36137024518526,186.70529534846264,3727.8,3714.7
2022-11-07,2022-11-04,-1,-32.442445091294125,-33.22244509129413,33.34215400899685,3779.0,3791.26
2022-11-08,2022-11-07,-1,-0.5240815470886062,-1.3040815470886062,114.27598134269726,3816.2,3816.4
2022-11-09,2022-11-08,-1,110.20729467331458,109.42729467331458,20.204670690107108,3811.0,3769.0
2022-11-10,2022-11-09,-1,-192.10888594509035,-192.88888594509035,202.4987662017196,3849.9,3923.86
2022-11-11,2022-11-10,-1,-51.3724502644175,-52.1524502644175,51.52354570637128,3971.0,3991.4
2022-11-14,2022-11-11,-1,-56.89179010795797,-57.671790107957975,64.5493346723576,3983.0,4005.66
2022-11-15,2022-11-14,-1,196.5254888354684,195.7454888354684,16.852122623975074,4035.1,3955.8
2022-12-27,2022-12-23,-1,70.20499131831892,69.42499131831892,11.402804053178768,3858.7,3831.61
2022-12-28,2022-12-27,-1,81.57784961935532,80.79784961935532,35.19657941391178,3835.6,3804.31
2022-12-29,2022-12-28,-1,-137.76516047630193,-138.54516047630193,140.91948584496404,3804.3,3856.71
2022-12-30,2022-12-29,-1,48.12372428952716,47.34372428952716,22.243156958182865,3821.4,3803.01
2023-01-03,2022-12-30,-1,120.82555486413682,120.04555486413682,56.52354283343634,3856.8,3810.2
2023-01-04,2023-01-03,-1,-10.403932686555706,-11.183932686555705,75.19442349208082,3844.7,3848.7
2023-01-19,2023-01-18,1,40.85772984077973,40.07772984077973,22.57318952234197,3894.0,3909.91
2023-02-02,2023-02-01,1,96.96633548760491,96.18633548760491,17.362785762515234,4146.8,4187.01
2023-02-03,2023-02-02,1,-2.173808028597124,-2.953808028597124,49.031447756147486,4140.2,4139.3
2023-02-22,2023-02-21,-1,-14.230433154411859,-15.010433154411858,26.713269254774232,4005.5,4011.2
2023-03-02,2023-03-01,-1,-114.62047885888893,-115.40047885888893,123.02598064187514,3926.0,3971.0
2023-03-03,2023-03-02,-1,-94.41662493740566,-95.19662493740566,105.68352528793199,3994.0,4031.71
2023-03-13,2023-03-10,1,114.1980125903963,113.4180125903963,91.56651579002087,3844.2,3888.1
2023-03-14,2023-03-13,1,15.714359317842153,14.934359317842153,47.65830284919367,3881.8,3887.9
2023-03-16,2023-03-15,1,145.16957862281689,144.38957862281688,76.56731757451229,3892.0,3948.5
2023-03-17,2023-03-16,1,-34.04385051192782,-34.82385051192782,89.42862224028815,3936.1,3922.7
2023-03-20,2023-03-17,1,64.33330780424296,63.55330780424296,5.1058180797018204,3917.1,3942.3
2023-03-21,2023-03-20,1,-4.745524392999467,-5.5255243929994675,28.874883872749642,3982.7,3980.81
2023-03-22,2023-03-21,1,50.02251012955927,49.24251012955927,24.235906157769996,3998.2,4018.2
2023-03-23,2023-03-22,1,14.160008091432807,13.380008091432808,13.907150804086173,3954.8,3960.4
2023-03-24,2023-03-23,1,117.18050402967917,116.40050402967917,6.396315722144045,3908.5,3954.3
2023-03-27,2023-03-24,1,-43.01048364900972,-43.79048364900972,66.05449495833973,3996.7,3979.51
2023-03-31,2023-03-30,1,58.58183249680238,57.801832496802376,26.326149001083245,4064.4,4088.21
2023-04-03,2023-03-31,1,15.390619283397466,14.610619283397467,4.146442596160439,4099.9,4106.21
2023-04-04,2023-04-03,1,-80.99545322627355,-81.77545322627356,119.44955015962157,4134.8,4101.31
2023-04-05,2023-04-04,1,0.02446064282679572,-0.7555393571732043,40.58020644782469,4088.2,4088.21
2023-04-06,2023-04-05,1,36.979931473322125,36.199931473322124,42.192853646597605,4086.0,4101.11
2023-04-07,2023-04-06,1,-1.5303594158400102,-2.3103594158400105,51.49780891397989,4116.68,4116.05
2023-04-10,2023-04-06,1,47.57819394058282,46.79819394058282,21.570742229629687,4079.6,4099.01
2023-04-11,2023-04-10,1,26.302983113533074,25.522983113533073,19.441335344785102,4109.8,4120.61
2023-04-12,2023-04-11,1,-54.99939693643707,-55.779396936437074,123.02496683150405,4145.5,4122.7
2023-04-13,2023-04-12,1,95.36465826241569,94.58465826241569,19.01928750822994,4101.1,4140.21
2023-04-26,2023-04-25,1,-48.23497709512292,-49.01497709512292,53.62436001077845,4082.1,4062.41
2023-04-27,2023-04-26,1,111.1601776207638,110.3801776207638,15.210617992688643,4076.1,4121.41
2023-05-01,2023-04-28,1,38.689689954130024,37.90968995413002,4.322870385934515,4163.9,4180.01
2023-05-10,2023-05-09,-1,40.66221318617558,39.882213186175576,63.413689611772234,4131.6,4114.8
2023-05-16,2023-05-15,-1,13.786586547779311,13.006586547779312,18.41442139949691,4127.2,4121.51
2023-05-17,2023-05-16,-1,-96.3507545979514,-97.1307545979514,107.2693744843986,4121.4,4161.11
2023-05-18,2023-05-17,-1,-8.199677783922166,-8.979677783922165,62.30312357226983,4158.7,4162.11
2023-05-19,2023-05-18,-1,62.90069810514276,62.12069810514276,5.461366766396405,4211.4,4184.91
2023-05-22,2023-05-19,-1,-5.267548563938629,-6.047548563938629,31.462281015373186,4195.5,4197.71
2023-05-23,2023-05-22,-1,41.46539767564295,40.685397675642946,9.804390453870234,4181.8,4164.46
2023-05-24,2023-05-23,-1,41.171199535007254,40.39119953500725,7.265505800295463,4129.1,4112.1
2023-05-25,2023-05-24,-1,-40.659725154736925,-41.43972515473693,56.34448560018427,4144.15,4161.0
2023-05-26,2023-05-25,-1,-109.06727018827888,-109.84727018827888,124.74117590407957,4153.4,4198.7
2023-05-29,2023-05-26,-1,-9.281678773203073,-10.061678773203072,14.029340549778887,4212.6,4216.51
2023-05-30,2023-05-26,-1,83.49496191872862,82.71496191872862,6.622829840579454,4227.8,4192.5
2023-05-31,2023-05-30,-1,3.200076419733744,2.4200764197337437,18.14968715670909,4187.4,4186.06
2023-06-01,2023-05-31,-1,-88.66536053901753,-89.44536053901753,92.249247383764,4185.4,4222.51
2023-06-02,2023-06-01,-1,-94.03199585326094,-94.81199585326094,100.62907900007076,4244.3,4284.21
2023-06-05,2023-06-02,-1,-9.830017745400266,-10.610017745400265,37.84907070141037,4282.8,4287.01
2023-06-06,2023-06-05,-1,-1.1710424620003934,-1.9510424620003934,41.47832400402847,4269.7,4270.2
2023-06-07,2023-06-06,-1,36.59560572841225,35.81560572841225,26.12305826375129,4287.4,4271.71
2023-06-08,2023-06-07,-1,-37.49677963323039,-38.27677963323039,57.404501487224444,4269.7,4285.71
2023-06-09,2023-06-08,-1,-32.8712871287129,-33.6512871287129,69.67967384973758,4292.5,4306.61
2023-06-12,2023-06-09,-1,-16.488103520246877,-17.26810352024688,20.198506562775467,4312.2,4319.31
2023-06-13,2023-06-12,-1,-50.04830028980223,-50.82830028980223,63.71038226229316,4347.8,4369.56
2023-06-14,2023-06-13,-1,46.17142857142764,45.39142857142764,38.422857142858064,4375.0,4354.8
2023-06-15,2023-06-14,-1,-150.25728199944854,-151.03728199944854,156.00018377285645,4353.2,4418.61
2023-06-30,2023-06-29,-1,-63.744209693819,-64.524209693819,66.68173087786741,4425.5,4453.71
2023-07-03,2023-06-30,-1,-18.69095816464217,-19.47095816464217,23.864147548357337,4446.0,4454.31
2023-07-06,2023-07-05,-1,9.495105148659144,8.715105148659145,11.783901377809595,4412.8,4408.61
2023-07-07,2023-07-06,-1,-32.62321432614179,-33.40321432614179,53.451359489256916,4417.1,4431.51
2023-07-10,2023-07-07,-1,0.20456870098883861,-0.5754312990111614,30.02613933401531,4399.5,4399.41
2023-07-11,2023-07-10,-1,-5.223526219386709,-6.00352621938671,20.147886846210916,4422.3,4424.61
2023-07-12,2023-07-11,-1,-15.460688235560127,-16.24068823556013,42.75741710296815,4469.4,4476.31
2023-07-13,2023-07-12,-1,-32.11857795609063,-32.898577956090634,36.57639585422903,4486.5,4500.91
2023-07-17,2023-07-14,-1,-44.01244167962837,-44.79244167962837,46.90068873583576,4501.0,4520.81
2023-07-18,2023-07-17,-1,-75.29500321016735,-76.07500321016735,75.29500321016675,4516.9,4550.91
2023-07-19,2023-07-18,-1,-15.60168524532779,-16.38168524532779,46.98060212411098,4557.2,4564.31
2023-07-21,2023-07-20,-1,8.32290225530885,7.54290225530885,14.274106770318642,4553.7,4549.91
2023-07-24,2023-07-21,-1,-40.29400761426771,-41.074007614267714,42.93479456877997,4544.1,4562.41
2023-07-25,2023-07-24,-1,-33.1555965154795,-33.9355965154795,38.20244442981558,4557.3,4572.41
2023-07-26,2023-07-25,-1,5.918975797967185,5.138975797967185,5.940897930550763,4561.6,4558.9
2023-07-27,2023-07-26,-1,71.88932085224752,71.10932085224752,5.429707013009578,4604.3,4571.2
2023-07-28,2023-07-27,-1,-26.07895946922678,-26.858959469226782,51.91705533293927,4566.9,4578.81
2023-07-31,2023-07-28,-1,17.842748523998473,17.062748523998472,8.714407093527374,4590.1,4581.91
2023-08-01,2023-07-31,-1,-15.552201588031611,-16.332201588031612,28.217074611196153,4571.7,4578.81
2023-08-02,2023-08-01,-1,63.50287950059208,62.72287950059208,8.132940607554245,4549.4,4520.51
2023-08-03,2023-08-02,-1,-24.689161235793566,-25.469161235793567,50.95753909117366,4495.9,4507.0
2023-08-04,2023-08-03,-1,-0.44400044399983685,-1.2240004439998369,79.94227994228044,4504.5,4504.7
2023-08-07,2023-08-04,-1,-49.22631637537478,-50.00631637537478,55.90559946565663,4491.5,4513.61
2023-08-08,2023-08-07,-1,1.539044899963038,0.7590448999630379,18.513148796645734,4483.3,4482.61
2023-08-09,2023-08-08,-1,49.19959203582902,48.41959203582902,3.3257948649727287,4510.2,4488.01
2023-08-10,2023-08-09,-1,57.467423989309154,56.68742398930915,80.63258714778888,4489.5,4463.7
2023-08-11,2023-08-10,-1,-13.154645655151231,-13.93464565515123,49.38604170875705,4454.7,4460.56
2023-08-14,2023-08-11,-1,-46.44643297674334,-47.22643297674334,64.38807777703029,4458.9,4479.61
2023-08-15,2023-08-14,-1,28.451001053741987,27.671001053741985,30.715422729412413,4460.3,4447.61
2023-08-16,2023-08-15,-1,33.13273378862669,32.352733788626686,29.075664345122604,4436.7,4422.0
2023-08-17,2023-08-16,-1,52.18573046432584,51.40573046432584,12.004530011325441,4415.0,4391.96
2023-08-18,2023-08-17,-1,-58.742225293710874,-59.522225293710875,70.95139368809072,4341.0,4366.5
2023-08-21,2023-08-18,-1,-1.0484330484339388,-1.8284330484339388,18.689458689458274,4387.5,4387.96
2023-08-22,2023-08-21,-1,85.19196438659505,84.41196438659505,3.8415474657081283,4425.3,4387.6
2023-08-23,2023-08-22,-1,-112.95280162109123,-113.73280162109123,117.0510689647318,4392.1,4441.71
2023-08-24,2023-08-23,-1,119.22938746182999,118.44938746182999,8.756960661037443,4453.6,4400.5
2023-08-25,2023-08-24,-1,0.6831223244374574,-0.09687767556254268,59.65934966754672,4391.6,4391.3
2023-08-28,2023-08-25,-1,18.30260303687714,17.52260303687714,29.600506146058056,4425.6,4417.5
2023-08-29,2023-08-28,-1,-135.5423047386739,-136.3223047386739,148.84582373402122,4427.4,4487.41
2023-08-30,2023-08-29,-1,-18.434612651030413,-19.214612651030414,43.554548685147,4502.4,4510.7
2023-08-31,2023-08-30,-1,14.333988559311894,13.553988559311895,10.60140910396047,4527.7,4521.21
2023-09-04,2023-09-01,-1,19.655530743548645,18.875530743548644,2.432067921024926,4522.9,4514.01
2023-09-05,2023-09-01,-1,1.7537628202279887,0.9737628202279887,23.309505838476223,4504.6,4503.81
2023-09-06,2023-09-05,-1,61.7752007136485,60.9952007136485,10.057983942908605,4484.0,4456.3
2023-09-07,2023-09-06,-1,-43.63701933913333,-44.41701933913333,44.76400847495756,4436.6,4455.96
2023-09-08,2023-09-07,-1,-28.773584905661398,-29.5535849056614,48.068283917339706,4452.0,4464.81
2023-09-11,2023-09-08,-1,-11.183035714286138,-11.963035714286137,24.330357142856332,4480.0,4485.01
2023-09-12,2023-09-11,-1,14.293690675599713,13.513690675599713,22.33389168062535,4477.5,4471.1
2023-09-13,2023-09-12,-1,-42.55796727346217,-43.33796727346217,55.01560009876166,4455.1,4474.06
2023-09-14,2023-09-13,-1,-48.67434386716552,-49.45434386716552,60.948937689697125,4480.8,4502.61
2023-09-15,2023-09-14,-1,107.69879865876186,106.91879865876186,7.327959496369733,4503.3,4454.8
2023-09-18,2023-09-15,-1,-31.959157051930642,-32.73915705193064,46.12824145919128,4446.3,4460.51
2023-09-19,2023-09-18,-1,31.20440004489744,30.42440004489744,5.836794253003398,4454.5,4440.6
2023-09-21,2023-09-20,-1,8.691464477365018,7.911464477365018,30.72971609411465,4360.6,4356.81
2023-09-22,2023-09-21,-1,31.29818424504771,30.51818424504771,28.21439256207907,4345.3,4331.7
2023-09-25,2023-09-22,-1,-61.07189299647153,-61.851892996471534,69.22255248003066,4306.4,4332.7
2023-09-26,2023-09-25,-1,82.73464658169138,81.95464658169138,9.269988412514484,4315.0,4279.3
2023-09-27,2023-09-26,-1,102.3238468172405,101.54384681724049,8.857189473929985,4290.3,4246.4
2023-09-28,2023-09-27,-1,-13.757403348411135,-14.537403348411134,68.55384041412032,4288.6,4294.5
2023-09-29,2023-09-28,-1,100.83955871128758,100.05955871128758,21.5093554131882,4323.7,4280.1
2023-10-02,2023-09-29,-1,28.26442419995412,27.48442419995412,47.41882737678155,4281.0,4268.9
2023-10-03,2023-10-02,-1,106.6697925213922,105.8897925213922,34.93142656194968,4265.5,4220.0
2023-10-04,2023-10-03,-1,4.953180649572841,4.173180649572841,43.39929712008054,4239.7,4237.6
2023-10-05,2023-10-04,-1,-22.35767574309877,-23.13767574309877,37.655032830481744,4249.1,4258.6
2023-10-06,2023-10-05,-1,-225.100215849523,-225.880215849523,229.84416138902859,4215.9,4310.8
2023-10-09,2023-10-06,-1,-122.3727230266225,-123.1527230266225,125.40868752919152,4282.0,4334.4
2023-10-10,2023-10-09,-1,-70.99555125279488,-71.77555125279488,110.89597307701098,4338.3,4369.1
2023-10-11,2023-10-10,-1,34.11328357525667,33.33328357525667,22.207976555702682,4367.8,4352.9
2023-10-12,2023-10-11,-1,116.55490169243943,115.77490169243943,27.14292231193957,4384.2,4333.1
2023-10-13,2023-10-12,-1,69.5927788878914,68.8127788878914,53.055880934335576,4353.9,4323.6
2023-10-16,2023-10-13,-1,-79.00495220545922,-79.78495220545922,97.892433490729,4341.5,4375.8
2023-10-17,2023-10-16,-1,-13.0899069927648,-13.869906992764799,91.39970145826199,4354.5,4360.2
2023-10-18,2023-10-17,-1,43.1588613406797,42.3788613406797,19.513314967860424,4356.0,4337.2
2023-10-19,2023-10-18,-1,27.09211318483007,26.312113184830068,50.479322002499124,4318.6,4306.9
2023-10-20,2023-10-19,-1,24.875038133903573,24.09503813390357,36.60854668762925,4261.3,4250.7
2023-10-23,2023-10-20,-1,-74.12863218418275,-74.90863218418275,110.95535650645236,4208.9,4240.1
2023-10-24,2023-10-23,-1,24.03959462644267,23.25959462644267,38.18053264199816,4243.0,4232.8
2023-10-25,2023-10-24,-1,124.07708819852425,123.29708819852425,0.7076640011326915,4239.3,4186.7
2023-10-26,2023-10-25,-1,62.10435449836904,61.32435449836904,31.411854977940642,4170.4,4144.5
2023-10-27,2023-10-26,-1,102.05309649312765,101.27309649312765,8.424194285989362,4154.7,4112.3
2023-10-30,2023-10-27,-1,-58.16479219964421,-58.94479219964421,59.1301829415456,4143.4,4167.5
2023-10-31,2023-10-30,-1,-36.17546297405294,-36.95546297405294,40.63151338012993,4174.1,4189.2
2023-11-01,2023-10-31,-1,-43.158948924602036,-43.93894892460204,86.07945061757702,4193.8,4211.9
2023-11-02,2023-11-01,-1,-97.41536732687406,-98.19536732687406,102.54249192302333,4271.4,4313.01
2023-12-14,2023-12-13,1,-32.28950379253304,-33.06950379253304,56.35832026780872,4719.8,4704.56
2023-12-15,2023-12-14,1,-37.43836109288745,-38.21836109288745,42.96205371314931,4725.1,4707.41
2023-12-18,2023-12-15,1,37.67239191132754,36.892391911327536,6.345714527455791,4727.6,4745.41
2023-12-19,2023-12-18,1,27.8193113614833,27.0393113614833,8.844898388964554,4748.5,4761.71
2023-12-20,2023-12-19,1,14.099600756460884,13.319600756460884,7.564614414793788,4759.0,4765.71
2023-12-21,2023-12-20,1,-14.372978799856995,-15.152978799856994,50.5167931347901,4731.1,4724.3
2023-12-22,2023-12-21,1,23.191641740742952,22.41164174074295,11.585288789653285,4747.4,4758.41
2023-12-26,2023-12-22,1,25.43743567122503,24.657435671225027,3.570903438569576,4760.7,4772.81
2023-12-27,2023-12-26,1,-20.085783031699165,-20.865783031699166,24.270321163302363,4779.5,4769.9
2023-12-28,2023-12-27,1,10.46650092966006,9.686500929660061,9.40104873921491,4786.7,4791.71
2023-12-29,2023-12-28,1,-36.33590338285253,-37.11590338285253,73.75833176622845,4785.9,4768.51
