time;symbol;ret;rank;lots
2021.01.04;USOIL.cash;NA;;
2021.01.04;TSLA;0.1598;1;62.00
2021.01.04;AAPL;0.0959;2;110.00
2021.01.04;AMZN;0.0394;3;
2021.01.04;MSFT;0.0347;4;
2021.01.04;GER40.cash;0.0345;5;
2021.01.04;XAUUSD;0.0322;6;
2021.01.04;US100.cash;0.0310;7;
2021.01.04;US500.cash;0.0179;8;
2021.01.04;EURUSD;0.0148;9;
2021.01.04;US30.cash;0.0095;10;
2021.01.04;EU50.cash;0.0066;11;
2021.01.04;UK100.cash;-0.0140;12;
2021.01.04;META;-0.0274;13;
2021.01.04;NVDA;-0.0303;14;
2021.01.04;GOOG;-0.0479;15;
2021.02.01;TSLA;0.1839;1;54.00
2021.02.01;USOIL.cash;0.0734;2;2.74
2021.02.01;MSFT;0.0728;3;
2021.02.01;GOOG;0.0613;4;
2021.02.01;AAPL;0.0297;5;
2021.02.01;US100.cash;-0.0012;6;
2021.02.01;US30.cash;-0.0020;7;
2021.02.01;NVDA;-0.0023;8;
2021.02.01;GER40.cash;-0.0048;9;
2021.02.01;AMZN;-0.0075;10;
2021.02.01;EURUSD;-0.0079;11;
2021.02.01;UK100.cash;-0.0120;12;
2021.02.01;US500.cash;-0.0143;13;
2021.02.01;EU50.cash;-0.0243;14;
2021.02.01;XAUUSD;-0.0291;15;
2021.02.01;META;-0.0313;16;
2021.03.01;USOIL.cash;0.2168;1;2.32
2021.03.01;GOOG;0.1082;2;140.00
2021.03.01;EU50.cash;0.0490;3;
2021.03.01;US30.cash;0.0470;4;
2021.03.01;US500.cash;0.0285;5;
2021.03.01;GER40.cash;0.0269;6;
2021.03.01;NVDA;0.0262;7;
2021.03.01;UK100.cash;0.0167;8;
2021.03.01;EURUSD;0.0031;9;
2021.03.01;US100.cash;0.0017;10;
2021.03.01;MSFT;-0.0104;11;
2021.03.01;META;-0.0125;12;
2021.03.01;XAUUSD;-0.0419;13;
2021.03.01;AMZN;-0.0451;14;
2021.03.01;AAPL;-0.0818;15;
2021.03.01;TSLA;-0.1391;16;
2021.04.01;META;0.1107;1;46.00
2021.04.01;GER40.cash;0.0711;2;0.78
2021.04.01;EU50.cash;0.0601;3;
2021.04.01;US30.cash;0.0526;4;
2021.04.01;US500.cash;0.0271;5;
2021.04.01;USOIL.cash;0.0169;6;
2021.04.01;UK100.cash;0.0157;7;
2021.04.01;US100.cash;0.0029;8;
2021.04.01;MSFT;-0.0068;9;
2021.04.01;GOOG;-0.0114;10;
2021.04.01;AMZN;-0.0133;11;
2021.04.01;EURUSD;-0.0298;12;
2021.04.01;XAUUSD;-0.0309;13;
2021.04.01;NVDA;-0.0418;14;
2021.04.01;AAPL;-0.0427;15;
2021.04.01;TSLA;-0.0758;16;
2021.05.03;GOOG;0.1360;1;120.00
2021.05.03;NVDA;0.1093;2;949.00
2021.05.03;META;0.1036;3;
2021.05.03;AMZN;0.0980;4;
2021.05.03;AAPL;0.0849;5;
2021.05.03;USOIL.cash;0.0577;6;
2021.05.03;MSFT;0.0409;7;
2021.05.03;US100.cash;0.0388;8;
2021.05.03;US500.cash;0.0376;9;
2021.05.03;UK100.cash;0.0269;10;
2021.05.03;XAUUSD;0.0247;11;
2021.05.03;TSLA;0.0221;12;
2021.05.03;EURUSD;0.0221;13;
2021.05.03;US30.cash;0.0176;14;
2021.05.03;EU50.cash;0.0022;15;
2021.05.03;GER40.cash;-0.0017;16;
2021.06.01;XAUUSD;0.0759;1;0.07
2021.06.01;USOIL.cash;0.0491;2;2.19
2021.06.01;NVDA;0.0334;3;
2021.06.01;META;0.0253;4;
2021.06.01;GER40.cash;0.0183;5;
2021.06.01;EURUSD;0.0170;6;
2021.06.01;US30.cash;0.0161;7;
2021.06.01;EU50.cash;0.0156;8;
2021.06.01;UK100.cash;0.0112;9;
2021.06.01;US500.cash;0.0012;10;
2021.06.01;GOOG;0.0007;11;
2021.06.01;MSFT;-0.0083;12;
2021.06.01;US100.cash;-0.0164;13;
2021.06.01;AAPL;-0.0449;14;
2021.06.01;AMZN;-0.0670;15;
2021.06.01;TSLA;-0.1115;16;
2021.07.01;NVDA;0.2320;1;710.00
2021.07.01;MSFT;0.0977;2;52.00
2021.07.01;AAPL;0.0975;3;
2021.07.01;TSLA;0.0916;4;
2021.07.01;USOIL.cash;0.0770;5;
2021.07.01;AMZN;0.0713;6;
2021.07.01;META;0.0693;7;
2021.07.01;US100.cash;0.0675;8;
2021.07.01;GOOG;0.0373;9;
2021.07.01;US500.cash;0.0243;10;
2021.07.01;EU50.cash;0.0017;11;
2021.07.01;GER40.cash;0.0009;12;
2021.07.01;US30.cash;-0.0004;13;
2021.07.01;UK100.cash;-0.0026;14;
2021.07.01;EURUSD;-0.0288;15;
2021.07.01;XAUUSD;-0.0731;16;
2021.08.02;GOOG;0.0604;1;104.00
2021.08.02;AAPL;0.0410;2;96.00
2021.08.02;MSFT;0.0320;3;
2021.08.02;AMZN;0.0255;4;
2021.08.02;XAUUSD;0.0226;5;
2021.08.02;US100.cash;0.0175;6;
2021.08.02;US500.cash;0.0126;7;
2021.08.02;META;0.0102;8;
2021.08.02;US30.cash;0.0064;9;
2021.08.02;EU50.cash;0.0037;10;
2021.08.02;EURUSD;0.0007;11;
2021.08.02;TSLA;-0.0018;12;
2021.08.02;GER40.cash;-0.0062;13;
2021.08.02;UK100.cash;-0.0116;14;
2021.08.02;USOIL.cash;-0.0207;15;
2021.08.02;NVDA;-0.0405;16;
2021.09.01;NVDA;0.1478;1;634.00
2021.09.01;META;0.0815;2;37.00
2021.09.01;GOOG;0.0694;3;
2021.09.01;MSFT;0.0658;4;
2021.09.01;AAPL;0.0524;5;
2021.09.01;US100.cash;0.0428;6;
2021.09.01;US500.cash;0.0321;7;
2021.09.01;TSLA;0.0295;8;
2021.09.01;AMZN;0.0265;9;
2021.09.01;EU50.cash;0.0230;10;
2021.09.01;GER40.cash;0.0202;11;
2021.09.01;US30.cash;0.0162;12;
2021.09.01;UK100.cash;0.0091;13;
2021.09.01;XAUUSD;-0.0016;14;
2021.09.01;EURUSD;-0.0053;15;
2021.09.01;USOIL.cash;-0.0300;16;
2021.10.01;USOIL.cash;0.0950;1;1.78
2021.10.01;TSLA;0.0637;2;51.00
2021.10.01;UK100.cash;-0.0122;3;
2021.10.01;EURUSD;-0.0222;4;
2021.10.01;GER40.cash;-0.0365;5;
2021.10.01;US30.cash;-0.0416;6;
2021.10.01;EU50.cash;-0.0443;7;
2021.10.01;US500.cash;-0.0481;8;
2021.10.01;XAUUSD;-0.0481;9;
2021.10.01;AMZN;-0.0515;10;
2021.10.01;US100.cash;-0.0589;11;
2021.10.01;MSFT;-0.0591;12;
2021.10.01;AAPL;-0.0635;13;
2021.10.01;GOOG;-0.0783;14;
2021.10.01;NVDA;-0.0861;15;
2021.10.01;META;-0.1117;16;
2021.11.01;TSLA;0.3896;1;38.00
2021.11.01;NVDA;0.2026;2;564.00
2021.11.01;MSFT;0.1259;3;
2021.11.01;USOIL.cash;0.0919;4;
2021.11.01;US100.cash;0.0733;5;
2021.11.01;GOOG;0.0720;6;
2021.11.01;AAPL;0.0718;7;
2021.11.01;US500.cash;0.0575;8;
2021.11.01;EU50.cash;0.0520;9;
2021.11.01;AMZN;0.0513;10;
2021.11.01;US30.cash;0.0437;11;
2021.11.01;GER40.cash;0.0321;12;
2021.11.01;UK100.cash;0.0264;13;
2021.11.01;XAUUSD;0.0220;14;
2021.11.01;EURUSD;-0.0027;15;
2021.11.01;META;-0.0742;16;
2021.12.01;NVDA;0.2918;1;450.00
2021.12.01;AAPL;0.0769;2;89.00
2021.12.01;AMZN;0.0737;3;
2021.12.01;META;0.0242;4;
2021.12.01;US100.cash;0.0214;5;
2021.12.01;MSFT;0.0199;6;
2021.12.01;GOOG;0.0166;7;
2021.12.01;XAUUSD;-0.0045;8;
2021.12.01;US500.cash;-0.0052;9;
2021.12.01;EURUSD;-0.0230;10;
2021.12.01;UK100.cash;-0.0297;11;
2021.12.01;US30.cash;-0.0374;12;
2021.12.01;GER40.cash;-0.0404;13;
2021.12.01;EU50.cash;-0.0472;14;
2021.12.01;TSLA;-0.0604;15;
2021.12.01;USOIL.cash;-0.1606;16;
2022.01.03;USOIL.cash;0.1509;1;1.93
2022.01.03;META;0.1212;2;43.00
2022.01.03;AAPL;0.1006;3;
2022.01.03;TSLA;0.0535;4;
2022.01.03;US30.cash;0.0523;5;
2022.01.03;US500.cash;0.0516;6;
2022.01.03;EU50.cash;0.0510;7;
2022.01.03;MSFT;0.0495;8;
2022.01.03;GER40.cash;0.0463;9;
2022.01.03;US100.cash;0.0411;10;
2022.01.03;UK100.cash;0.0394;11;
2022.01.03;GOOG;0.0229;12;
2022.01.03;XAUUSD;0.0176;13;
2022.01.03;EURUSD;0.0061;14;
2022.01.03;AMZN;-0.0056;15;
2022.01.03;NVDA;-0.0374;16;
2022.02.01;USOIL.cash;0.1562;1;1.67
2022.02.01;UK100.cash;0.0153;2;1.44
2022.02.01;EURUSD;-0.0127;3;
2022.02.01;GER40.cash;-0.0200;4;
2022.02.01;XAUUSD;-0.0205;5;
2022.02.01;EU50.cash;-0.0251;6;
2022.02.01;US30.cash;-0.0374;7;
2022.02.01;AAPL;-0.0415;8;
2022.02.01;US500.cash;-0.0573;9;
2022.02.01;GOOG;-0.0798;10;
2022.02.01;MSFT;-0.0829;11;
2022.02.01;US100.cash;-0.0899;12;
2022.02.01;META;-0.1034;13;
2022.02.01;AMZN;-0.1370;14;
2022.02.01;TSLA;-0.1990;15;
2022.02.01;NVDA;-0.2233;16;
2022.04.01;TSLA;0.2418;1;40.00
2022.04.01;NVDA;0.1419;2;535.00
2022.04.01;META;0.0950;3;
2022.04.01;AMZN;0.0930;4;
2022.04.01;AAPL;0.0667;5;
2022.04.01;GOOG;0.0577;6;
2022.04.01;US100.cash;0.0527;7;
2022.04.01;MSFT;0.0441;8;
2022.04.01;US500.cash;0.0402;9;
2022.04.01;EU50.cash;0.0392;10;
2022.04.01;US30.cash;0.0293;11;
2022.04.01;GER40.cash;0.0292;12;
2022.04.01;UK100.cash;0.0135;13;
2022.04.01;XAUUSD;0.0034;14;
2022.04.01;EURUSD;-0.0052;15;
2022.04.01;USOIL.cash;-0.0340;16;
2022.12.01;NVDA;0.1559;1;737.00
2022.12.01;META;0.1502;2;105.00
2022.12.01;EU50.cash;0.0990;3;
2022.12.01;GER40.cash;0.0926;4;
2022.12.01;US100.cash;0.0680;5;
2022.12.01;XAUUSD;0.0625;6;
2022.12.01;UK100.cash;0.0620;7;
2022.12.01;US500.cash;0.0609;8;
2022.12.01;US30.cash;0.0596;9;
2022.12.01;GOOG;0.0544;10;
2022.12.01;EURUSD;0.0538;11;
2022.12.01;MSFT;0.0533;12;
2022.12.01;AMZN;-0.0451;13;
2022.12.01;AAPL;-0.0623;14;
2022.12.01;USOIL.cash;-0.0972;15;
2022.12.01;TSLA;-0.2063;16;
2023.02.01;TSLA;0.3524;1;72.00
2023.02.01;NVDA;0.3107;2;642.00
2023.02.01;META;0.2219;3;
2023.02.01;AMZN;0.1963;4;
2023.02.01;GOOG;0.1039;5;
2023.02.01;US100.cash;0.1011;6;
2023.02.01;AAPL;0.1009;7;
2023.02.01;EU50.cash;0.0843;8;
2023.02.01;GER40.cash;0.0783;9;
2023.02.01;US500.cash;0.0588;10;
2023.02.01;XAUUSD;0.0539;11;
2023.02.01;UK100.cash;0.0426;12;
2023.02.01;US30.cash;0.0266;13;
2023.02.01;EURUSD;0.0193;14;
2023.02.01;MSFT;0.0121;15;
2023.02.01;USOIL.cash;-0.0351;16;
2023.03.01;TSLA;0.2462;1;62.00
2023.03.01;NVDA;0.2266;2;550.00
2023.03.01;META;0.1529;3;
2023.03.01;AAPL;0.0341;4;
2023.03.01;MSFT;0.0304;5;
2023.03.01;EU50.cash;0.0240;6;
2023.03.01;GER40.cash;0.0158;7;
2023.03.01;UK100.cash;0.0121;8;
2023.03.01;US100.cash;0.0074;9;
2023.03.01;US500.cash;-0.0146;10;
2023.03.01;EURUSD;-0.0255;11;
2023.03.01;USOIL.cash;-0.0265;12;
2023.03.01;US30.cash;-0.0321;13;
2023.03.01;XAUUSD;-0.0549;14;
2023.03.01;AMZN;-0.0670;15;
2023.03.01;GOOG;-0.0800;16;
2023.04.03;NVDA;0.1466;1;480.00
2023.04.03;META;0.1222;2;63.00
2023.04.03;MSFT;0.1125;3;
2023.04.03;GOOG;0.0773;4;
2023.04.03;AMZN;0.0748;5;
2023.04.03;AAPL;0.0747;6;
2023.04.03;US100.cash;0.0715;7;
2023.04.03;XAUUSD;0.0676;8;
2023.04.03;EURUSD;0.0197;9;
2023.04.03;US500.cash;0.0156;10;
2023.04.03;EU50.cash;0.0034;11;
2023.04.03;GER40.cash;0.0013;12;
2023.04.03;US30.cash;-0.0016;13;
2023.04.03;TSLA;-0.0129;14;
2023.04.03;UK100.cash;-0.0375;15;
2023.04.03;USOIL.cash;-0.0683;16;
2023.05.01;META;0.1252;1;56.00
2023.05.01;AMZN;0.0635;2;129.00
2023.05.01;MSFT;0.0586;3;
2023.05.01;GOOG;0.0422;4;
2023.05.01;UK100.cash;0.0284;5;
2023.05.01;US30.cash;0.0226;6;
2023.05.01;AAPL;0.0209;7;
2023.05.01;EURUSD;0.0160;8;
2023.05.01;GER40.cash;0.0152;9;
2023.05.01;US500.cash;0.0144;10;
2023.05.01;EU50.cash;0.0138;11;
2023.05.01;XAUUSD;0.0095;12;
2023.05.01;US100.cash;0.0050;13;
2023.05.01;USOIL.cash;-0.0086;14;
2023.05.01;NVDA;-0.0202;15;
2023.05.01;TSLA;-0.2280;16;
2023.06.01;NVDA;0.4228;1;361.00
2023.06.01;TSLA;0.2551;2;67.00
2023.06.01;GOOG;0.1762;3;
2023.06.01;AMZN;0.1743;4;
2023.06.01;META;0.0981;5;
2023.06.01;US100.cash;0.0881;6;
2023.06.01;MSFT;0.0847;7;
2023.06.01;AAPL;0.0522;8;
2023.06.01;US500.cash;0.0155;9;
2023.06.01;GER40.cash;-0.0042;10;
2023.06.01;EU50.cash;-0.0063;11;
2023.06.01;US30.cash;-0.0236;12;
2023.06.01;XAUUSD;-0.0280;13;
2023.06.01;EURUSD;-0.0282;14;
2023.06.01;USOIL.cash;-0.0288;15;
2023.06.01;UK100.cash;-0.0429;16;
2023.07.03;TSLA;0.2035;1;56.00
2023.07.03;AAPL;0.0478;2;75.00
2023.07.03;US100.cash;0.0415;3;
2023.07.03;NVDA;0.0381;4;
2023.07.03;US500.cash;0.0379;5;
2023.07.03;META;0.0335;6;
2023.07.03;AMZN;0.0295;7;
2023.07.03;EURUSD;0.0191;8;
2023.07.03;US30.cash;0.0187;9;
2023.07.03;EU50.cash;0.0185;10;
2023.07.03;GER40.cash;0.0069;11;
2023.07.03;MSFT;-0.0010;12;
2023.07.03;UK100.cash;-0.0098;13;
2023.07.03;XAUUSD;-0.0204;14;
2023.07.03;USOIL.cash;-0.0309;15;
2023.07.03;GOOG;-0.0419;16;
2023.08.01;USOIL.cash;0.1474;1;1.81
2023.08.01;META;0.1335;2;46.00
2023.08.01;NVDA;0.1055;3;
2023.08.01;GOOG;0.0998;4;
2023.08.01;US100.cash;0.0406;5;
2023.08.01;US30.cash;0.0348;6;
2023.08.01;US500.cash;0.0334;7;
2023.08.01;UK100.cash;0.0210;8;
2023.08.01;XAUUSD;0.0209;9;
2023.08.01;TSLA;0.0185;10;
2023.08.01;GER40.cash;0.0182;11;
2023.08.01;AMZN;0.0148;12;
2023.08.01;EU50.cash;0.0133;13;
2023.08.01;AAPL;0.0105;14;
2023.08.01;EURUSD;0.0079;15;
2023.08.01;MSFT;-0.0060;16;
2023.09.01;NVDA;0.1122;1;293.00
2023.09.01;GOOG;0.0644;2;105.00
2023.09.01;AMZN;0.0535;3;
2023.09.01;USOIL.cash;0.0271;4;
2023.09.01;TSLA;0.0104;5;
2023.09.01;US100.cash;0.0099;6;
2023.09.01;XAUUSD;0.0041;7;
2023.09.01;MSFT;0.0038;8;
2023.09.01;US500.cash;0.0000;9;
2023.09.01;GER40.cash;-0.0019;10;
2023.09.01;EU50.cash;-0.0059;11;
2023.09.01;UK100.cash;-0.0076;12;
2023.09.01;EURUSD;-0.0087;13;
2023.09.01;US30.cash;-0.0151;14;
2023.09.01;AAPL;-0.0257;15;
2023.09.01;META;-0.0585;16;
2023.10.02;USOIL.cash;0.0694;1;1.50
2023.10.02;META;0.0261;2;45.00
2023.10.02;UK100.cash;0.0140;3;
2023.10.02;TSLA;0.0061;4;
2023.10.02;EURUSD;-0.0186;5;
2023.10.02;GOOG;-0.0267;6;
2023.10.02;EU50.cash;-0.0290;7;
2023.10.02;GER40.cash;-0.0311;8;
2023.10.02;US30.cash;-0.0366;9;
2023.10.02;XAUUSD;-0.0386;10;
2023.10.02;MSFT;-0.0453;11;
2023.10.02;US100.cash;-0.0476;12;
2023.10.02;US500.cash;-0.0482;13;
2023.10.02;AMZN;-0.0881;14;
2023.10.02;AAPL;-0.0990;15;
2023.10.02;NVDA;-0.1114;16;
2023.12.01;TSLA;0.1881;1;58.00
2023.12.01;NVDA;0.1372;2;298.00
2023.12.01;MSFT;0.0951;3;
2023.12.01;AAPL;0.0887;4;
2023.12.01;US100.cash;0.0853;5;
2023.12.01;GER40.cash;0.0837;6;
2023.12.01;US30.cash;0.0802;7;
2023.12.01;US500.cash;0.0767;8;
2023.12.01;GOOG;0.0692;9;
2023.12.01;AMZN;0.0680;10;
2023.12.01;META;0.0650;11;
2023.12.01;EU50.cash;0.0648;12;
2023.12.01;XAUUSD;0.0326;13;
2023.12.01;EURUSD;0.0302;14;
2023.12.01;UK100.cash;0.0137;15;
2023.12.01;USOIL.cash;-0.0455;16;
2024.01.02;META;0.1038;1;40.00
2024.01.02;TSLA;0.0617;2;57.00
2024.01.02;GOOG;0.0604;3;
2024.01.02;NVDA;0.0597;4;
2024.01.02;US100.cash;0.0514;5;
2024.01.02;AMZN;0.0438;6;
2024.01.02;US30.cash;0.0389;7;
2024.01.02;US500.cash;0.0374;8;
2024.01.02;UK100.cash;0.0263;9;
2024.01.02;EU50.cash;0.0188;10;
2024.01.02;GER40.cash;0.0160;11;
2024.01.02;EURUSD;0.0145;12;
2024.01.02;AAPL;0.0129;13;
2024.01.02;MSFT;0.0040;14;
2024.01.02;XAUUSD;-0.0030;15;
2024.01.02;USOIL.cash;-0.0352;16;
2024.02.01;NVDA;0.3033;1;221.00
2024.02.01;META;0.1552;2;34.00
2024.02.01;USOIL.cash;0.1036;3;
2024.02.01;MSFT;0.1017;4;
2024.02.01;GOOG;0.0962;5;
2024.02.01;AMZN;0.0602;6;
2024.02.01;US100.cash;0.0362;7;
2024.02.01;EU50.cash;0.0339;8;
2024.02.01;US500.cash;0.0211;9;
2024.02.01;AAPL;0.0127;10;
2024.02.01;US30.cash;0.0110;11;
2024.02.01;GER40.cash;0.0048;12;
2024.02.01;XAUUSD;-0.0110;13;
2024.02.01;EURUSD;-0.0113;14;
2024.02.01;UK100.cash;-0.0137;15;
2024.02.01;TSLA;-0.2287;16;
2024.03.01;NVDA;0.2632;1;186.00
2024.03.01;META;0.2404;2;29.00
2024.03.01;AMZN;0.1163;3;
2024.03.01;TSLA;0.0791;4;
2024.03.01;GER40.cash;0.0548;5;
2024.03.01;US100.cash;0.0512;6;
2024.03.01;US500.cash;0.0507;7;
2024.03.01;EU50.cash;0.0503;8;
2024.03.01;USOIL.cash;0.0351;9;
2024.03.01;MSFT;0.0255;10;
2024.03.01;US30.cash;0.0217;11;
2024.03.01;UK100.cash;0.0062;12;
2024.03.01;EURUSD;-0.0013;13;
2024.03.01;XAUUSD;-0.0013;14;
2024.03.01;AAPL;-0.0166;15;
2024.03.01;GOOG;-0.0305;16;
2024.04.01;GOOG;0.1009;1;98.00
2024.04.01;NVDA;0.0981;2;165.00
2024.04.01;XAUUSD;0.0534;3;
2024.04.01;EU50.cash;0.0444;4;
2024.04.01;GER40.cash;0.0441;5;
2024.04.01;UK100.cash;0.0359;6;
2024.04.01;USOIL.cash;0.0266;7;
2024.04.01;US500.cash;0.0223;8;
2024.04.01;US30.cash;0.0187;9;
2024.04.01;MSFT;0.0151;10;
2024.04.01;AMZN;0.0098;11;
2024.04.01;US100.cash;-0.0023;12;
2024.04.01;EURUSD;-0.0043;13;
2024.04.01;META;-0.0168;14;
2024.04.01;AAPL;-0.0345;15;
2024.04.01;TSLA;-0.1116;16;
2024.05.01;TSLA;0.1082;1;80.00
2024.05.01;GOOG;0.0731;2;89.00
2024.05.01;XAUUSD;0.0389;3;
2024.05.01;AAPL;0.0209;4;
2024.05.01;UK100.cash;0.0204;5;
2024.05.01;AMZN;0.0005;6;
2024.05.01;EURUSD;-0.0070;7;
2024.05.01;USOIL.cash;-0.0145;8;
2024.05.01;GER40.cash;-0.0205;9;
2024.05.01;EU50.cash;-0.0230;10;
2024.05.01;NVDA;-0.0250;11;
2024.05.01;US500.cash;-0.0405;12;
2024.05.01;US30.cash;-0.0417;13;
2024.05.01;US100.cash;-0.0486;14;
2024.05.01;MSFT;-0.0526;15;
2024.05.01;META;-0.1203;16;
2024.06.03;NVDA;0.2448;1;136.00
2024.06.03;AAPL;0.0431;2;77.00
2024.06.03;US100.cash;0.0343;3;
2024.06.03;META;0.0333;4;
2024.06.03;GER40.cash;0.0302;5;
2024.06.03;US500.cash;0.0297;6;
2024.06.03;GOOG;0.0269;7;
2024.06.03;MSFT;0.0197;8;
2024.06.03;XAUUSD;0.0168;9;
2024.06.03;EU50.cash;0.0159;10;
2024.06.03;EURUSD;0.0080;11;
2024.06.03;UK100.cash;0.0078;12;
2024.06.03;US30.cash;0.0007;13;
2024.06.03;USOIL.cash;-0.0012;14;
2024.06.03;TSLA;-0.0131;15;
2024.06.03;AMZN;-0.0375;16;
2024.07.01;NVDA;0.1307;1;123.00
2024.07.01;AMZN;0.1214;2;78.00
2024.07.01;AAPL;0.1134;3;
2024.07.01;META;0.1118;4;
2024.07.01;TSLA;0.1081;5;
2024.07.01;MSFT;0.0925;6;
2024.07.01;GOOG;0.0745;7;
2024.07.01;US100.cash;0.0650;8;
2024.07.01;USOIL.cash;0.0599;9;
2024.07.01;US500.cash;0.0354;10;
2024.07.01;US30.cash;0.0117;11;
2024.07.01;XAUUSD;-0.0009;12;
2024.07.01;EURUSD;-0.0126;13;
2024.07.01;UK100.cash;-0.0158;14;
2024.07.01;GER40.cash;-0.0170;15;
2024.07.01;EU50.cash;-0.0213;16;
2024.08.01;US30.cash;0.0403;1;0.36
2024.08.01;XAUUSD;0.0349;2;0.06
2024.08.01;UK100.cash;0.0298;3;
2024.08.01;GER40.cash;0.0187;4;
2024.08.01;EURUSD;0.0075;5;
2024.08.01;US500.cash;0.0058;6;
2024.08.01;EU50.cash;-0.0061;7;
2024.08.01;AAPL;-0.0074;8;
2024.08.01;US100.cash;-0.0279;9;
2024.08.01;TSLA;-0.0371;10;
2024.08.01;GOOG;-0.0792;11;
2024.08.01;MSFT;-0.0798;12;
2024.08.01;USOIL.cash;-0.0884;13;
2024.08.01;META;-0.0905;14;
2024.08.01;AMZN;-0.0915;15;
2024.08.01;NVDA;-0.1540;16;
2024.09.02;NVDA;0.0956;1;129.00
2024.09.02;EU50.cash;0.0712;2;2.82
2024.09.02;GER40.cash;0.0696;3;
2024.09.02;US100.cash;0.0623;4;
2024.09.02;META;0.0613;5;
2024.09.02;US500.cash;0.0586;6;
2024.09.02;US30.cash;0.0486;7;
2024.09.02;AAPL;0.0452;8;
2024.09.02;XAUUSD;0.0332;9;
2024.09.02;USOIL.cash;0.0279;10;
2024.09.02;AMZN;0.0264;11;
2024.09.02;UK100.cash;0.0254;12;
2024.09.02;MSFT;0.0138;13;
2024.09.02;EURUSD;0.0126;14;
2024.09.02;TSLA;-0.0077;15;
2024.09.02;GOOG;-0.0295;16;
2024.10.01;TSLA;0.2170;1;59.00
2024.10.01;META;0.0871;2;27.00
2024.10.01;XAUUSD;0.0604;3;
2024.10.01;AMZN;0.0558;4;
2024.10.01;MSFT;0.0266;5;
2024.10.01;US100.cash;0.0250;6;
2024.10.01;GER40.cash;0.0227;7;
2024.10.01;US500.cash;0.0198;8;
2024.10.01;US30.cash;0.0178;9;
2024.10.01;NVDA;0.0163;10;
2024.10.01;EU50.cash;0.0088;11;
2024.10.01;EURUSD;0.0078;12;
2024.10.01;GOOG;0.0019;13;
2024.10.01;AAPL;-0.0045;14;
2024.10.01;UK100.cash;-0.0181;15;
2024.10.01;USOIL.cash;-0.0661;16;
2024.11.01;NVDA;0.1730;1;114.00
2024.11.01;GOOG;0.0528;2;87.00
2024.11.01;XAUUSD;0.0485;3;
2024.11.01;AMZN;0.0435;4;
2024.11.01;MSFT;0.0388;5;
2024.11.01;META;0.0347;6;
2024.11.01;TSLA;0.0339;7;
2024.11.01;AAPL;0.0146;8;
2024.11.01;US100.cash;0.0029;9;
2024.11.01;US500.cash;-0.0024;10;
2024.11.01;GER40.cash;-0.0052;11;
2024.11.01;US30.cash;-0.0110;12;
2024.11.01;EURUSD;-0.0149;13;
2024.11.01;UK100.cash;-0.0191;14;
2024.11.01;EU50.cash;-0.0274;15;
2024.11.01;USOIL.cash;-0.0283;16;
2024.12.02;TSLA;0.3361;1;42.00
2024.12.02;US30.cash;0.0690;2;0.32
2024.12.02;AAPL;0.0543;3;
2024.12.02;US500.cash;0.0533;4;
2024.12.02;US100.cash;0.0442;5;
2024.12.02;AMZN;0.0419;6;
2024.12.02;MSFT;0.0313;7;
2024.12.02;GER40.cash;0.0226;8;
2024.12.02;UK100.cash;0.0149;9;
2024.12.02;META;0.0040;10;
2024.12.02;NVDA;0.0001;11;
2024.12.02;GOOG;-0.0100;12;
2024.12.02;USOIL.cash;-0.0103;13;
2024.12.02;EU50.cash;-0.0133;14;
2024.12.02;EURUSD;-0.0237;15;
2024.12.02;XAUUSD;-0.0354;16;
2025.01.02;TSLA;0.1896;1;35.00
2025.01.02;GOOG;0.1138;2;76.00
2025.01.02;AAPL;0.0391;3;
2025.01.02;AMZN;0.0384;4;
2025.01.02;USOIL.cash;0.0189;5;
2025.01.02;EU50.cash;0.0013;6;
2025.01.02;GER40.cash;-0.0051;7;
2025.01.02;US100.cash;-0.0121;8;
2025.01.02;XAUUSD;-0.0141;9;
2025.01.02;MSFT;-0.0142;10;
2025.01.02;EURUSD;-0.0147;11;
2025.01.02;NVDA;-0.0200;12;
2025.01.02;US500.cash;-0.0284;13;
2025.01.02;UK100.cash;-0.0305;14;
2025.01.02;META;-0.0365;15;
2025.01.02;US30.cash;-0.0511;16;
2025.02.03;META;0.1355;1;21.00
2025.02.03;GER40.cash;0.0871;2;0.66
2025.02.03;EU50.cash;0.0834;3;
2025.02.03;XAUUSD;0.0584;4;
2025.02.03;UK100.cash;0.0510;5;
2025.02.03;GOOG;0.0498;6;
2025.02.03;AMZN;0.0465;7;
2025.02.03;US30.cash;0.0437;8;
2025.02.03;US500.cash;0.0169;9;
2025.02.03;US100.cash;0.0076;10;
2025.02.03;EURUSD;0.0049;11;
2025.02.03;USOIL.cash;-0.0045;12;
2025.02.03;MSFT;-0.0196;13;
2025.02.03;AAPL;-0.0239;14;
2025.02.03;TSLA;-0.0249;15;
2025.02.03;NVDA;-0.1387;16;
2025.03.03;GER40.cash;0.0387;1;0.62
2025.03.03;EU50.cash;0.0335;2;2.57
2025.03.03;XAUUSD;0.0274;3;
2025.03.03;UK100.cash;0.0211;4;
2025.03.03;AAPL;0.0069;5;
2025.03.03;EURUSD;0.0016;6;
2025.03.03;NVDA;0.0013;7;
2025.03.03;US500.cash;-0.0151;8;
2025.03.03;US30.cash;-0.0172;9;
2025.03.03;US100.cash;-0.0280;10;
2025.03.03;META;-0.0449;11;
2025.03.03;MSFT;-0.0542;12;
2025.03.03;USOIL.cash;-0.0585;13;
2025.03.03;AMZN;-0.1210;14;
2025.03.03;GOOG;-0.1715;15;
2025.03.03;TSLA;-0.3022;16;
2025.06.02;TSLA;0.2475;1;45.00
2025.06.02;NVDA;0.2152;2;117.00
2025.06.02;AMZN;0.0821;3;
2025.06.02;META;0.0800;4;
2025.06.02;US100.cash;0.0610;5;
2025.06.02;MSFT;0.0532;6;
2025.06.02;USOIL.cash;0.0432;7;
2025.06.02;GOOG;0.0425;8;
2025.06.02;GER40.cash;0.0401;9;
2025.06.02;US500.cash;0.0380;10;
2025.06.02;XAUUSD;0.0244;11;
2025.06.02;US30.cash;0.0215;12;
2025.06.02;UK100.cash;0.0195;13;
2025.06.02;EU50.cash;0.0128;14;
2025.06.02;EURUSD;0.0043;15;
2025.06.02;AAPL;-0.0268;16;
2025.07.01;NVDA;0.1685;1;105.00
2025.07.01;META;0.1329;2;22.00
2025.07.01;AMZN;0.0895;3;
2025.07.01;USOIL.cash;0.0825;4;
2025.07.01;MSFT;0.0783;5;
2025.07.01;US100.cash;0.0633;6;
2025.07.01;US500.cash;0.0503;7;
2025.07.01;US30.cash;0.0438;8;
2025.07.01;EURUSD;0.0383;9;
2025.07.01;GOOG;0.0317;10;
2025.07.01;AAPL;0.0009;11;
2025.07.01;UK100.cash;-0.0042;12;
2025.07.01;GER40.cash;-0.0046;13;
2025.07.01;XAUUSD;-0.0052;14;
2025.07.01;EU50.cash;-0.0066;15;
2025.07.01;TSLA;-0.0641;16;
2025.08.01;NVDA;0.1394;1;92.00
2025.08.01;GOOG;0.0979;2;84.00
2025.08.01;AMZN;0.0463;3;
2025.08.01;MSFT;0.0445;4;
2025.08.01;USOIL.cash;0.0423;5;
2025.08.01;UK100.cash;0.0367;6;
2025.08.01;US100.cash;0.0254;7;
2025.08.01;US500.cash;0.0182;8;
2025.08.01;EU50.cash;0.0143;9;
2025.08.01;TSLA;0.0116;10;
2025.08.01;GER40.cash;0.0090;11;
2025.08.01;US30.cash;-0.0081;12;
2025.08.01;AAPL;-0.0165;13;
2025.08.01;XAUUSD;-0.0242;14;
2025.08.01;META;-0.0259;15;
2025.08.01;EURUSD;-0.0323;16;
2025.09.01;AAPL;0.1497;1;72.00
2025.09.01;TSLA;0.1430;2;50.00
2025.09.01;GOOG;0.1184;3;
2025.09.01;AMZN;0.0783;4;
2025.09.01;US30.cash;0.0453;5;
2025.09.01;EU50.cash;0.0435;6;
2025.09.01;NVDA;0.0381;7;
2025.09.01;US500.cash;0.0361;8;
2025.09.01;US100.cash;0.0286;9;
2025.09.01;GER40.cash;0.0201;10;
2025.09.01;XAUUSD;0.0162;11;
2025.09.01;UK100.cash;0.0106;12;
2025.09.01;EURUSD;0.0079;13;
2025.09.01;META;0.0010;14;
2025.09.01;MSFT;-0.0271;15;
2025.09.01;USOIL.cash;-0.0427;16;
2025.10.01;TSLA;0.3278;1;40.00
2025.10.01;GOOG;0.1446;2;73.00
2025.10.01;XAUUSD;0.1023;3;
2025.10.01;AAPL;0.0962;4;
2025.10.01;US100.cash;0.0497;5;
2025.10.01;NVDA;0.0448;6;
2025.10.01;US500.cash;0.0311;7;
2025.10.01;EU50.cash;0.0264;8;
2025.10.01;UK100.cash;0.0176;9;
2025.10.01;US30.cash;0.0160;10;
2025.10.01;MSFT;0.0155;11;
2025.10.01;META;0.0068;12;
2025.10.01;EURUSD;0.0019;13;
2025.10.01;GER40.cash;-0.0060;14;
2025.10.01;USOIL.cash;-0.0266;15;
2025.10.01;AMZN;-0.0288;16;
2025.11.03;GOOG;0.1452;1;64.00
2025.11.03;NVDA;0.0830;2;89.00
2025.11.03;AAPL;0.0529;3;
2025.11.03;US100.cash;0.0433;4;
2025.11.03;XAUUSD;0.0360;5;
2025.11.03;UK100.cash;0.0267;6;
2025.11.03;TSLA;0.0243;7;
2025.11.03;US500.cash;0.0189;8;
2025.11.03;US30.cash;0.0169;9;
2025.11.03;MSFT;0.0163;10;
2025.11.03;AMZN;0.0163;11;
2025.11.03;EU50.cash;0.0076;12;
2025.11.03;USOIL.cash;-0.0065;13;
2025.11.03;GER40.cash;-0.0162;14;
2025.11.03;EURUSD;-0.0174;15;
2025.11.03;META;-0.0614;16;
2025.12.01;GOOG;0.1368;1;56.00
2025.12.01;XAUUSD;0.0386;2;0.04
2025.12.01;AAPL;0.0258;3;
2025.12.01;EURUSD;0.0053;4;
2025.12.01;US30.cash;0.0029;5;
2025.12.01;US500.cash;0.0006;6;
2025.12.01;EU50.cash;-0.0013;7;
2025.12.01;UK100.cash;-0.0026;8;
2025.12.01;GER40.cash;-0.0061;9;
2025.12.01;US100.cash;-0.0163;10;
2025.12.01;META;-0.0231;11;
2025.12.01;USOIL.cash;-0.0318;12;
2025.12.01;MSFT;-0.0626;13;
2025.12.01;AMZN;-0.0627;14;
2025.12.01;TSLA;-0.0657;15;
2025.12.01;NVDA;-0.1111;16;
2026.01.02;NVDA;0.0441;1;98.00
2026.01.02;META;0.0410;2;27.00
2026.01.02;XAUUSD;0.0334;3;
2026.01.02;GER40.cash;0.0250;4;
2026.01.02;UK100.cash;0.0247;5;
2026.01.02;MSFT;0.0196;6;
2026.01.02;TSLA;0.0170;7;
2026.01.02;EU50.cash;0.0068;8;
2026.01.02;EURUSD;0.0064;9;
2026.01.02;US30.cash;0.0021;10;
2026.01.02;AMZN;0.0006;11;
2026.01.02;US500.cash;-0.0007;12;
2026.01.02;US100.cash;-0.0142;13;
2026.01.02;GOOG;-0.0192;14;
2026.01.02;USOIL.cash;-0.0199;15;
2026.01.02;AAPL;-0.0396;16;
2026.02.02;XAUUSD;0.2456;1;0.03
2026.02.02;USOIL.cash;0.1424;2;2.85
2026.02.02;META;0.1361;3;
2026.02.02;GOOG;0.0739;4;
2026.02.02;AMZN;0.0677;5;
2026.02.02;UK100.cash;0.0230;6;
2026.02.02;NVDA;0.0199;7;
2026.02.02;EU50.cash;0.0132;8;
2026.02.02;US100.cash;0.0125;9;
2026.02.02;EURUSD;0.0111;10;
2026.02.02;US500.cash;0.0111;11;
2026.02.02;US30.cash;0.0103;12;
2026.02.02;GER40.cash;-0.0003;13;
2026.02.02;AAPL;-0.0468;14;
2026.02.02;TSLA;-0.0488;15;
2026.02.02;MSFT;-0.0838;16;
2026.03.02;XAUUSD;0.0665;1;0.03
2026.03.02;UK100.cash;0.0632;2;1.30
2026.03.02;AAPL;0.0521;3;
2026.03.02;EU50.cash;0.0397;4;
2026.03.02;GER40.cash;0.0267;5;
2026.03.02;US30.cash;0.0007;6;
2026.03.02;EURUSD;-0.0033;7;
2026.03.02;USOIL.cash;-0.0035;8;
2026.03.02;US500.cash;-0.0098;9;
2026.03.02;US100.cash;-0.0240;10;
2026.03.02;NVDA;-0.0326;11;
2026.03.02;TSLA;-0.0516;12;
2026.03.02;MSFT;-0.0662;13;
2026.03.02;META;-0.0833;14;
2026.03.02;GOOG;-0.0929;15;
2026.03.02;AMZN;-0.1312;16;
2026.05.01;AMZN;0.2504;1;69.00
2026.05.01;NVDA;0.1901;2;92.00
2026.05.01;GOOG;0.1788;3;
2026.05.01;META;0.1562;4;
2026.05.01;MSFT;0.1496;5;
2026.05.01;US100.cash;0.1438;6;
2026.05.01;USOIL.cash;0.1081;7;
2026.05.01;US500.cash;0.0971;8;
2026.05.01;US30.cash;0.0674;9;
2026.05.01;AAPL;0.0572;10;
2026.05.01;GER40.cash;0.0213;11;
2026.05.01;EURUSD;0.0123;12;
2026.05.01;EU50.cash;0.0101;13;
2026.05.01;UK100.cash;-0.0058;14;
2026.05.01;TSLA;-0.0219;15;
2026.05.01;XAUUSD;-0.0463;16;
2026.06.01;TSLA;0.1308;1;42.00
2026.06.01;AAPL;0.1152;2;59.00
2026.06.01;US100.cash;0.0960;3;
2026.06.01;NVDA;0.0795;4;
2026.06.01;US500.cash;0.0494;5;
2026.06.01;META;0.0426;6;
2026.06.01;US30.cash;0.0309;7;
2026.06.01;GER40.cash;0.0306;8;
2026.06.01;MSFT;0.0300;9;
2026.06.01;EU50.cash;0.0278;10;
2026.06.01;AMZN;0.0207;11;
2026.06.01;GOOG;0.0072;12;
2026.06.01;UK100.cash;-0.0007;13;
2026.06.01;EURUSD;-0.0052;14;
2026.06.01;XAUUSD;-0.0254;15;
2026.06.01;USOIL.cash;-0.1209;16;
2026.07.01;EU50.cash;0.0356;1;2.46
2026.07.01;US30.cash;0.0219;2;0.34
2026.07.01;UK100.cash;0.0172;3;
2026.07.01;GER40.cash;-0.0033;4;
2026.07.01;TSLA;-0.0086;5;
2026.07.01;US100.cash;-0.0089;6;
2026.07.01;US500.cash;-0.0159;7;
2026.07.01;EURUSD;-0.0180;8;
2026.07.01;GOOG;-0.0572;9;
2026.07.01;META;-0.0636;10;
2026.07.01;AAPL;-0.0801;11;
2026.07.01;AMZN;-0.0808;12;
2026.07.01;XAUUSD;-0.1047;13;
2026.07.01;NVDA;-0.1304;14;
2026.07.01;MSFT;-0.1989;15;
2026.07.01;USOIL.cash;-0.2483;16;
2026.08.03;USOIL.cash;0.2192;1;2.13
2026.08.03;MSFT;0.1572;2;39.00
2026.08.03;AAPL;0.0821;3;
2026.08.03;UK100.cash;0.0219;4;
2026.08.03;EURUSD;0.0091;5;
2026.08.03;NVDA;0.0026;6;
2026.08.03;US500.cash;-0.0017;7;
2026.08.03;GER40.cash;-0.0030;8;
2026.08.03;US30.cash;-0.0064;9;
2026.08.03;EU50.cash;-0.0076;10;
2026.08.03;XAUUSD;-0.0179;11;
2026.08.03;AMZN;-0.0278;12;
2026.08.03;US100.cash;-0.0471;13;
2026.08.03;GOOG;-0.0632;14;
2026.08.03;META;-0.0745;15;
2026.08.03;TSLA;-0.2152;16;
2026.09.01;TSLA;0.1196;1;50.00
2026.09.01;MSFT;0.1049;2;36.00
2026.09.01;XAUUSD;0.1007;3;
2026.09.01;NVDA;0.0821;4;
2026.09.01;US100.cash;0.0423;5;
2026.09.01;META;0.0389;6;
2026.09.01;AAPL;0.0305;7;
2026.09.01;US500.cash;0.0266;8;
2026.09.01;GER40.cash;0.0189;9;
2026.09.01;EU50.cash;0.0177;10;
2026.09.01;US30.cash;0.0141;11;
2026.09.01;EURUSD;0.0067;12;
2026.09.01;UK100.cash;-0.0075;13;
2026.09.01;USOIL.cash;-0.0123;14;
2026.09.01;AMZN;-0.0177;15;
2026.09.01;GOOG;-0.0384;16;
